SPX Index,,
Date,PX_LAST,12MO_PUT_IMP_VOL
1/3/2005,1202.08,14.96
1/4/2005,1188.05,15.05
1/5/2005,1183.74,15.06
1/6/2005,1187.89,14.72
1/7/2005,1186.19,14.58
1/10/2005,1190.25,14.33
1/11/2005,1182.99,14.36
1/12/2005,1187.7,14.08
1/13/2005,1177.45,14.2
1/14/2005,1184.52,14
1/18/2005,1195.98,13.69
1/19/2005,1184.63,14.07
1/20/2005,1175.41,14.32
1/21/2005,1167.87,14.43
1/24/2005,1163.75,14.49
1/25/2005,1168.41,14.23
1/26/2005,1174.07,13.91
1/27/2005,1174.55,13.56
1/28/2005,1171.36,13.6
1/31/2005,1181.27,13.17
2/1/2005,1189.41,12.95
2/2/2005,1193.19,12.71
2/3/2005,1189.89,12.69
2/4/2005,1203.03,12.35
2/7/2005,1201.72,12.4
2/8/2005,1202.3,12.23
2/9/2005,1191.99,12.44
2/10/2005,1197.01,12.16
2/11/2005,1205.3,12.03
2/14/2005,1206.14,12.06
2/15/2005,1210.12,11.81
2/16/2005,1210.34,11.84
2/17/2005,1200.75,12.17
2/18/2005,1201.59,12.18
2/22/2005,1184.16,12.98
2/23/2005,1190.8,12.96
2/24/2005,1200.2,12.7
2/25/2005,1211.37,12.47
2/28/2005,1203.6,12.75
3/1/2005,1210.41,12.79
3/2/2005,1210.08,12.98
3/3/2005,1210.47,13.11
3/4/2005,1222.12,12.75
3/7/2005,1225.31,12.73
3/8/2005,1219.43,12.8
3/9/2005,1207.01,13.08
3/10/2005,1209.25,13.16
3/11/2005,1200.08,13.37
3/14/2005,1206.83,13.33
3/15/2005,1197.75,13.48
3/16/2005,1188.07,13.83
3/17/2005,1190.21,13.99
3/18/2005,1189.65,14.06
3/21/2005,1183.78,14.18
3/22/2005,1171.71,14.39
3/23/2005,1172.53,14.58
3/24/2005,1171.42,14.41
3/28/2005,1174.28,14.32
3/29/2005,1165.36,14.72
3/30/2005,1181.41,14.36
3/31/2005,1180.59,14.36
4/1/2005,1172.92,14.61
4/4/2005,1176.12,14.66
4/5/2005,1181.39,14.55
4/6/2005,1184.07,14.38
4/7/2005,1191.14,14.19
4/8/2005,1181.2,14.28
4/11/2005,1181.21,14.33
4/12/2005,1187.76,14.05
4/13/2005,1173.79,14.53
4/14/2005,1162.05,15.07
4/15/2005,1142.62,16.09
4/18/2005,1145.98,16.01
4/19/2005,1152.78,15.52
4/20/2005,1137.5,16.29
4/21/2005,1159.95,15.55
4/22/2005,1152.12,16.03
4/25/2005,1162.1,15.62
4/26/2005,1151.74,15.69
4/27/2005,1156.38,15.67
4/28/2005,1143.22,16.3
4/29/2005,1156.85,15.98
5/2/2005,1162.16,15.83
5/3/2005,1161.17,15.85
5/4/2005,1175.65,15.43
5/5/2005,1172.63,15.09
5/6/2005,1171.35,15.1
5/9/2005,1178.84,14.82
5/10/2005,1166.22,15.38
5/11/2005,1171.11,15.4
5/12/2005,1159.36,16.12
5/13/2005,1154.05,16.43
5/16/2005,1165.69,15.89
5/17/2005,1173.8,15.62
5/18/2005,1185.56,15.06
5/19/2005,1191.08,14.67
5/20/2005,1189.28,14.54
5/23/2005,1193.86,14.32
5/24/2005,1194.07,14.27
5/25/2005,1190.01,14.36
5/26/2005,1197.62,14.22
5/27/2005,1198.78,14.32
5/31/2005,1191.5,14.72
6/1/2005,1202.27,14.43
6/2/2005,1204.29,14.29
6/3/2005,1196.02,14.52
6/6/2005,1197.51,14.53
6/7/2005,1197.26,14.57
6/8/2005,1194.67,14.64
6/9/2005,1200.93,14.46
6/10/2005,1198.11,14.57
6/13/2005,1200.82,14.3
6/14/2005,1203.91,14.33
6/15/2005,1206.58,14.25
6/16/2005,1210.96,14.06
6/17/2005,1216.96,14
6/20/2005,1216.1,14.05
6/21/2005,1213.61,13.9
6/22/2005,1213.88,13.68
6/23/2005,1200.73,14.12
6/24/2005,1191.57,14.41
6/27/2005,1190.69,14.44
6/28/2005,1201.57,14.14
6/29/2005,1199.85,14.16
6/30/2005,1191.33,14.41
7/1/2005,1194.44,14.27
7/5/2005,1204.99,13.89
7/6/2005,1194.94,14.19
7/7/2005,1197.87,14.18
7/8/2005,1211.86,13.73
7/11/2005,1219.44,13.68
7/12/2005,1222.21,13.79
7/13/2005,1223.29,13.6
7/14/2005,1226.5,13.47
7/15/2005,1227.92,13.4
7/18/2005,1221.13,13.64
7/19/2005,1229.35,13.45
7/20/2005,1235.2,13.29
7/21/2005,1227.04,13.68
7/22/2005,1233.68,13.44
7/25/2005,1229.03,13.68
7/26/2005,1231.16,13.63
7/27/2005,1236.79,13.49
7/28/2005,1243.72,13.37
7/29/2005,1234.18,13.9
8/1/2005,1235.35,14.09
8/2/2005,1244.12,13.88
8/3/2005,1245.04,13.87
8/4/2005,1235.86,14.18
8/5/2005,1226.42,14.5
8/8/2005,1223.13,14.72
8/9/2005,1231.38,14.33
8/10/2005,1229.13,14.4
8/11/2005,1237.81,14.26
8/12/2005,1230.39,14.43
8/15/2005,1233.87,14.25
8/16/2005,1219.34,14.63
8/17/2005,1220.24,14.57
8/18/2005,1219.02,14.65
8/19/2005,1219.71,14.57
8/22/2005,1221.73,14.45
8/23/2005,1217.57,14.47
8/24/2005,1209.59,14.66
8/25/2005,1212.4,14.67
8/26/2005,1205.1,14.83
8/29/2005,1212.28,14.8
8/30/2005,1208.41,14.85
8/31/2005,1220.33,14.61
9/1/2005,1221.59,14.78
9/2/2005,1218.02,14.93
9/6/2005,1233.39,14.67
9/7/2005,1236.36,14.48
9/8/2005,1231.67,14.64
9/9/2005,1241.48,14.35
9/12/2005,1240.56,14.4
9/13/2005,1231.2,14.67
9/14/2005,1227.16,14.86
9/15/2005,1227.73,14.81
9/16/2005,1237.91,14.43
9/19/2005,1231.02,14.71
9/20/2005,1221.34,14.92
9/21/2005,1210.2,15.32
9/22/2005,1214.62,15.07
9/23/2005,1215.29,14.99
9/26/2005,1215.63,14.93
9/27/2005,1215.66,14.85
9/28/2005,1216.89,14.74
9/29/2005,1227.68,14.51
9/30/2005,1228.81,14.49
10/3/2005,1226.7,14.58
10/4/2005,1214.47,14.9
10/5/2005,1196.39,15.42
10/6/2005,1191.49,15.58
10/7/2005,1195.9,15.4
10/10/2005,1187.33,15.69
10/11/2005,1184.87,15.76
10/12/2005,1177.68,16.05
10/13/2005,1176.84,16.17
10/14/2005,1186.57,15.7
10/17/2005,1190.1,15.63
10/18/2005,1178.14,15.9
10/19/2005,1195.76,15.45
10/20/2005,1177.8,16.19
10/21/2005,1179.59,16.06
10/24/2005,1199.38,15.46
10/25/2005,1196.54,15.44
10/26/2005,1191.38,15.51
10/27/2005,1178.9,15.99
10/28/2005,1198.41,15.48
10/31/2005,1207.01,15.35
11/1/2005,1202.76,15.43
11/2/2005,1214.76,15.11
11/3/2005,1219.94,14.76
11/4/2005,1220.14,14.79
11/7/2005,1222.81,14.69
11/8/2005,1218.59,14.71
11/9/2005,1220.65,14.66
11/10/2005,1230.96,14.28
11/11/2005,1234.72,14.17
11/14/2005,1233.76,14.16
11/15/2005,1229.01,14.34
11/16/2005,1231.21,14.26
11/17/2005,1242.8,13.95
11/18/2005,1248.27,13.93
11/21/2005,1254.85,13.5
11/22/2005,1261.23,13.52
11/23/2005,1265.61,13.7
11/25/2005,1268.25,13.77
11/28/2005,1257.46,14.15
11/29/2005,1257.48,14.18
11/30/2005,1249.48,14.38
12/1/2005,1264.67,13.91
12/2/2005,1265.08,13.83
12/5/2005,1262.09,14.03
12/6/2005,1263.7,13.9
12/7/2005,1257.37,14.11
12/8/2005,1255.84,14.18
12/9/2005,1259.37,14.09
12/12/2005,1260.43,14.12
12/13/2005,1267.43,13.99
12/14/2005,1272.74,13.99
12/15/2005,1270.94,13.98
12/16/2005,1267.32,14.09
12/19/2005,1259.92,14.28
12/20/2005,1259.62,14.23
12/21/2005,1262.79,14.11
12/22/2005,1268.12,13.87
12/23/2005,1268.66,13.88
12/27/2005,1256.54,14.21
12/28/2005,1258.17,14.17
12/29/2005,1254.42,14.17
12/30/2005,1248.29,14.3
1/3/2006,1268.8,13.85
1/4/2006,1273.46,13.79
1/5/2006,1273.48,13.81
1/6/2006,1285.45,13.56
1/9/2006,1290.15,13.52
1/10/2006,1289.69,13.53
1/11/2006,1294.18,13.54
1/12/2006,1286.06,13.65
1/13/2006,1287.61,13.62
1/17/2006,1282.93,13.8
1/18/2006,1277.93,13.92
1/19/2006,1285.04,13.78
1/20/2006,1261.49,14.51
1/23/2006,1263.82,14.44
1/24/2006,1266.86,14.09
1/25/2006,1264.68,14.02
1/26/2006,1273.83,13.85
1/27/2006,1283.72,13.62
1/30/2006,1285.2,13.62
1/31/2006,1280.08,13.79
2/1/2006,1282.46,13.69
2/2/2006,1270.84,13.99
2/3/2006,1264.03,13.95
2/6/2006,1265.02,13.97
2/7/2006,1254.78,14.27
2/8/2006,1265.65,14.01
2/9/2006,1263.78,14.06
2/10/2006,1266.99,13.9
2/13/2006,1262.86,14.09
2/14/2006,1275.53,13.87
2/15/2006,1280,13.82
2/16/2006,1289.38,13.49
2/17/2006,1287.24,13.52
2/21/2006,1283.03,13.58
2/22/2006,1292.67,13.36
2/23/2006,1287.79,13.45
2/24/2006,1289.43,13.39
2/27/2006,1294.12,13.38
2/28/2006,1280.66,13.69
3/1/2006,1291.24,13.48
3/2/2006,1289.14,13.56
3/3/2006,1287.23,13.61
3/6/2006,1278.26,13.87
3/7/2006,1275.88,14.05
3/8/2006,1278.47,14
3/9/2006,1272.23,14.12
3/10/2006,1281.58,13.9
3/13/2006,1284.13,13.78
3/14/2006,1297.48,13.5
3/15/2006,1303.02,13.38
3/16/2006,1305.33,13.29
3/17/2006,1307.25,13.34
3/20/2006,1305.08,13.41
3/21/2006,1297.23,13.45
3/22/2006,1305.04,13.26
3/23/2006,1301.67,13.26
3/24/2006,1302.95,13.19
3/27/2006,1301.61,13.2
3/28/2006,1293.23,13.3
3/29/2006,1302.89,13
3/30/2006,1300.25,13.15
3/31/2006,1294.83,13.2
4/3/2006,1297.81,13.13
4/4/2006,1305.93,12.88
4/5/2006,1311.56,12.8
4/6/2006,1309.04,12.73
4/7/2006,1295.5,12.97
4/10/2006,1296.6,13.05
4/11/2006,1286.57,13.42
4/12/2006,1288.12,13.33
4/13/2006,1289.12,13.32
4/17/2006,1285.33,13.44
4/18/2006,1307.65,13.03
4/19/2006,1309.93,12.93
4/20/2006,1311.46,12.92
4/21/2006,1311.28,12.97
4/24/2006,1308.11,13
4/25/2006,1301.74,13.08
4/26/2006,1305.41,13.14
4/27/2006,1309.72,13.13
4/28/2006,1310.61,13.17
5/1/2006,1305.19,13.37
5/2/2006,1313.21,13.3
5/3/2006,1307.85,13.25
5/4/2006,1312.25,13.16
5/5/2006,1325.76,13
5/8/2006,1324.66,13.07
5/9/2006,1325.14,12.98
5/10/2006,1322.85,12.96
5/11/2006,1305.92,13.23
5/12/2006,1291.24,13.62
5/15/2006,1294.5,13.41
5/16/2006,1292.08,13.34
5/17/2006,1270.32,14.22
5/18/2006,1261.81,14.57
5/19/2006,1267.03,14.5
5/22/2006,1262.07,14.67
5/23/2006,1256.58,14.72
5/24/2006,1258.57,14.85
5/25/2006,1272.88,14.47
5/26/2006,1280.16,14.29
5/30/2006,1259.84,15.59
5/31/2006,1270.09,15.24
6/1/2006,1285.71,14.69
6/2/2006,1288.22,14.71
6/5/2006,1265.29,15.37
6/6/2006,1263.85,15.65
6/7/2006,1256.15,16
6/8/2006,1257.93,15.99
6/9/2006,1252.3,16.07
6/12/2006,1236.4,16.74
6/13/2006,1223.69,17.43
6/14/2006,1230.04,17.07
6/15/2006,1256.16,15.2
6/16/2006,1251.54,15.54
6/19/2006,1240.14,15.85
6/20/2006,1240.12,15.61
6/21/2006,1252.2,14.78
6/22/2006,1245.6,15.1
6/23/2006,1244.5,15.11
6/26/2006,1250.56,14.78
6/27/2006,1239.2,15.25
6/28/2006,1246,15.25
6/29/2006,1272.87,14.28
6/30/2006,1270.2,14.48
7/3/2006,1280.19,14.37
7/5/2006,1270.91,14.84
7/6/2006,1274.08,14.74
7/7/2006,1265.48,15.21
7/10/2006,1267.34,15.11
7/11/2006,1272.52,14.93
7/12/2006,1258.6,15.38
7/13/2006,1242.29,16.3
7/14/2006,1236.2,16.56
7/17/2006,1234.49,16.47
7/18/2006,1236.86,16.24
7/19/2006,1259.81,15.16
7/20/2006,1249.13,15.57
7/21/2006,1240.29,15.81
7/24/2006,1260.91,15.02
7/25/2006,1268.88,14.84
7/26/2006,1268.4,14.88
7/27/2006,1263.2,15.16
7/28/2006,1278.55,14.9
7/31/2006,1276.66,15.04
8/1/2006,1270.92,15.19
8/2/2006,1278.55,15.08
8/3/2006,1280.27,15.13
8/4/2006,1279.36,15.05
8/7/2006,1275.77,15.32
8/8/2006,1271.48,15.33
8/9/2006,1265.95,15.42
8/10/2006,1271.81,15.18
8/11/2006,1266.74,15.32
8/14/2006,1268.21,15.32
8/15/2006,1285.58,15.02
8/16/2006,1295.43,14.56
8/17/2006,1297.48,14.43
8/18/2006,1302.3,14.19
8/21/2006,1297.52,14.39
8/22/2006,1298.82,14.36
8/23/2006,1292.99,14.44
8/24/2006,1296.06,14.39
8/25/2006,1295.09,14.36
8/28/2006,1301.78,14.18
8/29/2006,1304.28,14.11
8/30/2006,1304.27,14.03
8/31/2006,1303.82,14.02
9/1/2006,1311.01,13.91
9/5/2006,1313.25,13.96
9/6/2006,1300.26,14.46
9/7/2006,1294.02,14.55
9/8/2006,1298.92,14.3
9/11/2006,1299.54,14.35
9/12/2006,1313.11,14.01
9/13/2006,1318.07,13.85
9/14/2006,1316.28,14.03
9/15/2006,1319.87,13.85
9/18/2006,1321.18,13.97
9/19/2006,1318.31,14.16
9/20/2006,1325.18,13.91
9/21/2006,1318.03,14.17
9/22/2006,1314.78,14.16
9/25/2006,1326.37,13.94
9/26/2006,1336.34,13.69
9/27/2006,1336.59,13.73
9/28/2006,1339.15,13.83
9/29/2006,1335.85,13.95
10/2/2006,1331.32,14.04
10/3/2006,1334.11,14
10/4/2006,1350.22,13.83
10/5/2006,1353.22,13.82
10/6/2006,1349.58,13.79
10/9/2006,1350.66,13.76
10/10/2006,1353.42,13.78
10/11/2006,1349.95,13.9
10/12/2006,1362.83,13.57
10/13/2006,1365.62,13.46
10/16/2006,1369.05,13.51
10/17/2006,1364.05,13.72
10/18/2006,1365.96,13.65
10/19/2006,1366.96,13.56
10/20/2006,1368.6,13.26
10/23/2006,1377.02,13.21
10/24/2006,1377.38,13.16
10/25/2006,1382.22,12.93
10/26/2006,1389.08,12.71
10/27/2006,1377.34,12.88
10/30/2006,1377.93,12.9
10/31/2006,1377.94,12.88
11/1/2006,1367.81,13.12
11/2/2006,1367.34,13.14
11/3/2006,1364.3,13.18
11/6/2006,1379.78,12.93
11/7/2006,1382.84,12.8
11/8/2006,1385.72,12.64
11/9/2006,1378.33,12.77
11/10/2006,1380.9,12.73
11/13/2006,1384.42,12.75
11/14/2006,1393.22,12.63
11/15/2006,1396.57,12.54
11/16/2006,1399.76,12.56
11/17/2006,1401.2,12.55
11/20/2006,1400.5,12.6
11/21/2006,1402.81,12.78
11/22/2006,1406.09,13.02
11/24/2006,1400.95,13.31
11/27/2006,1381.9,13.84
11/28/2006,1386.72,13.64
11/29/2006,1399.48,13.15
11/30/2006,1400.63,13.17
12/1/2006,1396.71,13.38
12/4/2006,1409.12,13.18
12/5/2006,1414.76,13.2
12/6/2006,1412.9,13.24
12/7/2006,1407.29,13.64
12/8/2006,1409.84,13.53
12/11/2006,1413.04,13.48
12/12/2006,1411.56,13.52
12/13/2006,1413.21,13.51
12/14/2006,1425.49,13.38
12/15/2006,1427.09,13.51
12/18/2006,1422.48,13.96
12/19/2006,1425.55,13.53
12/20/2006,1423.53,13.58
12/21/2006,1418.3,13.68
12/22/2006,1410.76,13.93
12/26/2006,1416.9,13.84
12/27/2006,1426.84,13.76
12/28/2006,1424.73,13.86
12/29/2006,1418.3,14.01
1/3/2007,1416.6,14
1/4/2007,1418.34,13.92
1/5/2007,1409.71,14.06
1/8/2007,1412.84,14
1/9/2007,1412.11,13.98
1/10/2007,1414.85,13.81
1/11/2007,1423.82,13.58
1/12/2007,1430.73,13.35
1/16/2007,1431.9,13.29
1/17/2007,1430.62,13.26
1/18/2007,1426.37,13.3
1/19/2007,1430.5,13.09
1/22/2007,1422.95,13.24
1/23/2007,1427.99,13
1/24/2007,1440.13,12.77
1/25/2007,1423.9,13.09
1/26/2007,1422.18,13.05
1/29/2007,1420.62,13.11
1/30/2007,1428.82,12.91
1/31/2007,1438.24,12.72
2/1/2007,1445.94,12.71
2/2/2007,1448.39,12.76
2/5/2007,1446.99,12.86
2/6/2007,1448,12.87
2/7/2007,1450.02,12.78
2/8/2007,1448.31,12.88
2/9/2007,1438.06,13.14
2/12/2007,1433.37,13.29
2/13/2007,1444.26,12.88
2/14/2007,1455.3,12.73
2/15/2007,1456.81,12.76
2/16/2007,1455.54,12.74
2/20/2007,1459.68,12.8
2/21/2007,1457.63,12.84
2/22/2007,1456.38,12.97
2/23/2007,1451.19,13.13
2/26/2007,1449.37,13.3
2/27/2007,1399.04,15.43
2/28/2007,1406.82,14.4
3/1/2007,1403.17,14.11
3/2/2007,1387.17,15.03
3/5/2007,1374.12,15.27
3/6/2007,1395.41,14.3
3/7/2007,1391.97,14.21
3/8/2007,1401.89,13.86
3/9/2007,1402.85,13.84
3/12/2007,1406.6,13.73
3/13/2007,1377.95,14.82
3/14/2007,1387.17,14.58
3/15/2007,1392.28,14.45
3/16/2007,1386.95,14.7
3/19/2007,1402.06,14.15
3/20/2007,1410.94,13.76
3/21/2007,1435.04,13.04
3/22/2007,1434.54,13.16
3/23/2007,1436.11,13.22
3/26/2007,1437.5,13.31
3/27/2007,1428.61,13.45
3/28/2007,1417.23,13.89
3/29/2007,1422.53,13.87
3/30/2007,1420.86,13.84
4/2/2007,1424.55,13.82
4/3/2007,1437.77,13.58
4/4/2007,1439.37,13.57
4/5/2007,1443.76,13.48
4/9/2007,1444.61,13.5
4/10/2007,1448.39,13.38
4/11/2007,1438.87,13.63
4/12/2007,1447.8,13.45
4/13/2007,1452.85,13.34
4/16/2007,1468.47,13.2
4/17/2007,1471.48,13.15
4/18/2007,1472.5,13.25
4/19/2007,1470.73,13.34
4/20/2007,1484.35,13.09
4/23/2007,1480.93,13.34
4/24/2007,1480.41,13.75
4/25/2007,1495.42,13.69
4/26/2007,1494.25,13.62
4/27/2007,1494.07,13.63
4/30/2007,1482.37,14.12
5/1/2007,1486.3,13.95
5/2/2007,1495.92,13.9
5/3/2007,1502.39,13.84
5/4/2007,1505.62,13.98
5/7/2007,1509.48,13.91
5/8/2007,1507.72,13.96
5/9/2007,1512.58,13.89
5/10/2007,1491.47,14.3
5/11/2007,1505.85,14.13
5/14/2007,1503.15,14.43
5/15/2007,1501.19,14.48
5/16/2007,1514.14,14.32
5/17/2007,1512.75,14.45
5/18/2007,1522.75,14.31
5/21/2007,1525.1,14.37
5/22/2007,1524.12,14.33
5/23/2007,1522.28,14.44
5/24/2007,1507.51,14.79
5/25/2007,1515.73,14.55
5/29/2007,1518.11,14.56
5/30/2007,1530.23,14.37
5/31/2007,1530.62,14.47
6/1/2007,1536.34,14.55
6/4/2007,1539.18,14.69
6/5/2007,1530.95,14.87
6/6/2007,1517.38,15.3
6/7/2007,1490.72,15.89
6/8/2007,1507.67,15.1
6/11/2007,1509.12,15.02
6/12/2007,1493,15.42
6/13/2007,1515.67,15.04
6/14/2007,1522.97,14.83
6/15/2007,1532.91,15.01
6/18/2007,1531.05,14.99
6/19/2007,1533.7,14.88
6/20/2007,1512.84,15.57
6/21/2007,1522.19,15.57
6/22/2007,1502.56,16.1
6/25/2007,1497.74,16.2
6/26/2007,1492.89,16.67
6/27/2007,1506.34,15.8
6/28/2007,1505.71,15.85
6/29/2007,1503.35,16.24
7/2/2007,1519.43,15.89
7/3/2007,1524.87,15.86
7/5/2007,1525.4,16.05
7/6/2007,1530.44,15.91
7/9/2007,1531.85,16.15
7/10/2007,1510.12,16.86
7/11/2007,1518.76,16.85
7/12/2007,1547.7,16.57
7/13/2007,1552.5,16.61
7/16/2007,1549.52,16.87
7/17/2007,1549.37,16.97
7/18/2007,1546.17,17.22
7/19/2007,1553.08,16.97
7/20/2007,1534.1,17.71
7/23/2007,1541.57,17.49
7/24/2007,1511.04,18.26
7/25/2007,1518.09,18.06
7/26/2007,1482.66,18.08
7/27/2007,1458.95,19.08
7/30/2007,1473.91,18.43
7/31/2007,1455.27,19.74
8/1/2007,1465.81,20.06
8/2/2007,1472.2,19.7
8/3/2007,1433.06,21.42
8/6/2007,1467.67,20.47
8/7/2007,1476.71,19.94
8/8/2007,1497.49,19.55
8/9/2007,1453.09,21.27
8/10/2007,1453.64,21.63
8/13/2007,1452.92,21.04
8/14/2007,1426.54,21.66
8/15/2007,1406.7,22.45
8/16/2007,1411.27,22.23
8/17/2007,1445.94,22.25
8/20/2007,1445.55,21.89
8/21/2007,1447.12,21.22
8/22/2007,1464.07,19.81
8/23/2007,1462.5,19.95
8/24/2007,1479.37,19.44
8/27/2007,1466.79,19.95
8/28/2007,1432.36,21.73
8/29/2007,1463.76,20.65
8/30/2007,1457.64,20.97
8/31/2007,1473.99,20.55
9/4/2007,1489.42,20.11
9/5/2007,1472.29,20.71
9/6/2007,1478.55,20.65
9/7/2007,1453.55,21.63
9/10/2007,1451.7,21.82
9/11/2007,1471.49,21.07
9/12/2007,1471.56,21.04
9/13/2007,1483.95,20.83
9/14/2007,1484.25,20.9
9/17/2007,1476.65,21.33
9/18/2007,1519.78,19.68
9/19/2007,1529.03,19.02
9/20/2007,1518.75,19.19
9/21/2007,1525.75,18.77
9/24/2007,1517.73,18.94
9/25/2007,1517.21,18.8
9/26/2007,1525.42,18.42
9/27/2007,1531.38,17.98
9/28/2007,1526.75,18.29
10/1/2007,1547.04,18.22
10/2/2007,1546.63,18.48
10/3/2007,1539.59,18.94
10/4/2007,1542.84,18.92
10/5/2007,1557.59,18.36
10/8/2007,1552.58,18.58
10/9/2007,1565.15,18.19
10/10/2007,1562.47,18.47
10/11/2007,1554.41,19.23
10/12/2007,1561.8,19.09
10/15/2007,1548.71,19.81
10/16/2007,1538.53,20.19
10/17/2007,1541.24,19.98
10/18/2007,1540.08,20.06
10/19/2007,1500.63,21.6
10/22/2007,1506.33,21.13
10/23/2007,1519.59,20.85
10/24/2007,1515.88,21.12
10/25/2007,1514.4,21.21
10/26/2007,1535.28,20.83
10/29/2007,1540.98,20.76
10/30/2007,1531.02,21.18
10/31/2007,1549.38,20.46
11/1/2007,1508.44,22.19
11/2/2007,1509.65,22.23
11/5/2007,1502.17,22.55
11/6/2007,1520.27,21.87
11/7/2007,1475.62,23.52
11/8/2007,1474.77,23.62
11/9/2007,1453.7,24.46
11/12/2007,1439.18,24.55
11/13/2007,1481.05,23
11/14/2007,1470.58,23.74
11/15/2007,1451.15,24.63
11/16/2007,1458.74,24.33
11/19/2007,1433.27,24.92
11/20/2007,1439.7,24.56
11/21/2007,1416.77,25.13
11/23/2007,1440.7,24.38
11/26/2007,1407.22,25.75
11/27/2007,1428.23,24.59
11/28/2007,1469.02,23.56
11/29/2007,1469.72,23.7
11/30/2007,1481.14,23.45
12/3/2007,1472.42,23.46
12/4/2007,1462.79,23.68
12/5/2007,1485.01,22.96
12/6/2007,1507.34,22.23
12/7/2007,1504.66,22.15
12/10/2007,1515.96,21.95
12/11/2007,1477.65,22.84
12/12/2007,1486.59,22.4
12/13/2007,1488.41,22.49
12/14/2007,1467.95,22.72
12/17/2007,1445.9,23.49
12/18/2007,1454.98,23.15
12/19/2007,1453,22.58
12/20/2007,1460.12,22.18
12/21/2007,1484.46,21.47
12/24/2007,1496.45,21.41
12/26/2007,1497.66,21.3
12/27/2007,1476.37,21.97
12/28/2007,1478.49,22.22
12/31/2007,1468.36,22.78
1/2/2008,1447.16,23.16
1/3/2008,1447.16,22.64
1/4/2008,1411.63,23.41
1/7/2008,1416.18,22.99
1/8/2008,1390.19,23.92
1/9/2008,1409.13,23.31
1/10/2008,1420.33,23.08
1/11/2008,1401.02,23.54
1/14/2008,1416.25,23.1
1/15/2008,1380.95,23.59
1/16/2008,1373.2,23.29
1/17/2008,1333.25,24.86
1/18/2008,1325.19,24.35
1/22/2008,1310.5,24.8
1/23/2008,1338.6,23.73
1/24/2008,1352.07,23.67
1/25/2008,1330.61,24.22
1/28/2008,1353.97,23.55
1/29/2008,1362.3,23.28
1/30/2008,1355.81,23.42
1/31/2008,1378.55,22.74
2/1/2008,1395.42,21.95
2/4/2008,1380.82,22.54
2/5/2008,1336.64,23.78
2/6/2008,1326.45,24.31
2/7/2008,1336.91,23.69
2/8/2008,1331.29,23.83
2/11/2008,1339.13,23.54
2/12/2008,1348.86,23.47
2/13/2008,1367.21,22.94
2/14/2008,1348.86,23.22
2/15/2008,1349.99,23.25
2/19/2008,1348.78,23.16
2/20/2008,1360.03,22.74
2/21/2008,1342.53,22.88
2/22/2008,1353.11,22.45
2/25/2008,1371.8,22.15
2/26/2008,1381.29,21.77
2/27/2008,1380.02,22.04
2/28/2008,1367.68,22.34
2/29/2008,1330.63,23.73
3/3/2008,1331.34,23.44
3/4/2008,1326.75,23.4
3/5/2008,1333.7,23.01
3/6/2008,1304.34,24.2
3/7/2008,1293.37,24.11
3/10/2008,1273.37,24.87
3/11/2008,1320.65,23.85
3/12/2008,1308.77,24.52
3/13/2008,1315.48,24.73
3/14/2008,1288.14,25.92
3/17/2008,1276.6,25.63
3/18/2008,1330.74,23.61
3/19/2008,1298.42,25.17
3/20/2008,1329.51,24.32
3/24/2008,1349.88,23.82
3/25/2008,1352.99,23.85
3/26/2008,1341.13,24.19
3/27/2008,1325.76,24.35
3/28/2008,1315.22,24.27
3/31/2008,1322.7,23.79
4/1/2008,1370.18,22.57
4/2/2008,1367.53,23.01
4/3/2008,1369.31,23.02
4/4/2008,1370.4,22.61
4/7/2008,1372.54,22.18
4/8/2008,1365.54,22.34
4/9/2008,1354.49,22.61
4/10/2008,1360.55,22.29
4/11/2008,1332.83,22.9
4/14/2008,1328.32,22.98
4/15/2008,1334.43,22.71
4/16/2008,1364.71,21.71
4/17/2008,1365.56,21.64
4/18/2008,1390.33,21.05
4/21/2008,1388.17,21.06
4/22/2008,1375.94,21.45
4/23/2008,1379.93,21.4
4/24/2008,1388.82,21.06
4/25/2008,1397.84,20.54
4/28/2008,1396.37,20.25
4/29/2008,1390.94,20.35
4/30/2008,1385.59,20.31
5/1/2008,1409.34,19.65
5/2/2008,1413.9,19.44
5/5/2008,1407.49,19.65
5/6/2008,1418.26,19.59
5/7/2008,1392.57,20.25
5/8/2008,1397.68,20.22
5/9/2008,1388.28,20.33
5/12/2008,1403.58,19.97
5/13/2008,1403.04,19.98
5/14/2008,1408.66,19.85
5/15/2008,1423.57,19.59
5/16/2008,1425.35,19.92
5/19/2008,1426.63,20.04
5/20/2008,1413.4,20.54
5/21/2008,1390.71,21.31
5/22/2008,1394.35,21.27
5/23/2008,1375.93,21.6
5/27/2008,1385.35,21.43
5/28/2008,1390.84,21.27
5/29/2008,1398.26,21.19
5/30/2008,1400.38,20.9
6/2/2008,1385.67,21.45
6/3/2008,1377.65,21.61
6/4/2008,1377.2,21.75
6/5/2008,1404.05,21.17
6/6/2008,1360.68,22.88
6/9/2008,1361.76,22.53
6/10/2008,1358.44,22.53
6/11/2008,1335.49,22.76
6/12/2008,1339.87,22.52
6/13/2008,1360.03,21.74
6/16/2008,1360.14,21.4
6/17/2008,1350.93,21.43
6/18/2008,1337.81,22.06
6/19/2008,1342.83,21.54
6/20/2008,1317.93,21.96
6/23/2008,1318,21.9
6/24/2008,1314.29,21.92
6/25/2008,1321.97,21.39
6/26/2008,1283.15,22.52
6/27/2008,1278.38,22.41
6/30/2008,1280,22.28
7/1/2008,1284.91,22.19
7/2/2008,1261.52,22.86
7/3/2008,1262.9,22.58
7/7/2008,1252.31,22.77
7/8/2008,1273.7,21.87
7/9/2008,1244.69,22.77
7/10/2008,1253.39,22.74
7/11/2008,1239.49,23.32
7/14/2008,1228.3,23.66
7/15/2008,1214.91,23.85
7/16/2008,1245.36,22.58
7/17/2008,1260.32,22.35
7/18/2008,1260.68,22.33
7/21/2008,1260,22.04
7/22/2008,1277,21.27
7/23/2008,1282.19,21.35
7/24/2008,1252.54,22.19
7/25/2008,1257.76,22.1
7/28/2008,1234.37,22.63
7/29/2008,1263.2,21.7
7/30/2008,1284.26,21.17
7/31/2008,1267.38,21.77
8/1/2008,1260.31,21.99
8/4/2008,1249.01,22.17
8/5/2008,1284.88,21.19
8/6/2008,1289.19,21.13
8/7/2008,1266.07,21.62
8/8/2008,1296.32,21.42
8/11/2008,1305.32,21.3
8/12/2008,1289.59,21.79
8/13/2008,1285.83,22.01
8/14/2008,1292.93,21.65
8/15/2008,1298.2,21.47
8/18/2008,1278.6,22.38
8/19/2008,1266.69,22.64
8/20/2008,1274.54,22.34
8/21/2008,1277.72,22.28
8/22/2008,1292.2,22.09
8/25/2008,1266.84,22.7
8/26/2008,1271.51,22.63
8/27/2008,1281.66,22.33
8/28/2008,1300.68,22
8/29/2008,1282.83,22.53
9/2/2008,1277.58,22.79
9/3/2008,1274.98,22.69
9/4/2008,1236.83,23.5
9/5/2008,1242.31,23.32
9/8/2008,1267.79,22.75
9/9/2008,1224.51,23.83
9/10/2008,1232.04,23.45
9/11/2008,1249.05,23.62
9/12/2008,1251.7,23.5
9/15/2008,1192.7,24.77
9/16/2008,1213.59,24.69
9/17/2008,1156.39,25.94
9/18/2008,1206.51,25.42
9/19/2008,1255.08,24.65
9/22/2008,1207.09,25.57
9/23/2008,1188.22,26.06
9/24/2008,1185.87,26.04
9/25/2008,1209.18,25.02
9/26/2008,1213.01,25.81
9/29/2008,1106.39,29.61
9/30/2008,1166.36,26.99
10/1/2008,1161.06,27.59
10/2/2008,1114.28,29.25
10/3/2008,1099.23,28.83
10/6/2008,1056.89,30.49
10/7/2008,996.23,30.57
10/8/2008,984.94,31.53
10/9/2008,909.92,34.1
10/10/2008,899.22,35.28
10/13/2008,1003.35,35.36
10/14/2008,998.01,34.62
10/15/2008,907.84,38.17
10/16/2008,946.43,38.74
10/17/2008,940.55,38.87
10/20/2008,985.4,33.32
10/21/2008,955.05,33.94
10/22/2008,896.78,37.5
10/23/2008,908.11,37.33
10/24/2008,876.77,41.52
10/27/2008,848.92,41.89
10/28/2008,940.51,37.8
10/29/2008,930.09,40.27
10/30/2008,954.09,39.37
10/31/2008,968.75,39.37
11/3/2008,966.3,38.33
11/4/2008,1005.75,36.26
11/5/2008,952.77,38.06
11/6/2008,904.88,40.83
11/7/2008,930.99,38.87
11/10/2008,919.21,39.5
11/11/2008,898.95,40.1
11/12/2008,852.3,41.9
11/13/2008,911.29,39.17
11/14/2008,873.29,42.35
11/17/2008,850.75,43.4
11/18/2008,859.12,43.42
11/19/2008,806.58,46.11
11/20/2008,752.44,48.17
11/21/2008,800.03,45.63
11/24/2008,851.81,42.84
11/25/2008,857.39,42.71
11/26/2008,887.68,41.06
11/28/2008,896.24,41.56
12/1/2008,816.21,44.59
12/2/2008,848.81,44.31
12/3/2008,870.74,44.04
12/4/2008,845.22,45.74
12/5/2008,876.07,44.78
12/8/2008,909.7,43.46
12/9/2008,888.67,44.16
12/10/2008,899.24,43.59
12/11/2008,873.59,43.07
12/12/2008,879.73,43.11
12/15/2008,868.57,43.58
12/16/2008,913.18,40.95
12/17/2008,904.42,40.67
12/18/2008,885.28,40.13
12/19/2008,887.88,38.76
12/22/2008,871.63,39.19
12/23/2008,863.16,38.73
12/24/2008,868.15,38.47
12/26/2008,872.8,38.05
12/29/2008,869.42,38.05
12/30/2008,890.64,37.38
12/31/2008,903.25,36.1
1/2/2009,931.8,34.77
1/5/2009,927.45,35.04
1/6/2009,934.7,34.55
1/7/2009,906.65,36.01
1/8/2009,909.73,36.06
1/9/2009,890.35,35.95
1/12/2009,870.26,37.69
1/13/2009,871.79,37.39
1/14/2009,842.62,38.87
1/15/2009,843.74,39.07
1/16/2009,850.12,38.51
1/20/2009,805.22,41.11
1/21/2009,840.24,38.85
1/22/2009,827.5,38.69
1/23/2009,831.95,38.34
1/26/2009,836.57,37.46
1/27/2009,845.71,36.71
1/28/2009,874.09,35.59
1/29/2009,845.14,36.13
1/30/2009,825.88,37.17
2/2/2009,825.44,36.79
2/3/2009,838.51,35.75
2/4/2009,832.23,35.84
2/5/2009,845.85,35.41
2/6/2009,868.6,35.06
2/9/2009,869.89,35.13
2/10/2009,827.16,37.14
2/11/2009,833.74,35.95
2/12/2009,835.19,36.03
2/13/2009,826.84,35.2
2/17/2009,789.17,36.68
2/18/2009,788.42,36.93
2/19/2009,778.94,36.82
2/20/2009,770.05,37.48
2/23/2009,743.33,38.84
2/24/2009,773.14,36.45
2/25/2009,764.9,36.54
2/26/2009,752.83,37.26
2/27/2009,735.09,37.01
3/2/2009,700.82,38.93
3/3/2009,696.33,38.14
3/4/2009,712.87,35.6
3/5/2009,682.55,37.3
3/6/2009,683.38,37.57
3/9/2009,676.53,36.86
3/10/2009,719.6,34.77
3/11/2009,721.36,34.93
3/12/2009,750.74,34.26
3/13/2009,756.55,35.02
3/16/2009,753.89,35.19
3/17/2009,778.12,34.52
3/18/2009,794.35,34.44
3/19/2009,784.04,35.97
3/20/2009,768.54,37.58
3/23/2009,822.92,35.62
3/24/2009,806.12,35.78
3/25/2009,813.88,36.02
3/26/2009,832.86,35.09
3/27/2009,815.94,35.84
3/30/2009,787.53,37.66
3/31/2009,797.87,36.84
4/1/2009,811.08,36.68
4/2/2009,834.38,36.46
4/3/2009,842.5,36.42
4/6/2009,835.48,36.54
4/7/2009,815.55,36.77
4/8/2009,825.16,36.2
4/9/2009,856.56,35.42
4/13/2009,858.73,35.22
4/14/2009,841.5,35.46
4/15/2009,852.06,35.27
4/16/2009,865.3,34.15
4/17/2009,869.6,33.48
4/20/2009,832.39,34.75
4/21/2009,850.08,34.27
4/22/2009,843.55,34.01
4/23/2009,851.92,34.51
4/24/2009,866.23,34.02
4/27/2009,857.51,34.66
4/28/2009,855.16,34.33
4/29/2009,873.64,33.47
4/30/2009,872.81,33.43
5/1/2009,877.52,33.08
5/4/2009,907.24,32.03
5/5/2009,903.8,31.99
5/6/2009,919.53,31.13
5/7/2009,907.39,31.44
5/8/2009,929.23,30.23
5/11/2009,909.24,30.5
5/12/2009,908.35,30.13
5/13/2009,883.92,30.65
5/14/2009,893.07,29.56
5/15/2009,882.88,29.97
5/18/2009,909.71,28.85
5/19/2009,908.13,28.05
5/20/2009,903.47,28.08
5/21/2009,888.33,29.26
5/22/2009,887,29.11
5/26/2009,910.33,28.39
5/27/2009,893.06,28.89
5/28/2009,906.83,28.72
5/29/2009,919.14,28.3
6/1/2009,942.87,27.56
6/2/2009,944.74,27.63
6/3/2009,931.76,28.86
6/4/2009,942.46,28.39
6/5/2009,940.09,28.44
6/8/2009,939.14,28.44
6/9/2009,942.43,28.05
6/10/2009,939.15,28.21
6/11/2009,944.89,27.17
6/12/2009,946.21,27.12
6/15/2009,923.72,28.05
6/16/2009,911.97,28.28
6/17/2009,910.71,28.24
6/18/2009,918.37,27.97
6/19/2009,921.23,27.85
6/22/2009,893.04,29.01
6/23/2009,895.1,28.73
6/24/2009,900.94,28.47
6/25/2009,920.26,27.54
6/26/2009,918.9,27.32
6/29/2009,927.23,26.57
6/30/2009,919.32,26.78
7/1/2009,923.33,26.57
7/2/2009,896.42,27.49
7/6/2009,898.72,27.72
7/7/2009,881.03,28.05
7/8/2009,879.56,28.7
7/9/2009,882.68,28.29
7/10/2009,879.13,28.57
7/13/2009,901.05,27.92
7/14/2009,905.84,27.61
7/15/2009,932.68,27.04
7/16/2009,940.74,26.65
7/17/2009,940.38,26.7
7/20/2009,951.13,26.2
7/21/2009,954.58,26.18
7/22/2009,954.07,25.91
7/23/2009,976.29,25.5
7/24/2009,979.26,25.55
7/27/2009,982.18,25.66
7/28/2009,979.62,26.08
7/29/2009,975.15,26.35
7/30/2009,986.75,25.77
7/31/2009,987.48,25.8
8/3/2009,1002.63,25.63
8/4/2009,1005.65,25.52
8/5/2009,1002.72,25.38
8/6/2009,997.08,25.79
8/7/2009,1010.48,25.17
8/10/2009,1007.1,25.41
8/11/2009,994.35,25.72
8/12/2009,1005.81,25.51
8/13/2009,1012.73,25.42
8/14/2009,1004.09,25.55
8/17/2009,979.73,26.55
8/18/2009,989.67,26.12
8/19/2009,996.46,26.15
8/20/2009,1007.37,25.77
8/21/2009,1026.13,25.59
8/24/2009,1025.57,25.73
8/25/2009,1028,25.77
8/26/2009,1028.12,26.11
8/27/2009,1030.98,25.97
8/28/2009,1028.93,25.99
8/31/2009,1020.62,26.41
9/1/2009,998.04,27.13
9/2/2009,994.75,27.33
9/3/2009,1003.24,26.83
9/4/2009,1016.4,26.13
9/8/2009,1025.39,25.96
9/9/2009,1033.37,25.48
9/10/2009,1044.14,24.82
9/11/2009,1042.73,24.89
9/14/2009,1049.34,24.89
9/15/2009,1052.63,24.76
9/16/2009,1068.76,24.55
9/17/2009,1065.49,24.57
9/18/2009,1068.3,24.67
9/21/2009,1064.66,25.02
9/22/2009,1071.66,24.91
9/23/2009,1060.87,24.84
9/24/2009,1050.78,25.73
9/25/2009,1044.38,25.5
9/28/2009,1062.98,25.12
9/29/2009,1060.61,25.07
9/30/2009,1057.08,25.24
10/1/2009,1029.85,25.83
10/2/2009,1025.21,26.05
10/5/2009,1040.46,25.35
10/6/2009,1054.72,24.84
10/7/2009,1057.58,24.76
10/8/2009,1065.48,24.54
10/9/2009,1071.49,24.17
10/12/2009,1076.19,24.08
10/13/2009,1073.19,24.03
10/14/2009,1092.02,23.84
10/15/2009,1096.56,23.68
10/16/2009,1087.68,23.61
10/19/2009,1097.91,23.33
10/20/2009,1091.06,23.47
10/21/2009,1081.4,23.39
10/22/2009,1092.91,23.11
10/23/2009,1079.6,23.64
10/26/2009,1066.95,24.16
10/27/2009,1063.41,24.09
10/28/2009,1042.63,24.73
10/29/2009,1066.11,24.1
10/30/2009,1036.19,25.53
11/2/2009,1042.88,25.55
11/3/2009,1045.41,25.63
11/4/2009,1046.5,25.26
11/5/2009,1066.63,24.78
11/6/2009,1069.3,24.55
11/9/2009,1093.08,23.93
11/10/2009,1093.01,24.02
11/11/2009,1098.51,24.3
11/12/2009,1087.24,25
11/13/2009,1093.48,24.81
11/16/2009,1109.3,24.47
11/17/2009,1110.32,24.49
11/18/2009,1109.8,24.55
11/19/2009,1094.9,24.88
11/20/2009,1091.38,24.61
11/23/2009,1106.24,24.02
11/24/2009,1105.65,23.96
11/25/2009,1110.63,23.89
11/27/2009,1091.49,25.06
11/30/2009,1095.63,25.12
12/1/2009,1108.86,24.53
12/2/2009,1109.24,24.5
12/3/2009,1099.92,24.53
12/4/2009,1105.98,24.64
12/7/2009,1103.25,24.64
12/8/2009,1091.94,25.02
12/9/2009,1095.95,24.84
12/10/2009,1102.35,24.7
12/11/2009,1106.41,24.36
12/14/2009,1114.11,24.22
12/15/2009,1107.93,24.21
12/16/2009,1109.18,23.7
12/17/2009,1096.08,23.92
12/18/2009,1102.47,23.95
12/21/2009,1114.05,23.43
12/22/2009,1118.02,23
12/23/2009,1120.59,22.83
12/24/2009,1126.48,22.6
12/28/2009,1127.78,22.56
12/29/2009,1126.2,22.48
12/30/2009,1126.42,22.58
12/31/2009,1115.1,22.8
1/4/2010,1132.99,22.4
1/5/2010,1136.52,22.06
1/6/2010,1137.14,21.55
1/7/2010,1141.69,21.19
1/8/2010,1144.98,20.78
1/11/2010,1146.98,20.4
1/12/2010,1136.22,20.76
1/13/2010,1145.68,20.16
1/14/2010,1148.46,19.93
1/15/2010,1136.03,20.49
1/19/2010,1150.23,19.96
1/20/2010,1138.04,20.26
1/21/2010,1116.48,20.87
1/22/2010,1091.76,22.49
1/25/2010,1096.78,21.84
1/26/2010,1092.17,21.78
1/27/2010,1097.5,21.72
1/28/2010,1084.53,21.86
1/29/2010,1073.87,22.49
2/1/2010,1089.19,21.56
2/2/2010,1103.32,20.99
2/3/2010,1097.28,21.3
2/4/2010,1063.11,22.75
2/5/2010,1066.19,23.2
2/8/2010,1056.74,23.15
2/9/2010,1070.52,22.92
2/10/2010,1068.13,22.99
2/11/2010,1078.47,22.47
2/12/2010,1075.51,22.63
2/16/2010,1094.87,21.85
2/17/2010,1099.51,21.65
2/18/2010,1106.75,21.13
2/19/2010,1109.17,20.85
2/22/2010,1108.01,20.52
2/23/2010,1094.6,21.04
2/24/2010,1105.24,20.79
2/25/2010,1102.94,20.84
2/26/2010,1104.49,20.51
3/1/2010,1115.71,20.37
3/2/2010,1118.31,20.09
3/3/2010,1118.79,19.88
3/4/2010,1122.97,20
3/5/2010,1138.7,19.55
3/8/2010,1138.5,19.42
3/9/2010,1140.45,19.55
3/10/2010,1145.61,19.59
3/11/2010,1150.24,20.04
3/12/2010,1149.99,19.94
3/15/2010,1150.51,19.98
3/16/2010,1159.46,19.67
3/17/2010,1166.21,19.41
3/18/2010,1165.83,19.39
3/19/2010,1159.9,19.71
3/22/2010,1165.81,19.65
3/23/2010,1174.17,19.43
3/24/2010,1167.72,19.75
3/25/2010,1165.73,19.64
3/26/2010,1166.59,19.84
3/29/2010,1173.22,19.61
3/30/2010,1173.27,19.48
3/31/2010,1169.43,19.63
4/1/2010,1178.1,19.78
4/5/2010,1187.44,19.34
4/6/2010,1189.44,19.22
4/7/2010,1182.45,19.39
4/8/2010,1186.44,19.3
4/9/2010,1194.37,19.21
4/12/2010,1196.48,19.26
4/13/2010,1197.3,19.26
4/14/2010,1210.65,19.36
4/15/2010,1211.67,19.59
4/16/2010,1192.13,20.36
4/19/2010,1197.52,20.51
4/20/2010,1207.17,19.99
4/21/2010,1205.94,20.31
4/22/2010,1208.67,20.21
4/23/2010,1217.28,20.06
4/26/2010,1212.05,20.35
4/27/2010,1183.71,21.4
4/28/2010,1191.36,21.46
4/29/2010,1206.78,20.88
4/30/2010,1186.69,22.14
5/3/2010,1202.26,21.7
5/4/2010,1173.6,23.59
5/5/2010,1165.9,24.38
5/6/2010,1128.15,27.47
5/7/2010,1110.88,29.28
5/10/2010,1159.73,25.89
5/11/2010,1155.79,25.13
5/12/2010,1171.67,23.67
5/13/2010,1157.44,23.99
5/14/2010,1135.68,26.25
5/17/2010,1136.94,26.35
5/18/2010,1120.8,27.15
5/19/2010,1115.05,28.06
5/20/2010,1071.59,31.05
5/21/2010,1087.69,31.34
5/24/2010,1073.65,29.9
5/25/2010,1074.03,30.13
5/26/2010,1067.95,29.04
5/27/2010,1103.06,27.17
5/28/2010,1089.41,26.98
6/1/2010,1070.71,27.5
6/2/2010,1098.38,26.6
6/3/2010,1102.83,26.03
6/4/2010,1064.88,28.02
6/7/2010,1050.47,28.28
6/8/2010,1062,28.06
6/9/2010,1055.69,28.09
6/10/2010,1086.84,27.06
6/11/2010,1091.6,26.86
6/14/2010,1089.63,26.42
6/15/2010,1115.23,24.94
6/16/2010,1114.61,25
6/17/2010,1116.04,24.89
6/18/2010,1117.51,24.05
6/21/2010,1113.2,24.15
6/22/2010,1095.31,24.93
6/23/2010,1092.04,25.43
6/24/2010,1073.69,26.42
6/25/2010,1076.76,26.18
6/28/2010,1074.57,26.31
6/29/2010,1041.24,29.05
6/30/2010,1030.71,28.95
7/1/2010,1027.37,29.41
7/2/2010,1022.58,29.19
7/6/2010,1028.06,28.93
7/7/2010,1060.27,27.29
7/8/2010,1070.25,26.77
7/9/2010,1077.96,26.29
7/12/2010,1078.75,26.32
7/13/2010,1095.34,25.79
7/14/2010,1095.17,26.47
7/15/2010,1096.48,27.05
7/16/2010,1064.88,28.04
7/19/2010,1071.25,27.55
7/20/2010,1083.48,26.26
7/21/2010,1069.59,26.84
7/22/2010,1093.67,25.77
7/23/2010,1102.66,25.62
7/26/2010,1115.01,25.04
7/27/2010,1113.84,24.68
7/28/2010,1106.13,24.8
7/29/2010,1101.53,24.54
7/30/2010,1101.6,24.53
8/2/2010,1125.86,23.48
8/3/2010,1120.46,23.79
8/4/2010,1127.24,23.73
8/5/2010,1125.81,24.12
8/6/2010,1121.64,24.32
8/9/2010,1127.79,24.02
8/10/2010,1121.06,24.28
8/11/2010,1089.47,25.94
8/12/2010,1083.61,26.24
8/13/2010,1079.25,26.87
8/16/2010,1079.38,26.98
8/17/2010,1092.54,26.19
8/18/2010,1094.16,26.04
8/19/2010,1075.63,26.95
8/20/2010,1071.69,27.33
8/23/2010,1067.36,27.11
8/24/2010,1051.87,27.64
8/25/2010,1055.33,27.71
8/26/2010,1047.22,27.93
8/27/2010,1064.59,26.95
8/30/2010,1048.92,27.58
8/31/2010,1049.33,27.86
9/1/2010,1080.29,26.81
9/2/2010,1090.1,26.17
9/3/2010,1104.51,25.36
9/7/2010,1091.84,25.91
9/8/2010,1098.87,25.75
9/9/2010,1104.18,25.26
9/10/2010,1109.55,25.01
9/13/2010,1121.9,24.31
9/14/2010,1121.1,24.08
9/15/2010,1125.07,24.25
9/16/2010,1124.66,24.43
9/17/2010,1125.59,24.56
9/20/2010,1142.71,24.08
9/21/2010,1139.78,24.35
9/22/2010,1134.28,24.66
9/23/2010,1124.83,25.25
9/24/2010,1148.67,24.41
9/27/2010,1142.16,24.49
9/28/2010,1147.7,24.82
9/29/2010,1144.73,25.13
9/30/2010,1141.2,25.3
10/1/2010,1146.24,25.06
10/4/2010,1137.03,25.59
10/5/2010,1160.75,24.7
10/6/2010,1159.97,24.93
10/7/2010,1158.06,25.04
10/8/2010,1165.15,24.5
10/11/2010,1165.32,24.44
10/12/2010,1169.77,24.01
10/13/2010,1178.1,23.67
10/14/2010,1173.81,24.22
10/15/2010,1176.19,24.09
10/18/2010,1184.71,23.48
10/19/2010,1165.9,24.29
10/20/2010,1178.17,23.47
10/21/2010,1180.26,23.16
10/22/2010,1183.08,22.86
10/25/2010,1185.62,22.5
10/26/2010,1185.64,22.59
10/27/2010,1182.45,22.97
10/28/2010,1183.78,22.81
10/29/2010,1183.26,22.63
11/1/2010,1184.38,22.93
11/2/2010,1193.57,22.51
11/3/2010,1197.96,21.88
11/4/2010,1221.06,20.93
11/5/2010,1225.85,21.11
11/8/2010,1223.25,21.2
11/9/2010,1213.4,21.51
11/10/2010,1218.71,21.52
11/11/2010,1213.54,21.66
11/12/2010,1199.21,22.45
11/15/2010,1197.75,22.15
11/16/2010,1178.34,23.42
11/17/2010,1178.59,23.21
11/18/2010,1196.69,22.31
11/19/2010,1199.73,22.21
11/22/2010,1197.84,21.99
11/23/2010,1180.73,22.51
11/24/2010,1198.35,22.06
11/26/2010,1189.4,22.9
11/29/2010,1187.76,22.95
11/30/2010,1180.55,23.43
12/1/2010,1206.07,22.98
12/2/2010,1221.53,22.2
12/3/2010,1224.71,21.7
12/6/2010,1223.12,21.51
12/7/2010,1223.75,21.28
12/8/2010,1228.28,21.05
12/9/2010,1233,20.7
12/10/2010,1240.4,20.37
12/13/2010,1240.46,20.38
12/14/2010,1241.59,20.49
12/15/2010,1235.23,20.68
12/16/2010,1242.87,20.73
12/17/2010,1243.91,20.66
12/20/2010,1247.08,20.44
12/21/2010,1254.6,20.37
12/22/2010,1258.84,20.39
12/23/2010,1256.77,20.85
12/27/2010,1257.54,21.07
12/28/2010,1258.51,21.16
12/29/2010,1259.78,21.11
12/30/2010,1257.88,21.25
12/31/2010,1257.64,21.36
1/3/2011,1271.87,21.03
1/4/2011,1270.2,21.07
1/5/2011,1276.56,20.56
1/6/2011,1273.85,20.71
1/7/2011,1271.5,20.76
1/10/2011,1269.75,20.7
1/11/2011,1274.48,20.49
1/12/2011,1285.96,20.05
1/13/2011,1283.76,19.98
1/14/2011,1293.24,19.56
1/18/2011,1295.02,19.45
1/19/2011,1281.92,20.06
1/20/2011,1280.26,20.03
1/21/2011,1283.35,20.07
1/24/2011,1290.84,19.7
1/25/2011,1291.18,19.59
1/26/2011,1296.63,19.05
1/27/2011,1299.54,18.76
1/28/2011,1276.34,19.36
1/31/2011,1286.12,19.13
2/1/2011,1307.59,18.41
2/2/2011,1304.03,18.53
2/3/2011,1307.1,18.36
2/4/2011,1310.87,18.14
2/7/2011,1319.05,17.88
2/8/2011,1324.57,17.67
2/9/2011,1320.88,17.79
2/10/2011,1321.87,17.75
2/11/2011,1329.15,17.41
2/14/2011,1332.32,17.44
2/15/2011,1328.01,17.63
2/16/2011,1336.32,17.51
2/17/2011,1340.43,17.84
2/18/2011,1343.01,18.12
2/22/2011,1315.44,19.77
2/23/2011,1307.4,20.06
2/24/2011,1306.1,20.19
2/25/2011,1319.88,19.37
2/28/2011,1327.22,19.05
3/1/2011,1306.33,19.75
3/2/2011,1308.44,19.92
3/3/2011,1330.97,19.31
3/4/2011,1321.15,20
3/7/2011,1310.13,20.25
3/8/2011,1321.82,19.91
3/9/2011,1320.02,20.15
3/10/2011,1295.11,20.96
3/11/2011,1304.28,20.53
3/14/2011,1296.39,21.17
3/15/2011,1281.87,21.5
3/16/2011,1256.88,22.82
3/17/2011,1273.72,22.04
3/18/2011,1279.2,21.69
3/21/2011,1298.38,20.53
3/22/2011,1293.77,20.51
3/23/2011,1297.54,20.16
3/24/2011,1309.66,19.63
3/25/2011,1313.8,19.74
3/28/2011,1310.19,19.79
3/29/2011,1319.44,19.58
3/30/2011,1328.26,19.32
3/31/2011,1325.83,19.33
4/1/2011,1332.41,19.35
4/4/2011,1332.87,19.24
4/5/2011,1332.63,19.08
4/6/2011,1335.54,19.1
4/7/2011,1333.51,19.5
4/8/2011,1328.17,19.86
4/11/2011,1324.46,19.78
4/12/2011,1314.16,20.02
4/13/2011,1314.41,19.79
4/14/2011,1314.52,19.75
4/15/2011,1319.68,19.58
4/18/2011,1305.14,19.87
4/19/2011,1312.62,19.54
4/20/2011,1330.36,19.06
4/21/2011,1337.38,18.95
4/25/2011,1335.25,18.96
4/26/2011,1347.24,18.72
4/27/2011,1355.66,18.61
4/28/2011,1360.48,18.32
4/29/2011,1363.61,18.35
5/2/2011,1361.22,18.68
5/3/2011,1356.62,19.14
5/4/2011,1347.32,19.26
5/5/2011,1335.1,19.86
5/6/2011,1340.2,19.48
5/9/2011,1346.29,19.25
5/10/2011,1357.16,18.83
5/11/2011,1342.08,19.39
5/12/2011,1348.65,19.23
5/13/2011,1337.77,19.49
5/16/2011,1329.47,19.66
5/17/2011,1328.98,19.72
5/18/2011,1340.68,19.1
5/19/2011,1343.6,19.08
5/20/2011,1333.27,19.33
5/23/2011,1317.37,19.87
5/24/2011,1316.28,19.74
5/25/2011,1320.47,19.53
5/26/2011,1325.69,19.03
5/27/2011,1331.1,18.74
5/31/2011,1345.2,18.46
6/1/2011,1314.55,19.05
6/2/2011,1312.94,19.05
6/3/2011,1300.16,19.3
6/6/2011,1286.17,19.65
6/7/2011,1284.94,19.36
6/8/2011,1279.56,19.65
6/9/2011,1289,19.13
6/10/2011,1270.98,19.57
6/13/2011,1271.83,19.74
6/14/2011,1287.87,19.27
6/15/2011,1265.42,20.34
6/16/2011,1267.64,21.02
6/17/2011,1271.5,20.93
6/20/2011,1278.36,20.47
6/21/2011,1295.52,19.83
6/22/2011,1287.14,20.05
6/23/2011,1283.5,20.61
6/24/2011,1268.45,21.23
6/27/2011,1280.1,20.71
6/28/2011,1296.67,20.39
6/29/2011,1307.41,19.95
6/30/2011,1320.64,19.4
7/1/2011,1339.67,18.5
7/5/2011,1337.88,18.51
7/6/2011,1339.22,18.67
7/7/2011,1353.22,18.3
7/8/2011,1343.8,18.68
7/11/2011,1319.49,19.65
7/12/2011,1313.64,19.9
7/13/2011,1317.72,20.09
7/14/2011,1308.87,20.49
7/15/2011,1316.14,20.24
7/18/2011,1305.44,20.74
7/19/2011,1326.73,19.95
7/20/2011,1325.84,19.94
7/21/2011,1343.8,19.33
7/22/2011,1345.02,19.19
7/25/2011,1337.43,19.62
7/26/2011,1331.94,19.76
7/27/2011,1304.89,20.62
7/28/2011,1300.67,20.71
7/29/2011,1292.28,20.72
8/1/2011,1286.94,20.22
8/2/2011,1254.05,21.11
8/3/2011,1260.34,21.37
8/4/2011,1200.07,23.59
8/5/2011,1199.38,25.23
8/8/2011,1119.46,27.35
8/9/2011,1172.53,26.25
8/10/2011,1120.76,26.78
8/11/2011,1172.64,25.49
8/12/2011,1178.81,25.38
8/15/2011,1204.49,23.96
8/16/2011,1192.76,24.09
8/17/2011,1193.89,23.87
8/18/2011,1140.65,26.78
8/19/2011,1123.53,27.39
8/22/2011,1123.82,27.34
8/23/2011,1162.35,26.15
8/24/2011,1177.6,25.92
8/25/2011,1159.27,26.9
8/26/2011,1176.8,26.41
8/29/2011,1210.08,25.07
8/30/2011,1212.92,25.12
8/31/2011,1218.89,25.31
9/1/2011,1204.42,25.4
9/2/2011,1173.97,26.34
9/6/2011,1165.24,26.69
9/7/2011,1198.62,25.87
9/8/2011,1185.9,26.28
9/9/2011,1154.23,28.22
9/12/2011,1162.27,28.87
9/13/2011,1172.87,27.95
9/14/2011,1188.68,27.18
9/15/2011,1209.11,26.9
9/16/2011,1216.01,26.59
9/19/2011,1204.09,26.97
9/20/2011,1202.09,26.87
9/21/2011,1166.76,27.41
9/22/2011,1129.56,30.44
9/23/2011,1136.43,29.91
9/26/2011,1162.95,29.53
9/27/2011,1175.38,28.56
9/28/2011,1151.06,29.51
9/29/2011,1160.4,30.06
9/30/2011,1131.42,30.8
10/3/2011,1099.23,32.55
10/4/2011,1123.95,32.66
10/5/2011,1144.03,30.59
10/6/2011,1164.97,30.28
10/7/2011,1155.46,29.9
10/10/2011,1194.89,29.13
10/11/2011,1195.54,28.6
10/12/2011,1207.25,27.06
10/13/2011,1203.66,27.4
10/14/2011,1224.58,26.29
10/17/2011,1200.86,27.08
10/18/2011,1225.38,26.79
10/19/2011,1209.88,28.07
10/20/2011,1215.39,28.12
10/21/2011,1238.25,27.17
10/24/2011,1254.19,25.98
10/25/2011,1229.05,26.29
10/26/2011,1242,25.87
10/27/2011,1284.59,23.4
10/28/2011,1285.09,23.32
10/31/2011,1253.3,24.49
11/1/2011,1218.28,27.05
11/2/2011,1237.9,26.53
11/3/2011,1261.15,25.77
11/4/2011,1253.23,26.16
11/7/2011,1261.12,25.92
11/8/2011,1275.92,25.45
11/9/2011,1229.1,27.83
11/10/2011,1239.69,27.27
11/11/2011,1263.85,26.37
11/14/2011,1251.78,26.86
11/15/2011,1257.81,26.66
11/16/2011,1236.91,27.67
11/17/2011,1216.13,29.11
11/18/2011,1215.65,28.8
11/21/2011,1192.98,29.26
11/22/2011,1188.04,28.94
11/23/2011,1161.79,29.8
11/25/2011,1158.67,30.29
11/28/2011,1192.55,29.15
11/29/2011,1195.19,28.44
11/30/2011,1246.96,26.9
12/1/2011,1244.58,26.39
12/2/2011,1244.28,26.34
12/5/2011,1257.08,26.29
12/6/2011,1258.47,26.13
12/7/2011,1261.01,26.58
12/8/2011,1234.35,27.1
12/9/2011,1255.19,26.03
12/12/2011,1236.47,26.72
12/13/2011,1225.73,26.86
12/14/2011,1211.82,27.12
12/15/2011,1215.75,26.83
12/16/2011,1219.66,26.71
12/19/2011,1205.35,26.64
12/20/2011,1241.3,25.07
12/21/2011,1243.72,24.49
12/22/2011,1254,24.12
12/23/2011,1265.33,24.08
12/27/2011,1265.43,23.84
12/28/2011,1249.64,24.47
12/29/2011,1263.02,24.15
12/30/2011,1257.6,24.15
1/3/2012,1277.06,23.68
1/4/2012,1277.3,23.19
1/5/2012,1281.06,22.92
1/6/2012,1277.81,22.64
1/9/2012,1280.7,22.57
1/10/2012,1292.08,22.13
1/11/2012,1292.48,22.29
1/12/2012,1295.5,22.34
1/13/2012,1289.09,22.9
1/17/2012,1293.67,22.69
1/18/2012,1308.04,22.22
1/19/2012,1314.5,21.93
1/20/2012,1315.38,21.62
1/23/2012,1316,21.15
1/24/2012,1314.65,21.22
1/25/2012,1326.05,20.75
1/26/2012,1318.43,21.07
1/27/2012,1316.33,20.79
1/30/2012,1313.01,21.08
1/31/2012,1312.41,21.21
2/1/2012,1324.09,20.81
2/2/2012,1325.54,20.62
2/3/2012,1344.9,20.02
2/6/2012,1344.33,20.08
2/7/2012,1347.05,19.79
2/8/2012,1349.96,19.99
2/9/2012,1351.95,20.37
2/10/2012,1342.64,21.65
2/13/2012,1351.77,20.9
2/14/2012,1350.5,21.85
2/15/2012,1343.23,22.22
2/16/2012,1358.04,21.27
2/17/2012,1361.23,21.22
2/21/2012,1362.21,21.25
2/22/2012,1357.66,21.22
2/23/2012,1363.46,20.63
2/24/2012,1365.74,20.66
2/27/2012,1367.59,20.66
2/28/2012,1372.18,20.88
2/29/2012,1365.68,20.8
3/1/2012,1374.09,20.66
3/2/2012,1369.63,20.62
3/5/2012,1364.33,20.97
3/6/2012,1343.36,22.08
3/7/2012,1352.63,21.61
3/8/2012,1365.91,20.94
3/9/2012,1370.87,20.6
3/12/2012,1371.09,20.36
3/13/2012,1395.95,19.66
3/14/2012,1394.28,20.15
3/15/2012,1402.6,19.92
3/16/2012,1404.17,19.83
3/19/2012,1409.75,19.5
3/20/2012,1405.52,19.6
3/21/2012,1402.89,19.13
3/22/2012,1392.78,19.39
3/23/2012,1397.11,18.75
3/26/2012,1416.51,18.15
3/27/2012,1412.52,18.21
3/28/2012,1405.54,18.59
3/29/2012,1403.28,18.47
3/30/2012,1408.47,18.29
4/2/2012,1419.04,17.99
4/3/2012,1413.38,18.47
4/4/2012,1398.96,18.94
4/5/2012,1398.08,19.08
4/9/2012,1382.2,19.64
4/10/2012,1358.59,21.16
4/11/2012,1368.71,20.99
4/12/2012,1387.57,20.39
4/13/2012,1370.26,20.8
4/16/2012,1369.57,20.96
4/17/2012,1390.78,20.14
4/18/2012,1385.14,20.32
4/19/2012,1376.92,20.78
4/20/2012,1378.53,20.48
4/23/2012,1366.94,20.93
4/24/2012,1371.97,20.7
4/25/2012,1390.69,19.86
4/26/2012,1399.98,19.24
4/27/2012,1403.36,19.09
4/30/2012,1397.91,19.36
5/1/2012,1405.82,19.04
5/2/2012,1402.31,19.22
5/3/2012,1391.57,19.44
5/4/2012,1369.1,20.16
5/7/2012,1369.58,20.05
5/8/2012,1363.72,20.26
5/9/2012,1354.58,20.84
5/10/2012,1357.99,20.44
5/11/2012,1353.39,20.66
5/14/2012,1338.35,21.49
5/15/2012,1330.66,22.37
5/16/2012,1324.8,22.66
5/17/2012,1304.86,23.15
5/18/2012,1295.22,23.91
5/21/2012,1315.99,23.01
5/22/2012,1316.63,22.98
5/23/2012,1318.86,23.38
5/24/2012,1320.68,23.38
5/25/2012,1317.82,23.59
5/29/2012,1332.42,22.85
5/30/2012,1313.32,23.38
5/31/2012,1310.33,23.34
6/1/2012,1278.04,24.98
6/4/2012,1278.18,24.94
6/5/2012,1285.5,24.47
6/6/2012,1315.13,23.6
6/7/2012,1314.99,22.9
6/8/2012,1325.66,23.04
6/11/2012,1308.93,23.52
6/12/2012,1324.18,23.5
6/13/2012,1314.88,24.36
6/14/2012,1329.1,23.59
6/15/2012,1342.84,22.8
6/18/2012,1344.78,22.27
6/19/2012,1357.98,21.55
6/20/2012,1355.69,21.76
6/21/2012,1325.51,22.63
6/22/2012,1335.02,21.94
6/25/2012,1313.72,22.46
6/26/2012,1319.99,22.14
6/27/2012,1331.85,22.03
6/28/2012,1329.04,22.37
6/29/2012,1362.16,20.97
7/2/2012,1365.51,20.72
7/3/2012,1374.02,20.34
7/5/2012,1367.58,20.7
7/6/2012,1354.68,21.01
7/9/2012,1352.46,21.02
7/10/2012,1341.47,21.33
7/11/2012,1341.45,21.35
7/12/2012,1334.76,21.12
7/13/2012,1356.78,20.36
7/16/2012,1353.64,20.33
7/17/2012,1363.67,19.86
7/18/2012,1372.78,19.79
7/19/2012,1376.51,19.73
7/20/2012,1362.66,20.19
7/23/2012,1350.52,20.9
7/24/2012,1338.31,21.75
7/25/2012,1337.89,21.44
7/26/2012,1360.02,20.79
7/27/2012,1385.97,20.18
7/30/2012,1385.3,20.47
7/31/2012,1379.32,20.63
8/1/2012,1375.14,20.45
8/2/2012,1365,20.71
8/3/2012,1390.99,20.1
8/6/2012,1394.23,19.82
8/7/2012,1401.35,20.04
8/8/2012,1402.22,20.06
8/9/2012,1402.8,19.86
8/10/2012,1405.87,19.78
8/13/2012,1404.11,19.77
8/14/2012,1403.93,20.07
8/15/2012,1405.53,20.2
8/16/2012,1415.51,20.25
8/17/2012,1418.16,20.06
8/20/2012,1418.13,20.25
8/21/2012,1413.17,20.73
8/22/2012,1413.49,20.98
8/23/2012,1402.08,21.37
8/24/2012,1411.13,20.97
8/27/2012,1410.44,21.07
8/28/2012,1409.3,21.02
8/29/2012,1410.49,21.32
8/30/2012,1399.48,21.7
8/31/2012,1406.58,21.73
9/4/2012,1404.94,21.49
9/5/2012,1403.44,20.95
9/6/2012,1432.12,20.28
9/7/2012,1437.92,19.88
9/10/2012,1429.08,19.63
9/11/2012,1433.56,19.71
9/12/2012,1436.56,19.4
9/13/2012,1459.99,18.38
9/14/2012,1465.77,18.68
9/17/2012,1461.19,18.89
9/18/2012,1459.32,18.7
9/19/2012,1461.05,18.33
9/20/2012,1460.26,18.53
9/21/2012,1460.15,18.55
9/24/2012,1456.89,18.51
9/25/2012,1441.59,18.85
9/26/2012,1433.32,19.45
9/27/2012,1447.15,18.86
9/28/2012,1440.67,18.99
10/1/2012,1444.49,19.08
10/2/2012,1445.75,19.15
10/3/2012,1450.99,18.94
10/4/2012,1461.4,18.6
10/5/2012,1460.93,18.39
10/8/2012,1455.88,18.5
10/9/2012,1441.48,18.76
10/10/2012,1432.56,18.87
10/11/2012,1432.84,18.51
10/12/2012,1428.59,18.43
10/15/2012,1440.13,18.07
10/16/2012,1454.92,17.83
10/17/2012,1460.91,17.66
10/18/2012,1457.34,17.77
10/19/2012,1433.19,18.39
10/22/2012,1433.82,18.56
10/23/2012,1413.11,18.95
10/24/2012,1408.75,19.11
10/25/2012,1412.97,18.9
10/26/2012,1411.94,18.79
10/31/2012,1412.16,18.9
11/1/2012,1427.59,18.31
11/2/2012,1414.2,18.33
11/5/2012,1417.26,18.73
11/6/2012,1428.39,18.26
11/7/2012,1394.53,19.04
11/8/2012,1377.51,19.25
11/9/2012,1379.85,19.35
11/12/2012,1380.03,19.12
11/13/2012,1374.53,19
11/14/2012,1355.49,19.32
11/15/2012,1353.33,19.52
11/16/2012,1359.88,19.02
11/19/2012,1386.89,18.2
11/20/2012,1387.81,18.04
11/21/2012,1391.03,17.98
11/23/2012,1409.15,17.64
11/26/2012,1406.29,17.86
11/27/2012,1398.94,17.89
11/28/2012,1409.93,17.8
11/29/2012,1415.95,17.67
11/30/2012,1416.18,17.89
12/3/2012,1409.46,18
12/4/2012,1407.05,18.15
12/5/2012,1409.28,17.85
12/6/2012,1413.94,17.97
12/7/2012,1418.07,17.77
12/10/2012,1418.55,17.73
12/11/2012,1427.84,17.82
12/12/2012,1428.48,17.95
12/13/2012,1419.45,18.43
12/14/2012,1413.58,18.53
12/17/2012,1430.36,18.31
12/18/2012,1446.79,17.74
12/19/2012,1435.81,18.21
12/20/2012,1443.69,18.09
12/21/2012,1430.15,18.5
12/24/2012,1426.66,18.69
12/26/2012,1419.83,18.93
12/27/2012,1418.1,19.1
12/28/2012,1402.43,19.34
12/31/2012,1426.19,18.68
1/2/2013,1462.42,17.46
1/3/2013,1459.37,17.34
1/4/2013,1466.47,16.96
1/7/2013,1461.89,17.13
1/8/2013,1457.15,17.2
1/9/2013,1461.02,17.35
1/10/2013,1472.12,16.96
1/11/2013,1472.05,16.97
1/14/2013,1470.68,17.08
1/15/2013,1472.34,17.03
1/16/2013,1472.63,16.92
1/17/2013,1480.94,16.72
1/18/2013,1485.98,16.51
1/22/2013,1492.56,15.83
1/23/2013,1494.81,15.34
1/24/2013,1494.82,15.43
1/25/2013,1502.96,15.26
1/28/2013,1500.18,15.32
1/29/2013,1507.84,15.11
1/30/2013,1501.96,15.35
1/31/2013,1498.11,15.63
2/1/2013,1513.17,15.27
2/4/2013,1495.71,15.72
2/5/2013,1511.29,15.45
2/6/2013,1512.12,15.58
2/7/2013,1509.39,15.7
2/8/2013,1517.93,15.37
2/11/2013,1517.01,15.33
2/12/2013,1519.43,15.26
2/13/2013,1520.33,15.36
2/14/2013,1521.38,15.2
2/15/2013,1519.79,15.36
2/19/2013,1530.94,15.11
2/20/2013,1511.95,15.49
2/21/2013,1502.42,15.85
2/22/2013,1515.6,15.68
2/25/2013,1487.85,16.33
2/26/2013,1496.94,16.55
2/27/2013,1515.99,15.7
2/28/2013,1514.68,15.72
3/1/2013,1518.2,16
3/4/2013,1525.2,15.79
3/5/2013,1539.79,15.49
3/6/2013,1541.46,15.42
3/7/2013,1544.26,15.26
3/8/2013,1551.18,15.17
3/11/2013,1556.22,14.97
3/12/2013,1552.48,15.13
3/13/2013,1554.52,15.11
3/14/2013,1563.23,14.83
3/15/2013,1560.7,15.02
3/18/2013,1552.1,15.44
3/19/2013,1548.34,15.94
3/20/2013,1558.71,15.33
3/21/2013,1545.8,15.62
3/22/2013,1556.89,15.71
3/25/2013,1551.69,15.71
3/26/2013,1563.77,15.49
3/27/2013,1562.85,15.58
3/28/2013,1569.19,15.57
4/1/2013,1562.17,15.85
4/2/2013,1570.25,15.66
4/3/2013,1553.69,15.93
4/4/2013,1559.98,16.29
4/5/2013,1553.28,16.38
4/8/2013,1563.07,16.04
4/9/2013,1568.61,15.72
4/10/2013,1587.73,15.45
4/11/2013,1593.37,15.37
4/12/2013,1588.85,15.5
4/15/2013,1552.36,16.35
4/16/2013,1574.57,15.9
4/17/2013,1552.01,16.66
4/18/2013,1541.61,17.12
4/19/2013,1555.25,16.57
4/22/2013,1562.5,16.26
4/23/2013,1578.78,15.71
4/24/2013,1578.79,15.57
4/25/2013,1585.16,15.59
4/26/2013,1582.24,15.52
4/29/2013,1593.61,15.36
4/30/2013,1597.57,15.28
5/1/2013,1582.7,15.61
5/2/2013,1597.59,15.31
5/3/2013,1614.42,15.07
5/6/2013,1617.5,15.06
5/7/2013,1625.96,15.02
5/8/2013,1632.69,15.17
5/9/2013,1626.67,15.5
5/10/2013,1633.7,15.65
5/13/2013,1633.77,15.78
5/14/2013,1650.34,15.82
5/15/2013,1658.78,16.08
5/16/2013,1650.47,16.11
5/17/2013,1667.47,16.08
5/20/2013,1666.29,16.24
5/21/2013,1669.16,16.43
5/22/2013,1655.35,16.83
5/23/2013,1650.51,16.69
5/24/2013,1649.6,16.63
5/28/2013,1660.06,16.43
5/29/2013,1648.36,16.53
5/30/2013,1654.41,16.45
5/31/2013,1630.74,16.83
6/3/2013,1640.42,17.21
6/4/2013,1631.38,17.31
6/5/2013,1608.9,17.5
6/6/2013,1622.56,17.46
6/7/2013,1643.38,17.01
6/10/2013,1642.81,16.98
6/11/2013,1626.13,17.47
6/12/2013,1612.52,18.1
6/13/2013,1636.36,17.58
6/14/2013,1626.73,17.65
6/17/2013,1639.04,17.53
6/18/2013,1651.81,17.23
6/19/2013,1628.93,17.01
6/20/2013,1588.19,18.52
6/21/2013,1592.43,18.02
6/24/2013,1573.09,18.63
6/25/2013,1588.03,18.29
6/26/2013,1603.26,17.98
6/27/2013,1613.2,17.79
6/28/2013,1606.28,17.75
7/1/2013,1614.96,17.65
7/2/2013,1614.08,17.73
7/3/2013,1615.41,17.53
7/5/2013,1631.89,17.21
7/8/2013,1640.46,16.87
7/9/2013,1652.32,16.35
7/10/2013,1652.62,16.38
7/11/2013,1675.02,16.11
7/12/2013,1680.19,16.26
7/15/2013,1682.5,16.12
7/16/2013,1676.26,16.37
7/17/2013,1680.91,16.14
7/18/2013,1689.37,15.99
7/19/2013,1692.09,15.87
7/22/2013,1695.53,15.71
7/23/2013,1692.39,15.73
7/24/2013,1685.94,15.99
7/25/2013,1690.25,15.83
7/26/2013,1691.65,15.78
7/29/2013,1685.33,15.8
7/30/2013,1685.96,15.73
7/31/2013,1685.73,15.5
8/1/2013,1706.87,15.39
8/2/2013,1709.67,15.26
8/5/2013,1707.14,15.17
8/6/2013,1697.37,15.45
8/7/2013,1690.91,15.6
8/8/2013,1697.48,15.42
8/9/2013,1691.42,15.56
8/12/2013,1689.47,15.69
8/13/2013,1694.16,15.51
8/14/2013,1685.39,15.67
8/15/2013,1661.32,16.27
8/16/2013,1655.83,16.17
8/19/2013,1646.06,16.31
8/20/2013,1652.35,16.14
8/21/2013,1642.8,16.18
8/22/2013,1656.96,16.09
8/23/2013,1663.5,15.99
8/26/2013,1656.78,16.13
8/27/2013,1630.48,17
8/28/2013,1634.96,16.97
8/29/2013,1638.17,17.42
8/30/2013,1632.97,17.49
9/3/2013,1639.77,17.39
9/4/2013,1653.08,17.22
9/5/2013,1655.08,17.08
9/6/2013,1655.17,16.89
9/9/2013,1671.71,16.68
9/10/2013,1683.99,16.33
9/11/2013,1689.13,16.05
9/12/2013,1683.42,16.1
9/13/2013,1687.99,16.04
9/16/2013,1697.6,15.84
9/17/2013,1704.76,15.81
9/18/2013,1725.52,15.57
9/19/2013,1722.34,15.7
9/20/2013,1709.91,15.94
9/23/2013,1701.84,16.15
9/24/2013,1697.42,16.05
9/25/2013,1692.77,16.05
9/26/2013,1698.67,16.03
9/27/2013,1691.75,16.14
9/30/2013,1681.55,16.53
10/1/2013,1695,16.23
10/2/2013,1693.87,16.4
10/3/2013,1678.66,16.72
10/4/2013,1690.5,16.6
10/7/2013,1676.12,17.14
10/8/2013,1655.45,17.71
10/9/2013,1656.4,17.49
10/10/2013,1692.56,16.66
10/11/2013,1703.2,16.32
10/14/2013,1710.14,16.08
10/15/2013,1698.06,16.54
10/16/2013,1721.54,15.92
10/17/2013,1733.15,15.37
10/18/2013,1744.5,15.21
10/21/2013,1744.66,15.31
10/22/2013,1754.67,15.24
10/23/2013,1746.38,15.48
10/24/2013,1752.07,15.32
10/25/2013,1759.77,15.38
10/28/2013,1762.11,15.46
10/29/2013,1771.95,15.43
10/30/2013,1763.31,15.58
10/31/2013,1756.54,15.52
11/1/2013,1761.64,15.62
11/4/2013,1767.93,15.51
11/5/2013,1762.97,15.68
11/6/2013,1770.49,15.6
11/7/2013,1747.15,15.94
11/8/2013,1770.61,15.67
11/11/2013,1771.89,15.64
11/12/2013,1767.69,15.95
11/13/2013,1782,15.95
11/14/2013,1790.62,15.79
11/15/2013,1798.18,15.87
11/18/2013,1791.53,16.04
11/19/2013,1787.87,16.06
11/20/2013,1781.37,16.1
11/21/2013,1795.85,15.69
11/22/2013,1804.76,15.52
11/25/2013,1802.48,15.58
11/26/2013,1802.75,15.47
11/27/2013,1807.23,15.56
11/29/2013,1805.81,15.69
12/2/2013,1800.9,15.75
12/3/2013,1795.15,16.03
12/4/2013,1792.81,15.96
12/5/2013,1785.03,15.92
12/6/2013,1805.09,15.36
12/9/2013,1808.37,15.32
12/10/2013,1802.62,15.41
12/11/2013,1782.22,15.85
12/12/2013,1775.5,15.86
12/13/2013,1775.32,15.89
12/16/2013,1786.54,16.1
12/17/2013,1781,16.18
12/18/2013,1810.65,15.65
12/19/2013,1809.6,15.74
12/20/2013,1818.32,15.55
12/23/2013,1827.99,15.31
12/24/2013,1833.32,15.13
12/26/2013,1842.02,15.05
12/27/2013,1841.4,14.96
12/30/2013,1841.07,15.16
12/31/2013,1848.36,15.26
1/2/2014,1831.98,15.36
1/3/2014,1831.37,15.31
1/6/2014,1826.77,15.19
1/7/2014,1837.88,14.94
1/8/2014,1837.49,15.07
1/9/2014,1838.13,14.9
1/10/2014,1842.37,14.78
1/13/2014,1819.2,15.21
1/14/2014,1838.88,14.92
1/15/2014,1848.38,14.87
1/16/2014,1845.89,15.1
1/17/2014,1838.7,15.19
1/21/2014,1843.8,15.02
1/22/2014,1844.86,14.95
1/23/2014,1828.46,15.25
1/24/2014,1790.29,16.09
1/27/2014,1781.56,16.02
1/28/2014,1792.5,15.87
1/29/2014,1774.2,16.18
1/30/2014,1794.19,16
1/31/2014,1782.59,16.6
2/3/2014,1741.89,17.46
2/4/2014,1755.2,17.07
2/5/2014,1751.64,17.25
2/6/2014,1773.43,16.41
2/7/2014,1797.02,15.79
2/10/2014,1799.84,15.69
2/11/2014,1819.75,15.37
2/12/2014,1819.26,15.31
2/13/2014,1829.83,15.21
2/14/2014,1838.63,15.02
2/18/2014,1840.76,15.01
2/19/2014,1828.75,15.35
2/20/2014,1839.78,15.1
2/21/2014,1836.25,15.05
2/24/2014,1847.61,14.96
2/25/2014,1845.12,14.91
2/26/2014,1845.16,15.15
2/27/2014,1854.29,15
2/28/2014,1859.45,15.08
3/3/2014,1845.73,15.54
3/4/2014,1873.91,15
3/5/2014,1873.81,15.07
3/6/2014,1877.03,15.25
3/7/2014,1878.04,15.27
3/10/2014,1877.17,15.27
3/11/2014,1867.63,15.48
3/12/2014,1868.2,15.39
3/13/2014,1846.34,15.86
3/14/2014,1841.13,16.15
3/17/2014,1858.83,15.54
3/18/2014,1872.25,15.3
3/19/2014,1860.77,15.4
3/20/2014,1872.01,15.11
3/21/2014,1866.52,15.26
3/24/2014,1857.44,15.46
3/25/2014,1865.62,15.28
3/26/2014,1852.56,15.56
3/27/2014,1849.04,15.49
3/28/2014,1857.62,15.28
3/31/2014,1872.34,15.03
4/1/2014,1885.52,14.81
4/2/2014,1890.9,14.8
4/3/2014,1888.77,14.87
4/4/2014,1865.09,15.1
4/7/2014,1845.04,15.58
4/8/2014,1851.96,15.35
4/9/2014,1872.18,15.05
4/10/2014,1833.08,15.7
4/11/2014,1815.69,15.94
4/14/2014,1830.61,15.73
4/15/2014,1842.98,15.58
4/16/2014,1862.31,15.24
4/17/2014,1864.85,15.1
4/21/2014,1871.89,15.12
4/22/2014,1879.55,14.97
4/23/2014,1875.39,15.06
4/24/2014,1878.61,15.01
4/25/2014,1863.4,15.26
4/28/2014,1869.43,14.98
4/29/2014,1878.33,14.84
4/30/2014,1883.95,14.79
5/1/2014,1883.68,14.8
5/2/2014,1881.14,15.04
5/5/2014,1884.66,14.94
5/6/2014,1867.72,14.96
5/7/2014,1878.21,15.02
5/8/2014,1875.63,15.12
5/9/2014,1878.48,14.59
5/12/2014,1896.65,14.36
5/13/2014,1897.45,14.44
5/14/2014,1888.53,14.55
5/15/2014,1870.85,14.79
5/16/2014,1877.86,14.54
5/19/2014,1885.08,14.41
5/20/2014,1872.83,14.36
5/21/2014,1888.03,14.18
5/22/2014,1892.49,14.22
5/23/2014,1900.53,14.27
5/27/2014,1911.91,14.25
5/28/2014,1909.78,14.42
5/29/2014,1920.03,14.42
5/30/2014,1923.57,14.44
6/2/2014,1924.97,14.63
6/3/2014,1924.24,14.58
6/4/2014,1927.88,14.58
6/5/2014,1940.46,14.34
6/6/2014,1949.44,13.96
6/9/2014,1951.27,14.08
6/10/2014,1950.79,14.02
6/11/2014,1943.89,14.23
6/12/2014,1930.11,14.5
6/13/2014,1936.16,14.51
6/16/2014,1937.78,14.62
6/17/2014,1941.99,14.51
6/18/2014,1956.98,14.11
6/19/2014,1959.48,13.97
6/20/2014,1962.87,13.99
6/23/2014,1962.61,14.15
6/24/2014,1949.98,14.53
6/25/2014,1959.53,14.31
6/26/2014,1957.22,14.28
6/27/2014,1960.96,14.23
6/30/2014,1960.23,14.28
7/1/2014,1973.32,14.24
7/2/2014,1974.62,14.09
7/3/2014,1985.44,13.77
7/7/2014,1977.65,14.14
7/8/2014,1963.71,14.39
7/9/2014,1972.83,14.23
7/10/2014,1964.68,14.39
7/11/2014,1967.57,14.25
7/14/2014,1977.1,14.1
7/15/2014,1973.28,14.2
7/16/2014,1981.57,14.09
7/17/2014,1958.12,14.7
7/18/2014,1978.22,14.14
7/21/2014,1973.63,14.31
7/22/2014,1983.53,14.31
7/23/2014,1987.01,14.43
7/24/2014,1987.98,14.55
7/25/2014,1978.34,14.74
7/28/2014,1978.91,14.69
7/29/2014,1969.95,14.84
7/30/2014,1970.07,14.83
7/31/2014,1930.67,15.86
8/1/2014,1925.15,16.16
8/4/2014,1938.99,15.77
8/5/2014,1920.21,16.42
8/6/2014,1920.24,16.57
8/7/2014,1909.57,16.8
8/8/2014,1931.59,16.38
8/11/2014,1936.92,15.98
8/12/2014,1933.75,16.01
8/13/2014,1946.72,15.62
8/14/2014,1955.18,15.17
8/15/2014,1955.06,15.22
8/18/2014,1971.74,14.82
8/19/2014,1981.6,14.75
8/20/2014,1986.51,14.72
8/21/2014,1992.37,14.6
8/22/2014,1988.4,14.65
8/25/2014,1997.92,14.59
8/26/2014,2000.02,14.65
8/27/2014,2000.12,14.81
8/28/2014,1996.74,15.03
8/29/2014,2003.37,15.04
9/2/2014,2002.28,15.02
9/3/2014,2000.72,15.02
9/4/2014,1997.65,15.09
9/5/2014,2007.71,14.76
9/8/2014,2001.54,14.93
9/9/2014,1988.44,15.14
9/10/2014,1995.69,15.03
9/11/2014,1997.45,15.01
9/12/2014,1985.54,15.23
9/15/2014,1984.13,15.32
9/16/2014,1998.98,15.01
9/17/2014,2001.57,14.81
9/18/2014,2011.36,14.68
9/19/2014,2010.4,14.74
9/22/2014,1994.29,15.2
9/23/2014,1982.77,15.56
9/24/2014,1998.3,15.19
9/25/2014,1965.99,15.93
9/26/2014,1982.85,15.57
9/29/2014,1977.8,15.99
9/30/2014,1972.29,16.1
10/1/2014,1946.16,16.72
10/2/2014,1946.17,16.56
10/3/2014,1967.9,15.96
10/6/2014,1964.82,16.08
10/7/2014,1935.1,16.71
10/8/2014,1968.89,16.07
10/9/2014,1928.21,16.91
10/10/2014,1906.13,17.86
10/13/2014,1874.74,18.87
10/14/2014,1877.7,18.49
10/15/2014,1862.49,19.39
10/16/2014,1862.76,19
10/17/2014,1886.76,18.31
10/20/2014,1904.01,17.71
10/21/2014,1941.28,16.93
10/22/2014,1927.11,17.4
10/23/2014,1950.82,16.97
10/24/2014,1964.58,16.83
10/27/2014,1961.63,16.75
10/28/2014,1985.05,16.2
10/29/2014,1982.3,16.42
10/30/2014,1994.65,16.26
10/31/2014,2018.05,16.03
11/3/2014,2017.81,16.16
11/4/2014,2012.1,16.4
11/5/2014,2023.57,16.27
11/6/2014,2031.21,15.93
11/7/2014,2031.92,15.78
11/10/2014,2038.26,15.26
11/11/2014,2039.68,15.46
11/12/2014,2038.25,15.55
11/13/2014,2039.33,15.71
11/14/2014,2039.82,15.7
11/17/2014,2041.32,15.76
11/18/2014,2051.8,15.59
11/19/2014,2048.72,15.81
11/20/2014,2052.75,15.65
11/21/2014,2063.5,15.71
11/24/2014,2069.41,15.49
11/25/2014,2067.03,15.66
11/26/2014,2072.83,15.57
11/28/2014,2067.56,15.86
12/1/2014,2053.44,16.04
12/2/2014,2066.55,15.74
12/3/2014,2074.33,15.53
12/4/2014,2071.92,15.6
12/5/2014,2075.37,15.47
12/8/2014,2060.31,16.09
12/9/2014,2059.82,16.22
12/10/2014,2026.14,17.19
12/11/2014,2035.33,17.76
12/12/2014,2002.33,18.93
12/15/2014,1989.63,18.61
12/16/2014,1972.74,19.29
12/17/2014,2012.89,17.83
12/18/2014,2061.23,17.03
12/19/2014,2070.65,16.99
12/22/2014,2078.54,16.55
12/23/2014,2082.17,16.55
12/24/2014,2081.88,16.92
12/26/2014,2088.77,16.35
12/29/2014,2090.57,16.33
12/30/2014,2080.35,16.56
12/31/2014,2058.9,17.26
1/2/2015,2058.2,17.12
1/5/2015,2020.58,18.02
1/6/2015,2002.61,18.18
1/7/2015,2025.9,17.68
1/8/2015,2062.14,16.84
1/9/2015,2044.81,17.04
1/12/2015,2028.26,17.48
1/13/2015,2023.03,17.74
1/14/2015,2011.27,17.86
1/15/2015,1992.67,18.29
1/16/2015,2019.42,17.81
1/20/2015,2022.55,17.51
1/21/2015,2032.12,17.16
1/22/2015,2063.15,16.35
1/23/2015,2051.82,16.59
1/26/2015,2057.09,16.3
1/27/2015,2029.55,16.74
1/28/2015,2002.16,17.91
1/29/2015,2021.25,17.38
1/30/2015,1994.99,18.02
2/2/2015,2020.85,17.62
2/3/2015,2050.03,16.79
2/4/2015,2041.51,17.01
2/5/2015,2062.52,16.74
2/6/2015,2055.47,17.13
2/9/2015,2046.74,17.54
2/10/2015,2068.59,17.02
2/11/2015,2068.53,17
2/12/2015,2088.48,16.33
2/13/2015,2096.99,16.21
2/17/2015,2100.34,16.21
2/18/2015,2099.68,16.22
2/19/2015,2097.45,16.39
2/20/2015,2110.3,15.94
2/23/2015,2109.66,15.86
2/24/2015,2115.48,15.51
2/25/2015,2113.86,15.47
2/26/2015,2110.74,15.44
2/27/2015,2104.5,15.52
3/2/2015,2117.39,15.2
3/3/2015,2107.78,15.39
3/4/2015,2098.53,15.44
3/5/2015,2101.04,15.4
3/6/2015,2071.26,15.88
3/9/2015,2079.43,15.8
3/10/2015,2044.16,16.4
3/11/2015,2040.24,16.75
3/12/2015,2065.95,16.23
3/13/2015,2053.4,16.61
3/16/2015,2081.19,16.11
3/17/2015,2074.28,16.27
3/18/2015,2099.5,15.73
3/19/2015,2089.27,16.04
3/20/2015,2108.1,15.73
3/23/2015,2104.42,15.84
3/24/2015,2091.5,15.96
3/25/2015,2061.05,16.63
3/26/2015,2056.15,16.72
3/27/2015,2061.02,16.62
3/30/2015,2086.24,16.25
3/31/2015,2067.89,16.68
4/1/2015,2059.69,16.76
4/2/2015,2066.96,16.67
4/6/2015,2080.62,16.46
4/7/2015,2076.33,16.45
4/8/2015,2081.9,16.25
4/9/2015,2091.18,15.94
4/10/2015,2102.06,15.68
4/13/2015,2092.43,16.09
4/14/2015,2095.84,15.95
4/15/2015,2106.63,15.78
4/16/2015,2104.99,15.81
4/17/2015,2081.18,16.37
4/20/2015,2100.4,16.1
4/21/2015,2097.29,16.08
4/22/2015,2107.96,15.96
4/23/2015,2112.93,15.99
4/24/2015,2117.69,16.01
4/27/2015,2108.92,16.2
4/28/2015,2114.76,16
4/29/2015,2106.85,16.25
4/30/2015,2085.51,16.64
5/1/2015,2108.29,16.08
5/4/2015,2114.49,16.05
5/5/2015,2089.46,16.54
5/6/2015,2080.15,16.74
5/7/2015,2088,16.63
5/8/2015,2116.1,16.04
5/11/2015,2105.33,16.37
5/12/2015,2099.12,16.28
5/13/2015,2098.48,16.29
5/14/2015,2121.1,15.95
5/15/2015,2122.73,15.88
5/18/2015,2129.2,15.73
5/19/2015,2127.83,15.54
5/20/2015,2125.85,15.47
5/21/2015,2130.82,15.24
5/22/2015,2126.06,15.31
5/26/2015,2104.2,15.79
5/27/2015,2123.48,15.44
5/28/2015,2120.79,15.43
5/29/2015,2107.39,15.73
6/1/2015,2111.73,15.73
6/2/2015,2109.6,15.86
6/3/2015,2114.07,15.82
6/4/2015,2095.84,16.27
6/5/2015,2092.83,16.39
6/8/2015,2079.28,16.7
6/9/2015,2080.15,16.58
6/10/2015,2105.2,15.97
6/11/2015,2108.86,15.76
6/12/2015,2094.11,16.04
6/15/2015,2084.43,16.43
6/16/2015,2096.29,16.25
6/17/2015,2100.44,16.13
6/18/2015,2121.24,15.87
6/19/2015,2109.99,16.06
6/22/2015,2122.85,15.62
6/23/2015,2124.2,15.38
6/24/2015,2108.58,15.67
6/25/2015,2102.31,15.78
6/26/2015,2101.49,15.76
6/29/2015,2057.64,16.87
6/30/2015,2063.11,16.56
7/1/2015,2077.42,15.98
7/2/2015,2076.78,16.2
7/6/2015,2068.76,16.42
7/7/2015,2081.34,16.09
7/8/2015,2046.68,16.81
7/9/2015,2051.31,17.04
7/10/2015,2076.62,16.18
7/13/2015,2099.6,15.35
7/14/2015,2108.95,15.28
7/15/2015,2107.4,15.32
7/16/2015,2124.29,15.1
7/17/2015,2126.64,15.03
7/20/2015,2128.28,15.05
7/21/2015,2119.21,15.12
7/22/2015,2114.15,15.09
7/23/2015,2102.15,15.34
7/24/2015,2079.65,15.74
7/27/2015,2067.64,16.21
7/28/2015,2093.25,15.64
7/29/2015,2108.57,15.33
7/30/2015,2108.63,15.28
7/31/2015,2103.84,15.31
8/3/2015,2098.04,15.38
8/4/2015,2093.32,15.49
8/5/2015,2099.84,15.37
8/6/2015,2083.56,15.69
8/7/2015,2077.57,15.62
8/10/2015,2104.18,15.23
8/11/2015,2084.07,15.78
8/12/2015,2086.05,15.73
8/13/2015,2083.39,15.78
8/14/2015,2091.54,15.6
8/17/2015,2102.44,15.4
8/18/2015,2096.92,15.56
8/19/2015,2079.61,15.94
8/20/2015,2035.73,16.74
8/21/2015,1970.89,18.2
8/24/2015,1893.21,19.47
8/25/2015,1867.61,20.41
8/26/2015,1940.51,18.99
8/27/2015,1987.66,18.45
8/28/2015,1988.87,19
8/31/2015,1972.18,19.8
9/1/2015,1913.85,21.19
9/2/2015,1948.86,20.16
9/3/2015,1951.13,20.38
9/4/2015,1921.22,21.08
9/8/2015,1969.41,20.14
9/9/2015,1942.04,20.42
9/10/2015,1952.29,20.28
9/11/2015,1961.05,20.01
9/14/2015,1953.03,20.35
9/15/2015,1978.09,19.4
9/16/2015,1995.31,18.7
9/17/2015,1990.2,18.76
9/18/2015,1958.03,19.32
9/21/2015,1966.97,18.62
9/22/2015,1942.74,19.4
9/23/2015,1938.76,19.24
9/24/2015,1932.24,19.69
9/25/2015,1931.34,19.81
9/28/2015,1881.77,20.87
9/29/2015,1884.09,20.71
9/30/2015,1920.03,20.23
10/1/2015,1923.82,19.96
10/2/2015,1951.36,19.37
10/5/2015,1987.05,18.74
10/6/2015,1979.92,18.81
10/7/2015,1995.83,18.49
10/8/2015,2013.43,18.14
10/9/2015,2014.89,18.03
10/12/2015,2017.46,17.73
10/13/2015,2003.69,18.2
10/14/2015,1994.24,18.52
10/15/2015,2023.86,17.81
10/16/2015,2033.11,17.52
10/19/2015,2033.66,17.13
10/20/2015,2030.77,17.3
10/21/2015,2018.94,17.65
10/22/2015,2052.51,16.73
10/23/2015,2075.15,16.65
10/26/2015,2071.18,16.93
10/27/2015,2065.89,16.93
10/28/2015,2090.35,16.58
10/29/2015,2089.41,16.66
10/30/2015,2079.36,16.83
11/2/2015,2104.05,16.28
11/3/2015,2109.79,16.34
11/4/2015,2102.31,16.65
11/5/2015,2099.93,16.61
11/6/2015,2099.2,16.52
11/9/2015,2078.58,16.95
11/10/2015,2081.72,16.72
11/11/2015,2075,16.96
11/12/2015,2045.97,17.7
11/13/2015,2023.04,18.29
11/16/2015,2053.19,17.7
11/17/2015,2050.44,17.73
11/18/2015,2083.58,17.17
11/19/2015,2081.24,17.52
11/20/2015,2089.17,17.27
11/23/2015,2086.59,17.26
11/24/2015,2089.14,17.36
11/25/2015,2088.87,17.28
11/27/2015,2090.11,17.18
11/30/2015,2080.41,17.44
12/1/2015,2102.63,16.86
12/2/2015,2079.51,17.24
12/3/2015,2049.62,17.73
12/4/2015,2091.69,16.98
12/7/2015,2077.07,17.24
12/8/2015,2063.59,17.75
12/9/2015,2047.62,18.14
12/10/2015,2052.23,18.1
12/11/2015,2012.37,19.36
12/14/2015,2021.94,19
12/15/2015,2043.41,18.37
12/16/2015,2073.07,17.44
12/17/2015,2041.89,18.17
12/18/2015,2005.55,18.96
12/21/2015,2021.15,18.44
12/22/2015,2038.97,17.78
12/23/2015,2064.29,17.32
12/24/2015,2060.99,17.42
12/28/2015,2056.5,17.4
12/29/2015,2078.36,17
12/30/2015,2063.36,17.29
12/31/2015,2043.94,17.49
1/4/2016,2012.66,18.39
1/5/2016,2016.71,18.12
1/6/2016,1990.26,18.52
1/7/2016,1943.09,19.53
1/8/2016,1922.03,20.12
1/11/2016,1923.67,19.59
1/12/2016,1938.68,19.23
1/13/2016,1890.28,20.23
1/14/2016,1921.84,19.65
1/15/2016,1880.33,20.56
1/19/2016,1881.33,20.49
1/20/2016,1859.33,20.77
1/21/2016,1868.99,20.92
1/22/2016,1906.9,19.83
1/25/2016,1877.08,20.3
1/26/2016,1903.63,19.87
1/27/2016,1882.95,20.1
1/28/2016,1893.36,19.73
1/29/2016,1940.24,18.85
2/1/2016,1939.38,18.96
2/2/2016,1903.03,19.56
2/3/2016,1912.53,19.56
2/4/2016,1915.45,19.91
2/5/2016,1880.05,20.65
2/8/2016,1853.44,21.43
2/9/2016,1852.21,21.59
2/10/2016,1851.86,21.75
2/11/2016,1829.08,22.41
2/12/2016,1864.78,21.88
2/16/2016,1895.58,21.18
2/17/2016,1926.82,20.36
2/18/2016,1917.83,20.22
2/19/2016,1917.78,19.88
2/22/2016,1945.5,19.26
2/23/2016,1921.27,19.88
2/24/2016,1929.8,19.74
2/25/2016,1951.7,19.07
2/26/2016,1948.05,19.27
2/29/2016,1932.23,19.55
3/1/2016,1978.35,18.4
3/2/2016,1986.45,18.18
3/3/2016,1993.4,17.88
3/4/2016,1999.99,17.71
3/7/2016,2001.76,17.92
3/8/2016,1979.26,18.53
3/9/2016,1989.26,18.44
3/10/2016,1989.57,18.44
3/11/2016,2022.19,17.84
3/14/2016,2019.64,17.8
3/15/2016,2015.93,17.83
3/16/2016,2027.22,17.2
3/17/2016,2040.59,16.82
3/18/2016,2049.58,16.82
3/21/2016,2051.6,16.72
3/22/2016,2049.8,16.67
3/23/2016,2036.71,16.98
3/24/2016,2035.94,17.01
3/28/2016,2037.05,17
3/29/2016,2055.01,16.58
3/30/2016,2063.95,16.28
3/31/2016,2059.74,16.4
4/1/2016,2072.78,16.15
4/4/2016,2066.13,16.48
4/5/2016,2045.17,17.09
4/6/2016,2066.66,16.6
4/7/2016,2041.91,17.42
4/8/2016,2047.6,17.21
4/11/2016,2041.99,17.48
4/12/2016,2061.72,17.01
4/13/2016,2082.42,16.57
4/14/2016,2082.78,16.57
4/15/2016,2080.73,16.49
4/18/2016,2094.34,16.14
4/19/2016,2100.8,16.05
4/20/2016,2102.4,16.2
4/21/2016,2091.48,16.56
4/22/2016,2091.58,16.51
4/25/2016,2087.79,16.69
4/26/2016,2091.7,16.52
4/27/2016,2095.15,16.51
4/28/2016,2075.81,16.87
4/29/2016,2065.3,17.17
5/2/2016,2081.43,16.8
5/3/2016,2063.37,17.22
5/4/2016,2051.12,17.47
5/5/2016,2050.63,17.6
5/6/2016,2057.14,17.35
5/9/2016,2058.69,17.2
5/10/2016,2084.39,16.75
5/11/2016,2064.46,17.28
5/12/2016,2064.11,17.04
5/13/2016,2046.61,17.26
5/16/2016,2066.66,16.97
5/17/2016,2047.21,17.34
5/18/2016,2047.63,17.32
5/19/2016,2040.04,17.67
5/20/2016,2052.32,17.44
5/23/2016,2048.04,17.49
5/24/2016,2076.06,16.84
5/25/2016,2090.54,16.64
5/26/2016,2090.1,16.5
5/27/2016,2099.06,16.31
5/31/2016,2096.96,16.47
6/1/2016,2099.33,16.47
6/2/2016,2105.26,16.37
6/3/2016,2099.13,16.43
6/6/2016,2109.41,16.4
6/7/2016,2112.13,16.59
6/8/2016,2119.12,16.54
6/9/2016,2115.48,16.84
6/10/2016,2096.07,17.62
6/13/2016,2079.06,18.65
6/14/2016,2075.32,18.56
6/15/2016,2071.5,18.32
6/16/2016,2077.99,17.94
6/17/2016,2071.22,18.12
6/20/2016,2083.25,17.36
6/21/2016,2088.9,17.36
6/22/2016,2085.45,17.54
6/23/2016,2113.32,16.45
6/24/2016,2037.41,18.96
6/27/2016,2000.54,19.13
6/28/2016,2036.09,17.88
6/29/2016,2070.77,17.34
6/30/2016,2098.86,16.98
7/1/2016,2102.95,16.89
7/5/2016,2088.55,17.14
7/6/2016,2099.73,17.13
7/7/2016,2097.9,16.98
7/8/2016,2129.9,16.23
7/11/2016,2137.16,16.09
7/12/2016,2152.14,15.77
7/13/2016,2152.43,15.64
7/14/2016,2163.75,15.74
7/15/2016,2161.74,15.79
7/18/2016,2166.89,15.69
7/19/2016,2163.78,15.71
7/20/2016,2173.02,15.62
7/21/2016,2165.17,15.99
7/22/2016,2175.03,15.81
7/25/2016,2168.48,16.09
7/26/2016,2169.18,16.09
7/27/2016,2166.58,16.24
7/28/2016,2170.06,16.17
7/29/2016,2173.6,15.89
8/1/2016,2170.84,15.9
8/2/2016,2157.03,16.33
8/3/2016,2163.79,16.12
8/4/2016,2164.25,15.91
8/5/2016,2182.87,15.52
8/8/2016,2180.89,15.48
8/9/2016,2181.74,15.37
8/10/2016,2175.49,15.45
8/11/2016,2185.79,15.48
8/12/2016,2184.05,15.54
8/15/2016,2190.15,15.61
8/16/2016,2178.15,15.98
8/17/2016,2182.22,15.9
8/18/2016,2187.02,15.79
8/19/2016,2183.87,15.81
8/22/2016,2182.64,15.9
8/23/2016,2186.9,15.84
8/24/2016,2175.44,15.99
8/25/2016,2172.47,15.97
8/26/2016,2169.04,16.06
8/29/2016,2180.38,15.88
8/30/2016,2176.12,15.95
8/31/2016,2170.95,16.15
9/1/2016,2170.86,16.26
9/2/2016,2179.98,16.05
9/6/2016,2186.48,15.89
9/7/2016,2186.16,15.85
9/8/2016,2181.3,16.05
9/9/2016,2127.81,17.44
9/12/2016,2159.04,16.74
9/13/2016,2127.02,17.4
9/14/2016,2125.77,17.52
9/15/2016,2147.26,17.07
9/16/2016,2139.16,16.96
9/19/2016,2139.12,16.85
9/20/2016,2139.76,16.96
9/21/2016,2163.12,16.34
9/22/2016,2177.18,16.09
9/23/2016,2164.69,16.13
9/26/2016,2146.1,16.71
9/27/2016,2159.93,16.27
9/28/2016,2171.37,16.05
9/29/2016,2151.13,16.49
9/30/2016,2168.27,16.13
10/3/2016,2161.2,16.13
10/4/2016,2150.49,16.28
10/5/2016,2159.73,16.19
10/6/2016,2160.77,16.06
10/7/2016,2153.74,16.3
10/10/2016,2163.66,16.06
10/11/2016,2136.73,16.6
10/12/2016,2139.18,16.61
10/13/2016,2132.55,16.87
10/14/2016,2132.98,16.84
10/17/2016,2126.5,16.92
10/18/2016,2139.6,16.68
10/19/2016,2144.29,16.41
10/20/2016,2141.34,16.33
10/21/2016,2141.16,16.26
10/24/2016,2151.33,16.09
10/25/2016,2143.16,16.13
10/26/2016,2139.43,16.38
10/27/2016,2133.04,16.62
10/28/2016,2126.41,16.69
10/31/2016,2126.15,16.79
11/1/2016,2111.72,17.2
11/2/2016,2097.94,17.36
11/3/2016,2088.66,17.58
11/4/2016,2085.18,17.67
