Date,Adj Close
1/2/2001,44.56
1/3/2001,42.63
1/4/2001,41.44
1/5/2001,41.63
1/8/2001,41.44
1/9/2001,41
1/10/2001,40.5
1/11/2001,40.88
1/12/2001,41.41
1/15/2001,41.41
1/16/2001,40.91
1/17/2001,40.13
1/18/2001,39.59
1/19/2001,39.72
1/22/2001,39.72
1/23/2001,40.91
1/24/2001,40.81
1/25/2001,41.25
1/26/2001,40.5
1/29/2001,40.31
1/30/2001,42.03
1/31/2001,42.08
2/1/2001,41.74
2/2/2001,41.49
2/5/2001,42.4
2/6/2001,42.17
2/7/2001,42.18
2/8/2001,42.25
2/9/2001,42.94
2/12/2001,42.88
2/13/2001,42.4
2/14/2001,41.97
2/15/2001,41.25
2/16/2001,42.01
2/19/2001,42.01
2/20/2001,41.9
2/21/2001,41.76
2/22/2001,42.1
2/23/2001,41.75
2/26/2001,41.9
2/27/2001,41
2/28/2001,40.51
3/1/2001,40.7
3/2/2001,41.6
3/5/2001,41.92
3/6/2001,41.8
3/7/2001,42.1
3/8/2001,42.92
3/9/2001,42.99
3/12/2001,41.88
3/13/2001,41.65
3/14/2001,41.32
3/15/2001,41.47
3/16/2001,40.9
3/19/2001,40.63
3/20/2001,40.33
3/21/2001,39.9
3/22/2001,38.85
3/23/2001,38.45
3/26/2001,39.09
3/27/2001,40.32
3/28/2001,39.26
3/29/2001,39.15
3/30/2001,40.5
4/2/2001,39.8
4/3/2001,38.95
4/4/2001,39.35
4/5/2001,40.47
4/6/2001,41
4/9/2001,41.26
4/10/2001,42.01
4/11/2001,40.97
4/12/2001,41
4/16/2001,42.28
4/17/2001,42.35
4/18/2001,42.56
4/19/2001,42.22
4/20/2001,42.58
4/23/2001,44
4/24/2001,43.74
4/25/2001,44.54
4/26/2001,44.42
4/27/2001,44.53
4/30/2001,44.3
5/1/2001,44.33
5/2/2001,43.25
5/3/2001,43.05
5/4/2001,43.78
5/7/2001,44.1
5/8/2001,44.37
5/9/2001,44.86
5/10/2001,44.05
5/11/2001,43.82
5/14/2001,44.53
5/15/2001,44.72
5/16/2001,44.75
5/17/2001,44.37
5/18/2001,45.1
5/21/2001,44.38
5/22/2001,44.4
5/23/2001,43.63
5/24/2001,43.97
5/25/2001,44
5/28/2001,44
5/29/2001,43.9
5/30/2001,44.44
5/31/2001,44.38
6/1/2001,44.47
6/4/2001,45.38
6/5/2001,45.78
6/6/2001,44.7
6/7/2001,44.59
6/8/2001,44.69
6/11/2001,44.81
6/12/2001,45.06
6/13/2001,44.96
6/14/2001,44.39
6/15/2001,44.45
6/18/2001,44.25
6/19/2001,44.19
6/20/2001,43.87
6/21/2001,44.1
6/22/2001,44.46
6/25/2001,44.26
6/26/2001,44.28
6/27/2001,43.61
6/28/2001,43.41
6/29/2001,43.78
7/2/2001,43.85
7/3/2001,43.67
7/4/2001,43.67
7/5/2001,43.5
7/6/2001,43.4
7/9/2001,43.36
7/10/2001,42.88
7/11/2001,42.48
7/12/2001,42.72
7/13/2001,42.99
7/16/2001,42.99
7/17/2001,42.65
7/18/2001,42.13
7/19/2001,43.08
7/20/2001,43.36
7/23/2001,42.5
7/24/2001,40.97
7/25/2001,42.13
7/26/2001,42.72
7/27/2001,42.73
7/30/2001,42.41
7/31/2001,41.76
8/1/2001,41.6
8/2/2001,41.73
8/3/2001,41.26
8/6/2001,40.85
8/7/2001,41.38
8/8/2001,41.25
8/9/2001,40.95
8/10/2001,41.35
8/13/2001,41.4
8/14/2001,41.15
8/15/2001,41.5
8/16/2001,41.26
8/17/2001,40.46
8/20/2001,40.74
8/21/2001,40.36
8/22/2001,40.71
8/23/2001,40.89
8/24/2001,41.7
8/27/2001,41.05
8/28/2001,40.52
8/29/2001,40.38
8/30/2001,40.15
8/31/2001,40.19
9/3/2001,40.19
9/4/2001,40.75
9/5/2001,41.22
9/6/2001,40.9
9/7/2001,40.9
9/10/2001,41.24
9/11/2001,41.24
9/17/2001,40.15
9/18/2001,39.48
9/19/2001,38.41
9/20/2001,37.02
9/21/2001,35.83
9/24/2001,35.86
9/25/2001,36.28
9/26/2001,36.01
9/27/2001,38.42
9/28/2001,39.4
10/1/2001,39.09
10/2/2001,39.99
10/3/2001,39.84
10/4/2001,40.58
10/5/2001,40.69
10/8/2001,40.94
10/9/2001,41.06
10/10/2001,42.28
10/11/2001,42.09
10/12/2001,42.29
10/15/2001,41.65
10/16/2001,41.75
10/17/2001,41.44
10/18/2001,40.4
10/19/2001,40.54
10/22/2001,41.12
10/23/2001,40.87
10/24/2001,39.86
10/25/2001,40.56
10/26/2001,41.06
10/29/2001,40.68
10/30/2001,39.46
10/31/2001,39.45
11/1/2001,40.49
11/2/2001,39.76
11/5/2001,39.39
11/6/2001,39.47
11/7/2001,39.08
11/8/2001,39.5
11/9/2001,40.25
11/12/2001,40.06
11/13/2001,40.5
11/14/2001,38.7
11/15/2001,37.19
11/16/2001,37.54
11/19/2001,37.01
11/20/2001,37.96
11/21/2001,37.88
11/22/2001,37.88
11/23/2001,38.44
11/26/2001,37.77
11/27/2001,37.35
11/28/2001,37.1
11/29/2001,37.45
11/30/2001,37.4
12/3/2001,37.66
12/4/2001,38.31
12/5/2001,38.88
12/6/2001,37.33
12/7/2001,38.07
12/10/2001,37.55
12/11/2001,36.81
12/12/2001,37.41
12/13/2001,36.44
12/14/2001,36.86
12/17/2001,37.47
12/18/2001,37.55
12/19/2001,38.35
12/20/2001,38.3
12/21/2001,38.5
12/24/2001,39
12/26/2001,39.6
12/27/2001,39.79
12/28/2001,39.81
12/31/2001,39.3
1/2/2002,39.6
1/3/2002,39.66
1/4/2002,40
1/7/2002,39.66
1/8/2002,39.7
1/9/2002,39.24
1/10/2002,39.39
1/11/2002,38.49
1/14/2002,38.64
1/15/2002,39.3
1/16/2002,38.48
1/17/2002,38.64
1/18/2002,38.4
1/21/2002,38.4
1/22/2002,38.02
1/23/2002,38.9
1/24/2002,38.8
1/25/2002,39.16
1/28/2002,38.96
1/29/2002,37.95
1/30/2002,38.69
1/31/2002,39.05
2/1/2002,39
2/4/2002,38.32
2/5/2002,38.33
2/6/2002,38.92
2/7/2002,38.3
2/8/2002,38.29
2/11/2002,38.5
2/12/2002,38.4
2/13/2002,38.64
2/14/2002,39
2/15/2002,38.97
2/18/2002,38.97
2/19/2002,38.77
2/20/2002,38.99
2/21/2002,39.15
2/22/2002,40.72
2/25/2002,41
2/26/2002,40.72
2/27/2002,40.92
2/28/2002,41.3
3/1/2002,42
3/4/2002,42.65
3/5/2002,42.5
3/6/2002,43.21
3/7/2002,42.89
3/8/2002,42.91
3/11/2002,43.49
3/12/2002,44
3/13/2002,43.12
3/14/2002,43.24
3/15/2002,43.61
3/18/2002,43.74
3/19/2002,43.8
3/20/2002,43.53
3/21/2002,43.53
3/22/2002,43.47
3/25/2002,42.85
3/26/2002,43.74
3/27/2002,43.95
3/28/2002,43.83
4/1/2002,43.83
4/2/2002,44.38
4/3/2002,43.69
4/4/2002,43.15
4/5/2002,42.63
4/8/2002,43.24
4/9/2002,42.72
4/10/2002,43.18
4/11/2002,42.4
4/12/2002,41.3
4/15/2002,41.6
4/16/2002,42.28
4/17/2002,42.22
4/18/2002,42.46
4/19/2002,42.52
4/22/2002,41.85
4/23/2002,41.35
4/24/2002,40.3
4/25/2002,40.54
4/26/2002,40
4/29/2002,39.7
4/30/2002,40.17
5/1/2002,40.69
5/2/2002,40.8
5/3/2002,40.59
5/6/2002,39.25
5/7/2002,39.1
5/8/2002,40.01
5/9/2002,39.36
5/10/2002,38.96
5/13/2002,40.01
5/14/2002,40.58
5/15/2002,39.71
5/16/2002,40.27
5/17/2002,40.2
5/20/2002,39.59
5/21/2002,39.77
5/22/2002,40.43
5/23/2002,40.9
5/24/2002,40.23
5/27/2002,40.23
5/28/2002,39.84
5/29/2002,40.3
5/30/2002,39.35
5/31/2002,39.93
6/3/2002,39.08
6/4/2002,39.23
6/5/2002,39.56
6/6/2002,39.15
6/7/2002,39.42
6/10/2002,39.13
6/11/2002,39.03
6/12/2002,39.7
6/13/2002,39.36
6/14/2002,39.15
6/17/2002,40.03
6/18/2002,39.93
6/19/2002,39.37
6/20/2002,39.74
6/21/2002,39.25
6/24/2002,40
6/25/2002,39.6
6/26/2002,39.45
6/27/2002,40.25
6/28/2002,40.92
7/1/2002,40.65
7/2/2002,40.16
7/3/2002,39.91
7/4/2002,39.91
7/5/2002,40.52
7/8/2002,40.36
7/9/2002,39.8
7/10/2002,38.23
7/11/2002,37.1
7/12/2002,36.53
7/15/2002,35.75
7/16/2002,35.2
7/17/2002,35.61
7/18/2002,34.75
7/19/2002,32.4
7/22/2002,30.27
7/23/2002,30.92
7/24/2002,33.93
7/25/2002,33.9
7/26/2002,35.09
7/29/2002,36.33
7/30/2002,35.67
7/31/2002,36.76
8/1/2002,33.65
8/2/2002,33.61
8/5/2002,32.5
8/6/2002,33.4
8/7/2002,34.3
8/8/2002,36
8/9/2002,36.1
8/12/2002,35.73
8/13/2002,34.84
8/14/2002,36.38
8/15/2002,37.14
8/16/2002,36.85
8/19/2002,37.16
8/20/2002,36.18
8/21/2002,36.44
8/22/2002,37.03
8/23/2002,36.15
8/26/2002,36.67
8/27/2002,36.9
8/28/2002,35.62
8/29/2002,35.39
8/30/2002,35.45
9/2/2002,35.45
9/3/2002,33.62
9/4/2002,33.82
9/5/2002,33.77
9/6/2002,34.31
9/9/2002,34
9/10/2002,34.79
9/11/2002,34.6
9/12/2002,33.59
9/13/2002,34.08
9/16/2002,34.4
9/17/2002,33.07
9/18/2002,33.2
9/19/2002,32.36
9/20/2002,32.87
9/23/2002,32.72
9/24/2002,31.95
9/25/2002,32.61
9/26/2002,34.15
9/27/2002,32.82
9/30/2002,31.9
10/1/2002,33.92
10/2/2002,32.65
10/3/2002,33.18
10/4/2002,33.06
10/7/2002,33.19
10/8/2002,32.7
10/9/2002,32.83
10/10/2002,33.79
10/11/2002,34.54
10/14/2002,34.93
10/15/2002,36.3
10/16/2002,35.53
10/17/2002,36.3
10/18/2002,36
10/21/2002,36
10/22/2002,35.18
10/23/2002,35.13
10/24/2002,34.67
10/25/2002,35.11
10/28/2002,34.64
10/29/2002,33.23
10/30/2002,33.89
10/31/2002,33.68
11/1/2002,34.6
11/4/2002,34.18
11/5/2002,35.61
11/6/2002,35.12
11/7/2002,34.25
11/8/2002,34.6
11/11/2002,33.87
11/12/2002,34.04
11/13/2002,33.4
11/14/2002,34.5
11/15/2002,34.85
11/18/2002,34.97
11/19/2002,35.2
11/20/2002,35.24
11/21/2002,34.86
11/22/2002,34.22
11/25/2002,34.6
11/26/2002,33.96
11/27/2002,34.96
11/28/2002,34.96
11/29/2002,34.8
12/2/2002,34.58
12/3/2002,34.9
12/4/2002,34.77
12/5/2002,34.77
12/6/2002,35.15
12/7/2002,35.15
12/8/2002,35.15
12/9/2002,34.51
12/10/2002,35.04
12/11/2002,35.02
12/12/2002,34.88
12/13/2002,35.04
12/16/2002,35.86
12/17/2002,35.52
12/18/2002,35.54
12/19/2002,35.15
12/20/2002,35.7
12/23/2002,35.75
12/24/2002,35.42
12/26/2002,35.32
12/27/2002,34.64
12/30/2002,34.75
12/31/2002,34.94
1/2/2003,35.47
1/3/2003,35.5
1/6/2003,36.38
1/7/2003,35.15
1/8/2003,35
1/9/2003,35.74
1/10/2003,35.24
1/13/2003,35.1
1/14/2003,35.42
1/15/2003,34.93
1/16/2003,35.09
1/17/2003,34.72
1/20/2003,34.72
1/21/2003,33.92
1/22/2003,33.49
1/23/2003,33.41
1/24/2003,32.69
1/27/2003,31.82
1/28/2003,32.66
1/29/2003,33.85
1/30/2003,33.23
1/31/2003,34.15
2/3/2003,34.63
2/4/2003,34.6
2/5/2003,34.13
2/6/2003,33.61
2/7/2003,33.35
2/10/2003,33.61
2/11/2003,33.37
2/12/2003,32.7
2/13/2003,33.13
2/14/2003,33.44
2/17/2003,33.44
2/18/2003,33.75
2/19/2003,33.78
2/20/2003,33.63
2/21/2003,34.18
2/24/2003,34
2/25/2003,34.14
2/26/2003,33.84
2/27/2003,33.98
2/28/2003,34.02
3/3/2003,34.46
3/4/2003,34.23
3/5/2003,34.92
3/6/2003,34.56
3/7/2003,34.79
3/10/2003,34.35
3/11/2003,34.57
3/12/2003,34.06
3/13/2003,34.49
3/14/2003,34.39
3/17/2003,35.05
3/18/2003,35.25
3/19/2003,35.59
3/20/2003,35.59
3/21/2003,36
3/24/2003,35.31
3/25/2003,35.67
3/26/2003,35.86
3/27/2003,35.92
3/28/2003,36.03
3/31/2003,34.95
4/1/2003,35.65
4/2/2003,35.7
4/3/2003,35.05
4/4/2003,35.52
4/7/2003,35.05
4/8/2003,34.58
4/9/2003,34.47
4/10/2003,34.68
4/11/2003,34.33
4/14/2003,34.87
4/15/2003,35.05
4/16/2003,34.69
4/17/2003,35.03
4/21/2003,34.87
4/22/2003,35.42
4/23/2003,35.34
4/24/2003,35.13
4/25/2003,34.79
4/28/2003,35.41
4/29/2003,34.83
4/30/2003,35.2
5/1/2003,35.48
5/2/2003,36.04
5/5/2003,35.45
5/6/2003,35.2
5/7/2003,35.41
5/8/2003,35.34
5/9/2003,35.47
5/12/2003,35.55
5/13/2003,35.53
5/14/2003,35.21
5/15/2003,35.29
5/16/2003,35.45
5/19/2003,35.02
5/20/2003,35.27
5/21/2003,35.79
5/22/2003,35.95
5/23/2003,35.98
5/27/2003,36.71
5/28/2003,36.45
5/29/2003,35.97
5/30/2003,36.4
6/2/2003,36.58
6/3/2003,36.98
6/4/2003,37.4
6/5/2003,37.16
6/6/2003,37.34
6/9/2003,37.46
6/10/2003,37.54
6/11/2003,38.2
6/12/2003,38.2
6/13/2003,37.93
6/16/2003,38.31
6/17/2003,37.67
6/18/2003,37.34
6/19/2003,36.88
6/20/2003,36.89
6/23/2003,36.94
6/24/2003,36.9
6/25/2003,36.66
6/26/2003,36.7
6/27/2003,36.37
6/30/2003,35.91
7/1/2003,36.18
7/2/2003,36.28
7/3/2003,36.06
7/7/2003,36.05
7/8/2003,35.65
7/9/2003,35.86
7/10/2003,35.5
7/11/2003,35.6
7/14/2003,35.3
7/15/2003,35.19
7/16/2003,34.92
7/17/2003,35.2
7/18/2003,35.88
7/21/2003,35.38
7/22/2003,35.72
7/23/2003,35.67
7/24/2003,35.25
7/25/2003,35.76
7/28/2003,35.75
7/29/2003,35.43
7/30/2003,35.32
7/31/2003,35.58
8/1/2003,35.33
8/4/2003,35.61
8/5/2003,35.35
8/6/2003,35.75
8/7/2003,36.25
8/8/2003,36.52
8/11/2003,36.52
8/12/2003,36.71
8/13/2003,36.5
8/14/2003,36.94
8/15/2003,36.83
8/18/2003,36.92
8/19/2003,36.68
8/20/2003,36.8
8/21/2003,37.05
8/22/2003,36.53
8/25/2003,36.77
8/26/2003,36.83
8/27/2003,37.25
8/28/2003,37.55
8/29/2003,37.7
9/2/2003,37.97
9/3/2003,38.08
9/4/2003,38.16
9/5/2003,37.97
9/8/2003,38.47
9/9/2003,38.11
9/10/2003,38
9/11/2003,38
9/12/2003,37.73
9/15/2003,37.51
9/16/2003,37.71
9/17/2003,36.84
9/18/2003,37.08
9/19/2003,36.99
9/22/2003,36.72
9/23/2003,37.06
9/24/2003,36.9
9/25/2003,37.15
9/26/2003,36.78
9/29/2003,37.02
9/30/2003,36.6
10/1/2003,37.35
10/2/2003,37.56
10/3/2003,37.75
10/6/2003,38.09
10/7/2003,38.34
10/8/2003,38.04
10/9/2003,37.95
10/10/2003,38.3
10/13/2003,38.48
10/14/2003,38.74
10/15/2003,38.49
10/16/2003,38.91
10/17/2003,38.66
10/20/2003,38.62
10/21/2003,38.35
10/22/2003,37.35
10/23/2003,37.6
10/24/2003,37.85
10/27/2003,37.74
10/28/2003,38
10/29/2003,37.81
10/30/2003,36.3
10/31/2003,36.58
11/3/2003,36.68
11/4/2003,36.32
11/5/2003,36.03
11/6/2003,35.92
11/7/2003,35.56
11/10/2003,35.76
11/11/2003,36.05
11/12/2003,36.02
11/13/2003,36.26
11/14/2003,36
11/17/2003,35.6
11/18/2003,35.15
11/19/2003,35.44
11/20/2003,35.31
11/21/2003,35.34
11/24/2003,35.56
11/25/2003,35.82
11/26/2003,36.28
11/28/2003,36.17
12/1/2003,36.39
12/2/2003,36.5
12/3/2003,36.54
12/4/2003,37.02
12/5/2003,36.78
12/8/2003,37.4
12/9/2003,37.64
12/10/2003,37.79
12/11/2003,37.91
12/12/2003,38.06
12/15/2003,37.8
12/16/2003,38.47
12/17/2003,38.88
12/18/2003,39.41
12/19/2003,39.6
12/22/2003,39.47
12/23/2003,39.75
12/24/2003,39.83
12/26/2003,40.05
12/29/2003,40.58
12/30/2003,40.68
12/31/2003,41
1/2/2004,40.63
1/5/2004,41.58
1/6/2004,41.3
1/7/2004,41
1/8/2004,40.9
1/9/2004,40.29
1/12/2004,40.86
1/13/2004,40.68
1/14/2004,40.68
1/15/2004,40.28
1/16/2004,40.5
1/20/2004,40.88
1/21/2004,41.43
1/22/2004,41.28
1/23/2004,41.04
1/26/2004,41.55
1/27/2004,41.19
1/28/2004,40.81
1/29/2004,41.47
1/30/2004,40.79
2/2/2004,40.69
2/3/2004,40.41
2/4/2004,40.35
2/5/2004,40.38
2/6/2004,40.51
2/9/2004,40.73
2/10/2004,41.09
2/11/2004,41.92
2/12/2004,41.91
2/13/2004,41.91
2/17/2004,42.23
2/18/2004,41.8
2/19/2004,41.95
2/20/2004,42.03
2/23/2004,42.58
2/24/2004,42.31
2/25/2004,42.65
2/26/2004,42.31
2/27/2004,42.17
3/1/2004,42.52
3/2/2004,42.04
3/3/2004,41.9
3/4/2004,41.75
3/5/2004,42.49
3/8/2004,42.56
3/9/2004,42.78
3/10/2004,42.43
3/11/2004,41.35
3/12/2004,42.03
3/15/2004,41.78
3/16/2004,42.07
3/17/2004,42.24
3/18/2004,42.46
3/19/2004,41.5
3/22/2004,40.94
3/23/2004,40.76
3/24/2004,40.1
3/25/2004,40.25
3/26/2004,40.74
3/29/2004,41.09
3/30/2004,41.55
3/31/2004,41.59
4/1/2004,41.52
4/2/2004,41.91
4/5/2004,42.25
4/6/2004,42.19
4/7/2004,41.9
4/8/2004,42.45
4/12/2004,43.11
4/13/2004,42.82
4/14/2004,43.3
4/15/2004,43.68
4/16/2004,43.86
4/19/2004,43.73
4/20/2004,42.73
4/21/2004,42.95
4/22/2004,43.3
4/23/2004,42.97
4/26/2004,43.01
4/27/2004,43.75
4/28/2004,43.12
4/29/2004,42.54
4/30/2004,42.55
5/3/2004,43.68
5/4/2004,43.52
5/5/2004,43.99
5/6/2004,43.83
5/7/2004,43.25
5/10/2004,42.05
5/11/2004,42.6
5/12/2004,43
5/13/2004,42.73
5/14/2004,43.27
5/17/2004,43.05
5/18/2004,42.69
5/19/2004,42.6
5/20/2004,42.73
5/21/2004,42.6
5/24/2004,42.8
5/25/2004,43.82
5/26/2004,43.58
5/27/2004,43.37
5/28/2004,43.25
6/1/2004,43.7
6/2/2004,43.78
6/3/2004,43.55
6/4/2004,43.37
6/7/2004,44
6/8/2004,43.89
6/9/2004,43.45
6/10/2004,43.98
6/14/2004,43.85
6/15/2004,44.08
6/16/2004,44.73
6/17/2004,44.77
6/18/2004,44.98
6/21/2004,44.73
6/22/2004,44.9
6/23/2004,45.46
6/24/2004,45.27
6/25/2004,44.25
6/28/2004,44.38
6/29/2004,44.57
6/30/2004,44.41
7/1/2004,44.59
7/2/2004,44.72
7/6/2004,45.1
7/7/2004,45.37
7/8/2004,45.32
7/9/2004,45.45
7/12/2004,45.44
7/13/2004,45.21
7/14/2004,45.46
7/15/2004,45.32
7/16/2004,45.83
7/19/2004,45.9
7/20/2004,45.9
7/21/2004,45.17
7/22/2004,45.39
7/23/2004,45.32
7/26/2004,45.33
7/27/2004,45.41
7/28/2004,45.81
7/29/2004,46.03
7/30/2004,46.3
8/2/2004,46.25
8/3/2004,46.89
8/4/2004,46.24
8/5/2004,45.83
8/6/2004,45.12
8/9/2004,45.56
8/10/2004,45.29
8/11/2004,45.13
8/12/2004,44.56
8/13/2004,44.92
8/16/2004,45.09
8/17/2004,44.36
8/18/2004,44.81
8/19/2004,45.09
8/20/2004,45.25
8/23/2004,44.99
8/24/2004,44.85
8/25/2004,45.19
8/26/2004,45.25
8/27/2004,45.44
8/30/2004,45.13
8/31/2004,46.1
9/1/2004,46.44
9/2/2004,46.98
9/3/2004,47.06
9/7/2004,47.15
9/8/2004,47.07
9/9/2004,47.48
9/10/2004,47.37
9/13/2004,47.5
9/14/2004,47.47
9/15/2004,47.43
9/16/2004,47.55
9/17/2004,48.37
9/20/2004,48.21
9/21/2004,49.49
9/22/2004,48.86
9/23/2004,47.76
9/24/2004,47.83
9/27/2004,47.96
9/28/2004,48.53
9/29/2004,48.15
9/30/2004,48.33
10/1/2004,48.89
10/4/2004,48.92
10/5/2004,49.32
10/6/2004,50.03
10/7/2004,49.74
10/8/2004,49.84
10/11/2004,49.79
10/12/2004,49.37
10/13/2004,48.48
10/14/2004,48.71
10/15/2004,49.02
10/18/2004,48.75
10/19/2004,48.31
10/20/2004,48.87
10/21/2004,48.81
10/22/2004,48.7
10/25/2004,48.81
10/26/2004,49.39
10/27/2004,48.95
10/28/2004,48.61
10/29/2004,49.22
11/1/2004,48.82
11/2/2004,48.43
11/3/2004,49.27
11/4/2004,50.19
11/5/2004,50.39
11/8/2004,50.17
11/9/2004,49.31
11/10/2004,49.67
11/11/2004,49.66
11/12/2004,50.43
11/15/2004,49.58
11/16/2004,49.41
11/17/2004,50
11/18/2004,50.05
11/19/2004,50.38
11/22/2004,50.91
11/23/2004,51.2
11/24/2004,51.49
11/26/2004,51.67
11/29/2004,51.37
11/30/2004,51.25
12/1/2004,51.15
12/2/2004,50.17
12/3/2004,50.27
12/6/2004,50.14
12/7/2004,49.56
12/8/2004,50.02
12/9/2004,50.32
12/10/2004,50.15
12/13/2004,50.67
12/14/2004,50.38
12/15/2004,50.51
12/16/2004,50.1
12/17/2004,49.8
12/20/2004,51.06
12/21/2004,51.69
12/22/2004,51.29
12/23/2004,51.97
12/27/2004,50.88
12/28/2004,51.05
12/29/2004,51.13
12/30/2004,51.03
12/31/2004,51.26
1/3/2005,50.09
1/4/2005,49.75
1/5/2005,49.49
1/6/2005,50.12
1/7/2005,49.79
1/10/2005,49.98
1/11/2005,49.85
1/12/2005,50.59
1/13/2005,50.55
1/14/2005,51.07
1/18/2005,51.5
1/19/2005,51.05
1/20/2005,50.72
1/21/2005,50.44
1/24/2005,51.13
1/25/2005,51.33
1/26/2005,51.7
1/27/2005,51.75
1/28/2005,51.27
1/31/2005,51.6
2/1/2005,53.27
2/2/2005,53.93
2/3/2005,54.52
2/4/2005,55.29
2/7/2005,55.4
2/8/2005,55.78
2/9/2005,55.54
2/10/2005,56.34
2/11/2005,56.11
2/14/2005,56.83
2/15/2005,56.92
2/16/2005,58.48
2/17/2005,58.13
2/18/2005,59.41
2/22/2005,58.25
2/23/2005,59.42
2/24/2005,61.13
2/25/2005,63.26
2/28/2005,63.31
3/1/2005,62.1
3/2/2005,62.68
3/3/2005,63.05
3/4/2005,63.57
3/7/2005,63
3/8/2005,63.1
3/9/2005,60.79
3/10/2005,60.37
3/11/2005,61.05
3/14/2005,61.28
3/15/2005,60.35
3/16/2005,60.29
3/17/2005,61.49
3/18/2005,62.65
3/21/2005,62.14
3/22/2005,60.9
3/23/2005,60.09
3/24/2005,59.04
3/28/2005,58.89
3/29/2005,58.27
3/30/2005,59.24
3/31/2005,59.6
4/1/2005,60.55
4/4/2005,60.65
4/5/2005,60.06
4/6/2005,60.9
4/7/2005,60.85
4/8/2005,60.01
4/11/2005,60.29
4/12/2005,60.43
4/13/2005,59.15
4/14/2005,58.75
4/15/2005,56.19
4/18/2005,57.25
4/19/2005,58.63
4/20/2005,57.14
4/21/2005,59.28
4/22/2005,59.42
4/25/2005,59.96
4/26/2005,59.27
4/27/2005,58.38
4/28/2005,56
4/29/2005,57.03
5/2/2005,57.74
5/3/2005,56.5
5/4/2005,57.23
5/5/2005,57.75
5/6/2005,57.6
5/9/2005,58.01
5/10/2005,57.23
5/11/2005,57.29
5/12/2005,54.82
5/13/2005,53.7
5/16/2005,53.35
5/17/2005,53.86
5/18/2005,53.65
5/19/2005,54.83
5/20/2005,54.01
5/23/2005,54.75
5/24/2005,55.04
5/25/2005,55.68
5/26/2005,56.22
5/27/2005,56.8
5/31/2005,56.2
6/1/2005,57.16
6/2/2005,57.32
6/3/2005,57.15
6/6/2005,57.6
6/7/2005,57.45
6/8/2005,56.73
6/9/2005,58.44
6/10/2005,58.38
6/13/2005,58.45
6/14/2005,58.55
6/15/2005,59.25
6/16/2005,60.12
6/17/2005,60.89
6/20/2005,60.85
6/21/2005,59.51
6/22/2005,59.67
6/23/2005,59.02
6/24/2005,58.15
6/27/2005,59.3
6/28/2005,59.09
6/29/2005,58.44
6/30/2005,57.47
7/1/2005,58.31
7/5/2005,60.14
7/6/2005,59.11
7/7/2005,59.52
7/8/2005,59.39
7/11/2005,59.97
7/12/2005,59.89
7/13/2005,59.76
7/14/2005,58.59
7/15/2005,58.16
7/18/2005,58.15
7/19/2005,58.78
7/20/2005,59
7/21/2005,57.89
7/22/2005,59.5
7/25/2005,59.94
7/26/2005,59.6
7/27/2005,59.6
7/28/2005,60
7/29/2005,58.75
8/1/2005,59.23
8/2/2005,59.81
8/3/2005,59
8/4/2005,58.52
8/5/2005,58.09
8/8/2005,58.85
8/9/2005,59.46
8/10/2005,59.9
8/11/2005,60.95
8/12/2005,61.05
8/15/2005,60.42
8/16/2005,59.07
8/17/2005,58.18
8/18/2005,58.11
8/19/2005,58.82
8/22/2005,59.07
8/23/2005,59
8/24/2005,58.88
8/25/2005,59.18
8/26/2005,58.41
8/29/2005,58.59
8/30/2005,58.61
8/31/2005,59.9
9/1/2005,61.68
9/2/2005,60.68
9/6/2005,61.06
9/7/2005,61.46
9/8/2005,61.3
9/9/2005,63.2
9/12/2005,62.52
9/13/2005,61.87
9/14/2005,62.47
9/15/2005,62.46
9/16/2005,63.7
9/19/2005,64.63
9/20/2005,64.53
9/21/2005,64.97
9/22/2005,64.98
9/23/2005,63.88
9/26/2005,64.6
9/27/2005,64.62
9/28/2005,64.7
9/29/2005,64.8
9/30/2005,63.54
10/3/2005,62.49
10/4/2005,60.55
10/5/2005,58.95
10/6/2005,58.57
10/7/2005,59.6
10/10/2005,58.5
10/11/2005,59.4
10/12/2005,58.94
10/13/2005,58.16
10/14/2005,58.16
10/17/2005,58.86
10/18/2005,56.3
10/19/2005,57.17
10/20/2005,55.26
10/21/2005,55.37
10/24/2005,56.85
10/25/2005,57.2
10/26/2005,56.2
10/27/2005,55.6
10/28/2005,56.31
10/31/2005,56.14
11/1/2005,56.4
11/2/2005,57.38
11/3/2005,58.57
11/4/2005,57.9
11/7/2005,57.1
11/8/2005,57.37
11/9/2005,57.5
11/10/2005,56.45
11/11/2005,56.52
11/14/2005,56.65
11/15/2005,56.43
11/16/2005,57.18
11/17/2005,57.38
11/18/2005,58.25
11/21/2005,59.37
11/22/2005,59.66
11/23/2005,59.87
11/25/2005,60.11
11/28/2005,58.74
11/29/2005,58.34
11/30/2005,58.03
12/1/2005,59.35
12/2/2005,59.07
12/5/2005,59.51
12/6/2005,59.69
12/7/2005,59.02
12/8/2005,59.42
12/9/2005,58.5
12/12/2005,58.86
12/13/2005,59.06
12/14/2005,59.86
12/15/2005,59.49
12/16/2005,58.06
12/19/2005,57.7
12/20/2005,57.93
12/21/2005,57.6
12/22/2005,57.1
12/23/2005,57.09
12/27/2005,55.87
12/28/2005,56.25
12/29/2005,56.24
12/30/2005,56.17
1/3/2006,58.47
1/4/2006,58.57
1/5/2006,58.28
1/6/2006,59.43
1/9/2006,59.4
1/10/2006,59.86
1/11/2006,60.33
1/12/2006,59.64
1/13/2006,60.97
1/17/2006,61.54
1/18/2006,60.68
1/19/2006,61.5
1/20/2006,60.53
1/23/2006,61.2
1/24/2006,60.96
1/25/2006,60.21
1/26/2006,59.95
1/27/2006,61.29
1/30/2006,63.11
1/31/2006,62.75
2/1/2006,61.95
2/2/2006,61.95
2/3/2006,61.39
2/6/2006,61.97
2/7/2006,60.55
2/8/2006,60.39
2/9/2006,59.92
2/10/2006,59.43
2/13/2006,59.6
2/14/2006,59.55
2/15/2006,59.76
2/16/2006,60.25
2/17/2006,60.55
2/21/2006,60.76
2/22/2006,60.26
2/23/2006,59.83
2/24/2006,60.42
2/27/2006,59.92
2/28/2006,59.37
3/1/2006,60.34
3/2/2006,60.85
3/3/2006,60.98
3/6/2006,59.98
3/7/2006,59.85
3/8/2006,59.71
3/9/2006,58.92
3/10/2006,59.18
3/13/2006,59.18
3/14/2006,60.81
3/15/2006,61.02
3/16/2006,61.64
3/17/2006,61.05
3/20/2006,60.66
3/21/2006,60.72
3/22/2006,61.05
3/23/2006,61.25
3/24/2006,61.17
3/27/2006,61.29
3/28/2006,60.95
3/29/2006,61.28
3/30/2006,61.12
3/31/2006,60.86
4/3/2006,60.98
4/4/2006,61.75
4/5/2006,62.16
4/6/2006,62.09
4/7/2006,61.33
4/10/2006,61.94
4/11/2006,62
4/12/2006,61.46
4/13/2006,61.56
4/17/2006,62.05
4/18/2006,63.54
4/19/2006,64.3
4/20/2006,63.92
4/21/2006,65
4/24/2006,64.41
4/25/2006,63.95
4/26/2006,63.1
4/27/2006,62.42
4/28/2006,63.08
5/1/2006,63.42
5/2/2006,64.67
5/3/2006,63.77
5/4/2006,63.31
5/5/2006,64
5/8/2006,63.71
5/9/2006,63.94
5/10/2006,63.88
5/11/2006,63.46
5/12/2006,62.24
5/15/2006,62
5/16/2006,61.96
5/17/2006,60.18
5/18/2006,59.89
5/19/2006,60.45
5/22/2006,60.78
5/23/2006,60.39
5/24/2006,60.1
5/25/2006,61.52
5/26/2006,61.58
5/30/2006,60.17
5/31/2006,60.91
6/1/2006,61.11
6/2/2006,61.65
6/5/2006,60.05
6/6/2006,60.4
6/7/2006,58.85
6/8/2006,59.57
6/9/2006,58.8
6/12/2006,58.27
6/13/2006,56.84
6/14/2006,57.8
6/15/2006,59.12
6/16/2006,58.8
6/19/2006,57.39
6/20/2006,57.39
6/21/2006,58.06
6/22/2006,57.97
6/23/2006,58.1
6/26/2006,58.82
6/27/2006,59.65
6/28/2006,61.12
6/29/2006,62.37
6/30/2006,61.35
7/3/2006,62.15
7/5/2006,62.55
7/6/2006,63.47
7/7/2006,62.82
7/10/2006,63.04
7/11/2006,63.98
7/12/2006,63.97
7/13/2006,64.07
7/14/2006,64.9
7/17/2006,64
7/18/2006,64.61
7/19/2006,64.66
7/20/2006,64.25
7/21/2006,63.93
7/24/2006,65.36
7/25/2006,65.74
7/26/2006,66.55
7/27/2006,66.47
7/28/2006,66.47
7/31/2006,67.74
8/1/2006,68.18
8/2/2006,68.48
8/3/2006,68.37
8/4/2006,68.69
8/7/2006,69.23
8/8/2006,69.27
8/9/2006,69.29
8/10/2006,69.37
8/11/2006,69.73
8/14/2006,69.25
8/15/2006,68.69
8/16/2006,67.57
8/17/2006,68.08
8/18/2006,69.1
8/21/2006,69.83
8/22/2006,70.21
8/23/2006,69.63
8/24/2006,70.72
8/25/2006,70.43
8/28/2006,70.1
8/29/2006,69.41
8/30/2006,68.1
8/31/2006,67.67
9/1/2006,68.1
9/5/2006,68.48
9/6/2006,67.18
9/7/2006,67.69
9/8/2006,66.81
9/11/2006,64.94
9/12/2006,64.7
9/13/2006,65.36
9/14/2006,64.71
9/15/2006,64.65
9/18/2006,66.3
9/19/2006,65.5
9/20/2006,64.11
9/21/2006,64.78
9/22/2006,64.91
9/25/2006,65.06
9/26/2006,66.43
9/27/2006,67.13
9/28/2006,67.46
9/29/2006,67.1
10/2/2006,67
10/3/2006,65.41
10/4/2006,66.61
10/5/2006,67.32
10/6/2006,67.52
10/9/2006,66.55
10/10/2006,67.2
10/11/2006,66.53
10/12/2006,67.65
10/13/2006,68.4
10/16/2006,69.83
10/17/2006,69.41
10/18/2006,69.17
10/19/2006,69.73
10/20/2006,69.55
10/23/2006,69.92
10/24/2006,69.89
10/25/2006,71.01
10/26/2006,71.62
10/27/2006,71.46
10/30/2006,70.84
10/31/2006,71.42
11/1/2006,71.06
11/2/2006,71.19
11/3/2006,72.15
11/6/2006,72.91
11/7/2006,72.53
11/8/2006,74.13
11/9/2006,74.61
11/10/2006,74.42
11/13/2006,74.43
11/14/2006,74.45
11/15/2006,74.8
11/16/2006,72.67
11/17/2006,73.08
11/20/2006,72.43
11/21/2006,73.39
11/22/2006,72.91
11/24/2006,72.38
11/27/2006,72.47
11/28/2006,74.16
11/29/2006,76.03
11/30/2006,76.81
12/1/2006,77.2
12/4/2006,77.77
12/5/2006,78.06
12/6/2006,76.31
12/7/2006,75.71
12/8/2006,75.5
12/11/2006,75.36
12/12/2006,76.25
12/13/2006,77.36
12/14/2006,78.73
12/15/2006,77.3
12/18/2006,75.51
12/19/2006,76.99
12/20/2006,76.08
12/21/2006,75.87
12/22/2006,75.41
12/26/2006,76.05
12/27/2006,76.96
12/28/2006,77.33
12/29/2006,76.63
1/3/2007,74.11
1/4/2007,72.72
1/5/2007,73.24
1/8/2007,72.65
1/9/2007,72.09
1/10/2007,70.99
1/11/2007,70.98
1/12/2007,72.66
1/16/2007,71.63
1/17/2007,72.46
1/18/2007,71.96
1/19/2007,73.53
1/22/2007,72.9
1/23/2007,74.49
1/24/2007,74.9
1/25/2007,73.52
1/26/2007,73.61
1/29/2007,73.2
1/30/2007,74.39
1/31/2007,74.1
2/1/2007,75.08
2/2/2007,75.54
2/5/2007,75.67
2/6/2007,75.46
2/7/2007,74.79
2/8/2007,75.46
2/9/2007,75.22
2/12/2007,74.6
2/13/2007,75.45
2/14/2007,75.6
2/15/2007,75.34
2/16/2007,75.29
2/20/2007,74.87
2/21/2007,74.78
2/22/2007,75.08
2/23/2007,75.22
2/26/2007,75.4
2/27/2007,71.83
2/28/2007,71.68
3/1/2007,70.99
3/2/2007,70.01
3/5/2007,69.98
3/6/2007,71
3/7/2007,71.64
3/8/2007,71.85
3/9/2007,71.12
3/12/2007,70.87
3/13/2007,69.91
3/14/2007,71.02
3/15/2007,70.69
3/16/2007,69.86
3/19/2007,71.1
3/20/2007,72
3/21/2007,73.23
3/22/2007,74.36
3/23/2007,74.98
3/26/2007,75.47
3/27/2007,75.71
3/28/2007,75.56
3/29/2007,76.24
3/30/2007,75.45
4/2/2007,76.16
4/3/2007,76.8
4/4/2007,77.11
4/5/2007,77.22
4/9/2007,76.8
4/10/2007,77.57
4/11/2007,76.77
4/12/2007,77.39
4/13/2007,77.41
4/16/2007,78.17
4/17/2007,78.4
4/18/2007,78.2
4/19/2007,77.46
4/20/2007,79.76
4/23/2007,79.2
4/24/2007,78.6
4/25/2007,79.92
4/26/2007,80.55
4/27/2007,80.36
4/30/2007,79.38
5/1/2007,79.66
5/2/2007,79.82
5/3/2007,80.68
5/4/2007,80.55
5/7/2007,80.83
5/8/2007,81.38
5/9/2007,81.42
5/10/2007,79.39
5/11/2007,81.18
5/14/2007,81.25
5/15/2007,81.13
5/16/2007,81.45
5/17/2007,81.8
5/18/2007,83.26
5/21/2007,83.59
5/22/2007,82.77
5/23/2007,82.99
5/24/2007,82.28
5/25/2007,83.51
5/29/2007,82.62
5/30/2007,84
5/31/2007,83.17
6/1/2007,84.22
6/4/2007,84.22
6/5/2007,84.26
6/6/2007,83.62
6/7/2007,81.96
6/8/2007,82.68
6/11/2007,83.06
6/12/2007,82
6/13/2007,83.35
6/14/2007,84.77
6/15/2007,85.94
6/18/2007,86.36
6/19/2007,85.84
6/20/2007,82.82
6/21/2007,84.3
6/22/2007,82.52
6/25/2007,82.37
6/26/2007,81.82
6/27/2007,83.48
6/28/2007,83.6
6/29/2007,83.88
7/2/2007,84.82
7/3/2007,85.36
7/5/2007,85.16
7/6/2007,86.46
7/9/2007,87.44
7/10/2007,86.5
7/11/2007,87.29
7/12/2007,89.62
7/13/2007,90.33
7/16/2007,89.7
7/17/2007,89.09
7/18/2007,91.15
7/19/2007,92.29
7/20/2007,91.94
7/23/2007,93.44
7/24/2007,90.84
7/25/2007,92.79
7/26/2007,88.23
7/27/2007,85.59
7/30/2007,86.01
7/31/2007,85.13
8/1/2007,85.84
8/2/2007,85.18
8/3/2007,82.08
8/6/2007,83.54
8/7/2007,85.7
8/8/2007,87.9
8/9/2007,83.6
8/10/2007,84.51
8/13/2007,82.92
8/14/2007,83.13
8/15/2007,81.69
8/16/2007,80.67
8/17/2007,84.14
8/20/2007,84.53
8/21/2007,83.15
8/22/2007,83.58
8/23/2007,83.75
8/24/2007,85.69
8/27/2007,85.12
8/28/2007,83
8/29/2007,85.23
8/30/2007,85.4
8/31/2007,85.73
9/4/2007,87.23
9/5/2007,87.22
9/6/2007,87.49
9/7/2007,85.75
9/10/2007,84.86
9/11/2007,86.94
9/12/2007,87.65
9/13/2007,88.62
9/14/2007,88.67
9/17/2007,89.26
9/18/2007,91.76
9/19/2007,92.12
9/20/2007,92.09
9/21/2007,92.31
9/24/2007,91.73
9/25/2007,91.96
9/26/2007,92.37
9/27/2007,92.97
9/28/2007,92.56
10/1/2007,93.95
10/2/2007,92.24
10/3/2007,91.33
10/4/2007,90.92
10/5/2007,91.36
10/8/2007,90.68
10/9/2007,92.67
10/10/2007,93.13
10/11/2007,92.66
10/12/2007,93.48
10/15/2007,94.82
10/16/2007,94.74
10/17/2007,94.8
10/18/2007,95.05
10/19/2007,92.14
10/22/2007,90.91
10/23/2007,91.35
10/24/2007,92.13
10/25/2007,91.57
10/26/2007,92.21
10/29/2007,93.61
10/30/2007,91.14
10/31/2007,91.99
11/1/2007,88.5
11/2/2007,87.93
11/5/2007,87.66
11/6/2007,90.38
11/7/2007,87.2
11/8/2007,89.42
11/9/2007,86.85
11/12/2007,84.54
11/13/2007,86.88
11/14/2007,86.31
11/15/2007,84.49
11/16/2007,85.1
11/19/2007,84.11
11/20/2007,87.82
11/21/2007,87.04
11/23/2007,88.29
11/26/2007,85.68
11/27/2007,86.38
11/28/2007,87.92
11/29/2007,88.59
11/30/2007,89.16
12/3/2007,88.85
12/4/2007,88.12
12/5/2007,89.92
12/6/2007,91.44
12/7/2007,91.5
12/10/2007,92.03
12/11/2007,90.28
12/12/2007,91.92
12/13/2007,92.72
12/14/2007,91.18
12/17/2007,89.89
12/18/2007,91.42
12/19/2007,91.43
12/20/2007,92.13
12/21/2007,93.43
12/24/2007,93.66
12/26/2007,94.81
12/27/2007,93.67
12/28/2007,95
12/31/2007,93.69
1/2/2008,93.51
1/3/2008,93.83
1/4/2008,92.08
1/7/2008,91.22
1/8/2008,90.18
1/9/2008,91.56
1/10/2008,91.66
1/11/2008,90.3
1/14/2008,90.83
1/15/2008,89.02
1/16/2008,86.53
1/17/2008,83.91
1/18/2008,85.08
1/22/2008,82.45
1/23/2008,83.36
1/24/2008,86
1/25/2008,83.94
1/28/2008,85.13
1/29/2008,85.08
1/30/2008,85.28
1/31/2008,86.4
2/1/2008,85.95
2/4/2008,85.44
2/5/2008,82.11
2/6/2008,81.44
2/7/2008,81.89
2/8/2008,81.71
2/11/2008,83.22
2/12/2008,84.38
2/13/2008,85.49
2/14/2008,85.55
2/15/2008,85.37
2/19/2008,87.01
2/20/2008,88.1
2/21/2008,86.92
2/22/2008,87.17
2/25/2008,89.13
2/26/2008,89.89
2/27/2008,89.39
2/28/2008,89.38
2/29/2008,87.01
3/3/2008,87.75
3/4/2008,86.69
3/5/2008,87.19
3/6/2008,84.51
3/7/2008,82.49
3/10/2008,82.46
3/11/2008,86.68
3/12/2008,85.97
3/13/2008,87.05
3/14/2008,85.91
3/17/2008,85.79
3/18/2008,88.47
3/19/2008,84.43
3/20/2008,85
3/24/2008,85.8
3/25/2008,85.2
3/26/2008,86.26
3/27/2008,86.2
3/28/2008,85.22
3/31/2008,84.58
4/1/2008,87.02
4/2/2008,88.52
4/3/2008,88.23
4/4/2008,88.74
4/7/2008,88.92
4/8/2008,89.61
4/9/2008,89.7
4/10/2008,89.55
4/11/2008,88.62
4/14/2008,89.7
4/15/2008,90.8
4/16/2008,92.89
4/17/2008,93.38
4/18/2008,94
4/21/2008,94.26
4/22/2008,94.39
4/23/2008,94.22
4/24/2008,92.6
4/25/2008,92.46
4/28/2008,92.45
4/29/2008,91.79
4/30/2008,93.07
5/1/2008,89.7
5/2/2008,89.61
5/5/2008,89.51
5/6/2008,90.07
5/7/2008,88.82
5/8/2008,89.37
5/9/2008,88.82
5/12/2008,89.19
5/13/2008,89.68
5/14/2008,89.91
5/15/2008,91.3
5/16/2008,92.67
5/19/2008,94.36
5/20/2008,94.56
5/21/2008,93.67
5/22/2008,92.51
5/23/2008,90.7
5/27/2008,89.8
5/28/2008,90.43
5/29/2008,89.35
5/30/2008,88.76
6/2/2008,87.81
6/3/2008,85.71
6/4/2008,85.75
6/5/2008,89.31
6/6/2008,86.79
6/9/2008,89.07
6/10/2008,87.89
6/11/2008,88.61
6/12/2008,87.06
6/13/2008,88.36
6/16/2008,87.99
6/17/2008,88.62
6/18/2008,87.83
6/19/2008,85.79
6/20/2008,84.91
6/23/2008,87.7
6/24/2008,86.92
6/25/2008,87.6
6/26/2008,86.41
6/27/2008,86.55
6/30/2008,88.13
7/1/2008,88.35
7/2/2008,87.41
7/3/2008,88.27
7/7/2008,86.95
7/8/2008,85.94
7/9/2008,84.31
7/10/2008,86.06
7/11/2008,85.48
7/14/2008,85.42
7/15/2008,82.19
7/16/2008,80.81
7/17/2008,80.33
7/18/2008,81.54
7/21/2008,82.98
7/22/2008,82.86
7/23/2008,80.99
7/24/2008,80.8
7/25/2008,81.7
7/28/2008,80.68
7/29/2008,80.9
7/30/2008,84.38
7/31/2008,80.43
8/1/2008,79.72
8/4/2008,76.6
8/5/2008,78.35
8/6/2008,78.33
8/7/2008,77.44
8/8/2008,78.72
8/11/2008,78.16
8/12/2008,76.88
8/13/2008,78.17
8/14/2008,77.45
8/15/2008,77.07
8/18/2008,76.53
8/19/2008,77.95
8/20/2008,78.81
8/21/2008,80.35
8/22/2008,80.3
8/25/2008,78.71
8/26/2008,79.95
8/27/2008,80.47
8/28/2008,81.18
8/29/2008,80.01
9/2/2008,77.32
9/3/2008,78.02
9/4/2008,76.14
9/5/2008,75.62
9/8/2008,76.77
9/9/2008,73.26
9/10/2008,75.25
9/11/2008,75.56
9/12/2008,77.5
9/15/2008,73.25
9/16/2008,76.43
9/17/2008,75.28
9/18/2008,77.75
9/19/2008,79.61
9/22/2008,78.88
9/23/2008,77.69
9/24/2008,78.03
9/25/2008,80.67
9/26/2008,80.65
9/29/2008,74.06
9/30/2008,77.66
10/1/2008,78.58
10/2/2008,77.5
10/3/2008,77.94
10/6/2008,77.32
10/7/2008,76.07
10/8/2008,77
10/9/2008,68
10/10/2008,62.36
10/13/2008,73.08
10/14/2008,72.46
10/15/2008,62.35
10/16/2008,69.45
10/17/2008,68.04
10/20/2008,74.99
10/21/2008,71.5
10/22/2008,64.57
10/23/2008,70.39
10/24/2008,69.04
10/27/2008,66.09
10/28/2008,74.86
10/29/2008,74.65
10/30/2008,75.05
10/31/2008,74.12
11/3/2008,74.29
11/4/2008,77.49
11/5/2008,73.69
11/6/2008,69.96
11/7/2008,73.95
11/10/2008,74.02
11/11/2008,72.65
11/12/2008,68.93
11/13/2008,75.41
11/14/2008,73.68
11/17/2008,73.38
11/18/2008,76.33
11/19/2008,73.42
11/20/2008,68.51
11/21/2008,75.81
11/24/2008,78.8
11/25/2008,78.11
11/26/2008,80.89
11/28/2008,80.15
12/1/2008,74.31
12/2/2008,77.61
12/3/2008,78.93
12/4/2008,76.27
12/5/2008,76.6
12/8/2008,79.6
12/9/2008,78.2
12/10/2008,80.07
12/11/2008,80.02
12/12/2008,80.45
12/15/2008,79.95
12/16/2008,83.14
12/17/2008,81.06
12/18/2008,77
12/19/2008,75.02
12/22/2008,74.91
12/23/2008,75.1
12/24/2008,75.78
12/26/2008,77.19
12/29/2008,78.02
12/30/2008,78.59
12/31/2008,79.83
1/2/2009,81.64
1/5/2009,81.63
1/6/2009,80.3
1/7/2009,78.25
1/8/2009,79.09
1/9/2009,77.57
1/12/2009,76.54
1/13/2009,77.92
1/14/2009,75.1
1/15/2009,76.66
1/16/2009,78.1
1/20/2009,76.29
1/21/2009,79.26
1/22/2009,78.23
1/23/2009,78.04
1/26/2009,78.6
1/27/2009,78.92
1/28/2009,79.25
1/29/2009,77
1/30/2009,76.48
2/2/2009,76.69
2/3/2009,78.12
2/4/2009,77.66
2/5/2009,79.78
2/6/2009,80.34
2/9/2009,79.48
2/10/2009,76.14
2/11/2009,74.58
2/12/2009,75.22
2/13/2009,74.59
2/17/2009,71.28
2/18/2009,71.94
2/19/2009,72.16
2/20/2009,71.23
2/23/2009,69.3
2/24/2009,72.09
2/25/2009,72.05
2/26/2009,70.95
2/27/2009,67.9
3/2/2009,64.91
3/3/2009,64.36
3/4/2009,65.68
3/5/2009,62.22
3/6/2009,64.03
3/9/2009,64.57
3/10/2009,67.39
3/11/2009,65.77
3/12/2009,67.15
3/13/2009,67.2
3/16/2009,66.97
3/17/2009,69.09
3/18/2009,69.17
3/19/2009,68.33
3/20/2009,66.09
3/23/2009,70.53
3/24/2009,69.35
3/25/2009,70.16
3/26/2009,71.23
3/27/2009,69.98
3/30/2009,68.63
3/31/2009,68.1
4/1/2009,69.23
4/2/2009,70.25
4/3/2009,70.44
4/6/2009,70.05
4/7/2009,68.71
4/8/2009,68.96
4/9/2009,69.84
4/13/2009,68.02
4/14/2009,67.7
4/15/2009,68.14
4/16/2009,67.41
4/17/2009,66.75
4/20/2009,65.29
4/21/2009,66.23
4/22/2009,64.75
4/23/2009,65.71
4/24/2009,66.57
4/27/2009,66.13
4/28/2009,67.08
4/29/2009,68.44
4/30/2009,66.67
5/1/2009,68.01
5/4/2009,68.12
5/5/2009,67.65
5/6/2009,68.58
5/7/2009,68.93
5/8/2009,70.8
5/11/2009,69.27
5/12/2009,70.82
5/13/2009,69.77
5/14/2009,69.76
5/15/2009,69.11
5/18/2009,70.5
5/19/2009,70.52
5/20/2009,69.61
5/21/2009,68.39
5/22/2009,68.83
5/26/2009,69.81
5/27/2009,68.3
5/28/2009,69.23
5/29/2009,69.35
6/1/2009,71.76
6/2/2009,72.92
6/3/2009,72.08
6/4/2009,72.98
6/5/2009,72.97
6/8/2009,73.17
6/9/2009,73.12
6/10/2009,73.84
6/11/2009,74.05
6/12/2009,73.78
6/15/2009,72.81
6/16/2009,71.63
6/17/2009,71.42
6/18/2009,71.44
6/19/2009,71.05
6/22/2009,68.84
6/23/2009,68.95
6/24/2009,68.45
6/25/2009,69.88
6/26/2009,69.05
6/29/2009,70.58
6/30/2009,69.91
7/1/2009,70.56
7/2/2009,68.49
7/6/2009,68.1
7/7/2009,66.56
7/8/2009,66.26
7/9/2009,65.97
7/10/2009,65.12
7/13/2009,65.7
7/14/2009,66.22
7/15/2009,68.44
7/16/2009,68.46
7/17/2009,68.52
7/20/2009,68.94
7/21/2009,70.47
7/22/2009,69.99
7/23/2009,71.61
7/24/2009,72.29
7/27/2009,72.75
7/28/2009,71.89
7/29/2009,71.43
7/30/2009,70.72
7/31/2009,70.39
8/3/2009,70.65
8/4/2009,70.6
8/5/2009,70.03
8/6/2009,69.73
8/7/2009,69.47
8/10/2009,69.18
8/11/2009,68.13
8/12/2009,69.11
8/13/2009,68.75
8/14/2009,68.21
8/17/2009,66.55
8/18/2009,66.49
8/19/2009,68
8/20/2009,68.59
8/21/2009,69.92
8/24/2009,71.3
8/25/2009,70.68
8/26/2009,71.37
8/27/2009,70.86
8/28/2009,70.12
8/31/2009,69.15
9/1/2009,68.41
9/2/2009,68.18
9/3/2009,68.26
9/4/2009,69.18
9/8/2009,70.65
9/9/2009,70.5
9/10/2009,70.65
9/11/2009,69.98
9/14/2009,70
9/15/2009,69.49
9/16/2009,70.34
9/17/2009,69.84
9/18/2009,69.99
9/21/2009,69.57
9/22/2009,69.83
9/23/2009,69
9/24/2009,68.93
9/25/2009,68.7
9/28/2009,69.59
9/29/2009,69.07
9/30/2009,68.61
10/1/2009,67.27
10/2/2009,66.58
10/5/2009,67.58
10/6/2009,68.66
10/7/2009,68.67
10/8/2009,69.05
10/9/2009,69.27
10/12/2009,70.13
10/13/2009,70.26
10/14/2009,71.84
10/15/2009,72.94
10/16/2009,73.12
10/19/2009,73.62
10/20/2009,73.02
10/21/2009,73.31
10/22/2009,74.44
10/23/2009,73.57
10/26/2009,73.23
10/27/2009,74.91
10/28/2009,73.84
10/29/2009,73.96
10/30/2009,71.67
11/2/2009,72.15
11/3/2009,71.74
11/4/2009,71.3
11/5/2009,72.5
11/6/2009,72.58
11/9/2009,72.85
11/10/2009,72.61
11/11/2009,72.91
11/12/2009,71.9
11/13/2009,72.47
11/16/2009,74.43
11/17/2009,75.03
11/18/2009,75.27
11/19/2009,74.65
11/20/2009,74.38
11/23/2009,75.7
11/24/2009,75.97
11/25/2009,76.47
11/27/2009,74.87
11/30/2009,75.07
12/1/2009,76.04
12/2/2009,75.79
12/3/2009,74.99
12/4/2009,74.25
12/7/2009,73.77
12/8/2009,72.95
12/9/2009,72.79
12/10/2009,72.4
12/11/2009,72.83
12/14/2009,69.69
12/15/2009,69.17
12/16/2009,68.43
12/17/2009,68.22
12/18/2009,68.21
12/21/2009,68.51
12/22/2009,68.57
12/23/2009,68.26
12/24/2009,68.66
12/28/2009,69.08
12/29/2009,68.84
12/30/2009,68.77
12/31/2009,68.19
1/4/2010,69.15
1/5/2010,69.42
1/6/2010,70.02
1/7/2010,69.8
1/8/2010,69.52
1/11/2010,70.3
1/12/2010,69.95
1/13/2010,69.67
1/14/2010,69.68
1/15/2010,69.11
1/19/2010,69.27
1/20/2010,68.03
1/21/2010,66.7
1/22/2010,66.1
1/25/2010,65.85
1/26/2010,65.92
1/27/2010,65.54
1/28/2010,64.96
1/29/2010,64.43
2/1/2010,66.18
2/2/2010,66.96
2/3/2010,66.6
2/4/2010,64.72
2/5/2010,64.8
2/8/2010,64.35
2/9/2010,65.2
2/10/2010,64.85
2/11/2010,65.24
2/12/2010,64.8
2/16/2010,66.28
2/17/2010,65.76
2/18/2010,65.96
2/19/2010,65.87
2/22/2010,65.4
2/23/2010,64.94
2/24/2010,65.55
2/25/2010,65.14
2/26/2010,65
3/1/2010,65.4
3/2/2010,65.49
3/3/2010,65.43
3/4/2010,65.4
3/5/2010,66.47
3/8/2010,66.48
3/9/2010,66.78
3/10/2010,67.22
3/11/2010,67.22
3/12/2010,66.8
3/15/2010,66.3
3/16/2010,66.57
3/17/2010,67.36
3/18/2010,67.39
3/19/2010,67.04
3/22/2010,66.97
3/23/2010,66.95
3/24/2010,66.5
3/25/2010,66.29
3/26/2010,66.54
3/29/2010,67.3
3/30/2010,67.05
3/31/2010,66.98
4/1/2010,67.61
4/5/2010,68.19
4/6/2010,67.9
4/7/2010,67.34
4/8/2010,67.86
4/9/2010,68.76
4/12/2010,68.71
4/13/2010,68.66
4/14/2010,68.61
4/15/2010,68.26
4/16/2010,67.93
4/19/2010,68.23
4/20/2010,68.97
4/21/2010,68.92
4/22/2010,68.56
4/23/2010,69.24
4/26/2010,69.29
4/27/2010,68.27
4/28/2010,69.19
4/29/2010,68.66
4/30/2010,67.85
5/3/2010,67.84
5/4/2010,66.47
5/5/2010,66.17
5/6/2010,63.89
5/7/2010,63.7
5/10/2010,65.23
5/11/2010,64.46
5/12/2010,64.91
5/13/2010,64.74
5/14/2010,63.6
5/17/2010,63.27
5/18/2010,62.79
5/19/2010,62.45
5/20/2010,60.33
5/21/2010,60.88
5/24/2010,60.19
5/25/2010,59.71
5/26/2010,59.31
5/27/2010,61.46
5/28/2010,60.46
6/1/2010,59.25
6/2/2010,60.77
6/3/2010,61.56
6/4/2010,59.62
6/7/2010,59.3
6/8/2010,61.24
6/9/2010,60.03
6/10/2010,61.89
6/11/2010,61.86
6/14/2010,61.37
6/15/2010,62.51
6/16/2010,62.51
6/17/2010,62.6
6/18/2010,63.1
6/21/2010,63.13
6/22/2010,61.94
6/23/2010,61.1
6/24/2010,60.07
6/25/2010,59.1
6/28/2010,58.47
6/29/2010,57.29
6/30/2010,57.07
7/1/2010,56.61
7/2/2010,56.57
7/6/2010,57.46
7/7/2010,58.43
7/8/2010,58.81
7/9/2010,58.78
7/12/2010,58.94
7/13/2010,59.42
7/14/2010,59.26
7/15/2010,59.27
7/16/2010,57.96
7/19/2010,58.43
7/20/2010,58.95
7/21/2010,58.17
7/22/2010,59.38
7/23/2010,59.72
7/26/2010,60.39
7/27/2010,60.81
7/28/2010,60.91
7/29/2010,60.34
7/30/2010,59.68
8/2/2010,61.94
8/3/2010,62.72
8/4/2010,62.72
8/5/2010,62.71
8/6/2010,61.97
8/9/2010,62.45
8/10/2010,61.93
8/11/2010,60.39
8/12/2010,60.23
8/13/2010,59.91
8/16/2010,59.88
8/17/2010,60.82
8/18/2010,60.15
8/19/2010,59.29
8/20/2010,58.89
8/23/2010,59.5
8/24/2010,58.94
8/25/2010,58.91
8/26/2010,58.48
8/27/2010,59.8
8/30/2010,59
8/31/2010,59.11
9/1/2010,60.91
9/2/2010,61.06
9/3/2010,61.32
9/7/2010,60.55
9/8/2010,60.75
9/9/2010,61.05
9/10/2010,61.2
9/13/2010,61
9/14/2010,61.01
9/15/2010,61
9/16/2010,60.97
9/17/2010,60.78
9/20/2010,61.55
9/21/2010,61.54
9/22/2010,61.45
9/23/2010,61.15
9/24/2010,61.75
9/27/2010,61.71
9/28/2010,62.06
9/29/2010,61.59
9/30/2010,61.79
10/1/2010,62.54
10/4/2010,62.19
10/5/2010,63.26
10/6/2010,63.94
10/7/2010,63.85
10/8/2010,64.38
10/11/2010,64.55
10/12/2010,64.7
10/13/2010,65.04
10/14/2010,65.3
10/15/2010,65.19
10/18/2010,66.28
10/19/2010,65.12
10/20/2010,66.01
10/21/2010,66.32
10/22/2010,66.34
10/25/2010,66.2
10/26/2010,66.53
10/27/2010,65.67
10/28/2010,66.22
10/29/2010,66.49
11/1/2010,66.95
11/2/2010,67.84
11/3/2010,67.97
11/4/2010,69.38
11/5/2010,70
11/8/2010,70.32
11/9/2010,70.63
11/10/2010,71.13
11/11/2010,71.83
11/12/2010,70.99
11/15/2010,70.48
11/16/2010,68.94
11/17/2010,69.01
11/18/2010,70.31
11/19/2010,70.54
11/22/2010,70.19
11/23/2010,68.98
11/24/2010,69.88
11/26/2010,69.23
11/29/2010,69.45
11/30/2010,69.56
12/1/2010,71.33
12/2/2010,71.48
12/3/2010,71.19
12/6/2010,71.31
12/7/2010,71.46
12/8/2010,71.85
12/9/2010,72
12/10/2010,72.18
12/13/2010,72.36
12/14/2010,72.18
12/15/2010,71.85
12/16/2010,72.22
12/17/2010,72.17
12/20/2010,72.22
12/21/2010,72.72
12/22/2010,72.8
12/23/2010,73.2
12/27/2010,73.01
12/28/2010,73.42
12/29/2010,73.37
12/30/2010,73.36
12/31/2010,73.12
1/3/2011,74.55
1/4/2011,74.9
1/5/2011,74.7
1/6/2011,75.18
1/7/2011,75.59
1/10/2011,75.13
1/11/2011,75.69
1/12/2011,76.58
1/13/2011,76.71
1/14/2011,77.84
1/18/2011,78.71
1/19/2011,78.24
1/20/2011,77.75
1/21/2011,78.98
1/24/2011,78.59
1/25/2011,78.68
1/26/2011,79.66
1/27/2011,79.88
1/28/2011,78.99
1/31/2011,80.68
2/1/2011,83.91
2/2/2011,83.41
2/3/2011,83.44
2/4/2011,83.28
2/7/2011,83.93
2/8/2011,82.98
2/9/2011,82.55
2/10/2011,83.2
2/11/2011,82.82
2/14/2011,84.91
2/15/2011,82.97
2/16/2011,83.69
2/17/2011,83.88
2/18/2011,84.5
2/22/2011,85.44
2/23/2011,87.07
2/24/2011,85.97
2/25/2011,85.34
2/28/2011,85.53
3/1/2011,84.8
3/2/2011,85.08
3/3/2011,85.82
3/4/2011,85.08
3/7/2011,84.72
3/8/2011,84.6
3/9/2011,84.38
3/10/2011,81.38
3/11/2011,82.12
3/14/2011,82.38
3/15/2011,81.39
3/16/2011,79.31
3/17/2011,81.16
3/18/2011,80.85
3/21/2011,82.84
3/22/2011,82.56
3/23/2011,82.6
3/24/2011,82.73
3/25/2011,83.62
3/28/2011,83.47
3/29/2011,83.25
3/30/2011,84.49
3/31/2011,84.13
4/1/2011,84.68
4/4/2011,84.87
4/5/2011,85.42
4/6/2011,85.18
4/7/2011,85.76
4/8/2011,85.95
4/11/2011,85.16
4/12/2011,83.18
4/13/2011,83.16
4/14/2011,83.44
4/15/2011,84.29
4/18/2011,83.1
4/19/2011,83.8
4/20/2011,85.65
4/21/2011,86.36
4/25/2011,86.22
4/26/2011,87.42
4/27/2011,87.78
4/28/2011,87.34
4/29/2011,87.98
5/2/2011,86.97
5/3/2011,85.62
5/4/2011,84.81
5/5/2011,82.62
5/6/2011,82.69
5/9/2011,83.18
5/10/2011,83.34
5/11/2011,81.12
5/12/2011,81.05
5/13/2011,80.87
5/16/2011,80.24
5/17/2011,80.41
5/18/2011,81.74
5/19/2011,82.33
5/20/2011,81.57
5/23/2011,80.67
5/24/2011,81.29
5/25/2011,81.96
5/26/2011,82.39
5/27/2011,82.63
5/31/2011,83.47
6/1/2011,82.03
6/2/2011,81.33
6/3/2011,81.18
6/6/2011,80.29
6/7/2011,80
6/8/2011,80.76
6/9/2011,81.18
6/10/2011,79.78
6/13/2011,79.23
6/14/2011,80.38
6/15/2011,78.66
6/16/2011,79.22
6/17/2011,79.02
6/20/2011,79.71
6/21/2011,80.57
6/22/2011,79.82
6/23/2011,78.44
6/24/2011,76.78
6/27/2011,77.92
6/28/2011,79.63
6/29/2011,80.25
6/30/2011,81.38
7/1/2011,82.01
7/5/2011,81.6
7/6/2011,81.57
7/7/2011,82.36
7/8/2011,82.42
7/11/2011,81.9
7/12/2011,81.89
7/13/2011,82.48
7/14/2011,82.24
7/15/2011,83
7/18/2011,82.65
7/19/2011,83.63
7/20/2011,83.3
7/21/2011,85.02
7/22/2011,85.22
7/25/2011,84.57
7/26/2011,84.37
7/27/2011,83.31
7/28/2011,81.46
7/29/2011,79.79
8/1/2011,79.6
8/2/2011,77.84
8/3/2011,77.72
8/4/2011,73.84
8/5/2011,74.82
8/8/2011,70.19
8/9/2011,71.64
8/10/2011,68.03
8/11/2011,69.82
8/12/2011,72
8/15/2011,74.29
8/16/2011,73.5
8/17/2011,74.16
8/18/2011,70.94
8/19/2011,69.8
8/22/2011,70.18
8/23/2011,73.66
8/24/2011,73.54
8/25/2011,71.77
8/26/2011,72.64
8/29/2011,74.12
8/30/2011,73.91
8/31/2011,74.02
9/1/2011,73.49
9/2/2011,72.14
9/6/2011,71.15
9/7/2011,73.65
9/8/2011,72.82
9/9/2011,71.01
9/12/2011,71.84
9/13/2011,71.65
9/14/2011,72.64
9/15/2011,74.01
9/16/2011,74.55
9/19/2011,73.7
9/20/2011,74.01
9/21/2011,71.97
9/22/2011,69.24
9/23/2011,69.31
9/26/2011,71.72
9/27/2011,72.91
9/28/2011,72.07
9/29/2011,73.88
9/30/2011,72.63
10/3/2011,71.15
10/4/2011,72.83
10/5/2011,73.95
10/6/2011,73.89
10/7/2011,73.56
10/10/2011,76.28
10/11/2011,76.27
10/12/2011,77.16
10/13/2011,76.37
10/14/2011,78.11
10/17/2011,77.47
10/18/2011,78.89
10/19/2011,78.43
10/20/2011,78.71
10/21/2011,80.13
10/24/2011,80.17
10/25/2011,79.44
10/26/2011,81.07
10/27/2011,81.88
10/28/2011,81.48
10/31/2011,78.09
11/1/2011,75.94
11/2/2011,77.37
11/3/2011,78.86
11/4/2011,78.52
11/7/2011,79.35
11/8/2011,79.76
11/9/2011,77.39
11/10/2011,78.7
11/11/2011,79.72
11/14/2011,78.96
11/15/2011,79.09
11/16/2011,78.25
11/17/2011,77.86
11/18/2011,77.9
11/21/2011,76.91
11/22/2011,76.03
11/23/2011,74.58
11/25/2011,73.9
11/28/2011,75.84
11/29/2011,76.93
11/30/2011,80.44
12/1/2011,79.79
12/2/2011,79.79
12/5/2011,80.45
12/6/2011,80.82
12/7/2011,81.08
12/8/2011,79.87
12/9/2011,81.34
12/12/2011,80.05
12/13/2011,80.53
12/14/2011,79.44
12/15/2011,80.03
12/16/2011,80.16
12/19/2011,79.53
12/20/2011,82
12/21/2011,83.12
12/22/2011,84.29
12/23/2011,85.22
12/27/2011,85.28
12/28/2011,84.18
12/29/2011,85.27
12/30/2011,84.76
1/3/2012,86
1/4/2012,86.02
1/5/2012,85.76
1/6/2012,85.12
1/9/2012,85.5
1/10/2012,85.72
1/11/2012,85.08
1/12/2012,84.74
1/13/2012,84.88
1/17/2012,85.69
1/18/2012,86.45
1/19/2012,87.03
1/20/2012,87.49
1/23/2012,87.47
1/24/2012,87.18
1/25/2012,87.22
1/26/2012,86.77
1/27/2012,85.83
1/30/2012,85.49
1/31/2012,83.74
2/1/2012,83.97
2/2/2012,83.53
2/3/2012,84.92
2/6/2012,85.75
2/7/2012,86.34
2/8/2012,85.32
2/9/2012,84.88
2/10/2012,83.8
2/13/2012,84.42
2/14/2012,84.67
2/15/2012,84.12
2/16/2012,85.41
2/17/2012,85.62
2/21/2012,86.57
2/22/2012,86.92
2/23/2012,87.02
2/24/2012,87.34
2/27/2012,87.23
2/28/2012,87.14
2/29/2012,86.5
3/1/2012,86.83
3/2/2012,86.33
3/5/2012,87.01
3/6/2012,85.86
3/7/2012,85.83
3/8/2012,84.83
3/9/2012,84.3
3/12/2012,85.55
3/13/2012,86.86
3/14/2012,86.02
3/15/2012,86.09
3/16/2012,86.44
3/19/2012,86.99
3/20/2012,86.6
3/21/2012,86.01
3/22/2012,85.33
3/23/2012,85.55
3/26/2012,87.03
3/27/2012,86.62
3/28/2012,85.86
3/29/2012,86.08
3/30/2012,86.73
4/2/2012,87.07
4/3/2012,85.83
4/4/2012,84.98
4/5/2012,84.82
4/9/2012,83.88
4/10/2012,82.17
4/11/2012,82.7
4/12/2012,83.6
4/13/2012,82.95
4/16/2012,84.01
4/17/2012,85.45
4/18/2012,85.75
4/19/2012,85.28
4/20/2012,85.3
4/23/2012,85.69
4/24/2012,86.31
4/25/2012,86.85
4/26/2012,86.07
4/27/2012,86.08
4/30/2012,86.34
5/1/2012,87.04
5/2/2012,86.2
5/3/2012,85.65
5/4/2012,84.57
5/7/2012,84.48
5/8/2012,84.02
5/9/2012,83.31
5/10/2012,82.84
5/11/2012,83.1
5/14/2012,82.12
5/15/2012,81.79
5/16/2012,82.17
5/17/2012,81.91
5/18/2012,81.47
5/21/2012,82.04
5/22/2012,81.95
5/23/2012,82.04
5/24/2012,82.61
5/25/2012,82.08
5/29/2012,81.93
5/30/2012,79.79
5/31/2012,78.63
6/1/2012,77.92
6/4/2012,77.83
6/5/2012,77.6
6/6/2012,80.18
6/7/2012,80.69
6/8/2012,80.84
6/11/2012,80.27
6/12/2012,81.26
6/13/2012,80.63
6/14/2012,82.13
6/15/2012,83.22
6/18/2012,83.11
6/19/2012,84.48
6/20/2012,84.97
6/21/2012,82.11
6/22/2012,82.11
6/25/2012,81.24
6/26/2012,82.4
6/27/2012,83.2
6/28/2012,83.1
6/29/2012,85.57
7/2/2012,85.34
7/3/2012,86.28
7/5/2012,85.57
7/6/2012,84.8
7/9/2012,83.65
7/10/2012,83.11
7/11/2012,84.38
7/12/2012,84.12
7/13/2012,85.47
7/16/2012,85.05
7/17/2012,85.73
7/18/2012,86.21
7/19/2012,86.21
7/20/2012,85.95
7/23/2012,85.21
7/24/2012,84.58
7/25/2012,85.24
7/26/2012,86.52
7/27/2012,87.45
7/30/2012,87.56
7/31/2012,86.85
8/1/2012,86.91
8/2/2012,85.88
8/3/2012,87.55
8/6/2012,87.45
8/7/2012,87.92
8/8/2012,88.28
8/9/2012,88.2
8/10/2012,88.44
8/13/2012,88.14
8/14/2012,88.2
8/15/2012,88
8/16/2012,88.67
8/17/2012,88.4
8/20/2012,87.95
8/21/2012,87.46
8/22/2012,87.73
8/23/2012,87.31
8/24/2012,88.05
8/27/2012,87.74
8/28/2012,88.1
8/29/2012,87.9
8/30/2012,87.2
8/31/2012,87.3
9/4/2012,87.12
9/5/2012,87.33
9/6/2012,88.99
9/7/2012,89.92
9/10/2012,89.48
9/11/2012,89.62
9/12/2012,89.55
9/13/2012,91.23
9/14/2012,92.3
9/17/2012,91.91
9/18/2012,91.65
9/19/2012,90.57
9/20/2012,91.52
9/21/2012,91.92
9/24/2012,91.88
9/25/2012,91.74
9/26/2012,91.23
9/27/2012,91.8
9/28/2012,91.45
10/1/2012,91.8
10/2/2012,91.72
10/3/2012,91.7
10/4/2012,92.22
10/5/2012,92.55
10/8/2012,92.68
10/9/2012,92.13
10/10/2012,91.03
10/11/2012,91.17
10/12/2012,91.03
10/15/2012,91.51
10/16/2012,92.38
10/17/2012,93.39
10/18/2012,93.48
10/19/2012,92.15
10/22/2012,92.19
10/23/2012,90.18
10/24/2012,89.88
10/25/2012,90.43
10/26/2012,90.62
10/31/2012,91.17
11/1/2012,91.6
11/2/2012,90.27
11/5/2012,90.63
11/6/2012,91.61
11/7/2012,88.18
11/8/2012,87.07
11/9/2012,87.21
11/12/2012,87.32
11/13/2012,86.47
11/14/2012,86.07
11/15/2012,86.14
11/16/2012,86.45
11/19/2012,87.67
11/20/2012,87.5
11/21/2012,88.01
11/23/2012,89.09
11/26/2012,88.62
11/27/2012,87.35
11/28/2012,88.1
11/29/2012,88.12
11/30/2012,88.14
12/3/2012,87.61
12/4/2012,87.19
12/5/2012,87.73
12/6/2012,88
12/7/2012,88.6
12/10/2012,88.41
12/11/2012,88.99
12/12/2012,89.45
12/13/2012,88.58
12/14/2012,88.08
12/17/2012,88.87
12/18/2012,89.56
12/19/2012,88.44
12/20/2012,88.89
12/21/2012,87.23
12/24/2012,86.92
12/26/2012,87.07
12/27/2012,86.86
12/28/2012,85.1
12/31/2012,86.55
1/2/2013,88.71
1/3/2013,88.55
1/4/2013,88.96
1/7/2013,87.93
1/8/2013,88.48
1/9/2013,88.14
1/10/2013,89.1
1/11/2013,89.61
1/14/2013,89.58
1/15/2013,89.53
1/16/2013,89.47
1/17/2013,90.2
1/18/2013,90.8
1/22/2013,90.92
1/23/2013,90.7
1/24/2013,91.35
1/25/2013,91.73
1/28/2013,91.11
1/29/2013,91.76
1/30/2013,90.67
1/31/2013,89.97
2/1/2013,90.04
2/4/2013,89.15
2/5/2013,89.74
2/6/2013,89.79
2/7/2013,88.25
2/8/2013,88.61
2/11/2013,88.28
2/12/2013,88.46
2/13/2013,88.67
2/14/2013,88.52
2/15/2013,88.36
2/19/2013,89.32
2/20/2013,88.97
2/21/2013,88.59
2/22/2013,89.2
2/25/2013,87.7
2/26/2013,88.51
2/27/2013,89.53
2/28/2013,89.55
3/1/2013,89.43
3/4/2013,88.95
3/5/2013,89.61
3/6/2013,89.56
3/7/2013,88.71
3/8/2013,88.97
3/11/2013,89.16
3/12/2013,89.16
3/13/2013,89.26
3/14/2013,89.83
3/15/2013,89.37
3/18/2013,88.77
3/19/2013,88.58
3/20/2013,88.63
3/21/2013,88.17
3/22/2013,89.29
3/25/2013,89.02
3/26/2013,90.13
3/27/2013,90.58
3/28/2013,90.11
4/1/2013,90.77
4/2/2013,90.58
4/3/2013,89.93
4/4/2013,89.77
4/5/2013,89.01
4/8/2013,88.6
4/9/2013,88.77
4/10/2013,88.68
4/11/2013,89.22
4/12/2013,88.99
4/15/2013,86.49
4/16/2013,86.61
4/17/2013,86.08
4/18/2013,86.62
4/19/2013,87.45
4/22/2013,88.09
4/23/2013,89.3
4/24/2013,89.43
4/25/2013,88.07
4/26/2013,88
4/29/2013,88.21
4/30/2013,88.99
5/1/2013,87.51
5/2/2013,88.63
5/3/2013,90.02
5/6/2013,90.58
5/7/2013,91.15
5/8/2013,91.7
5/9/2013,91.03
5/10/2013,90.14
5/13/2013,90.1
5/14/2013,91.11
5/15/2013,91.24
5/16/2013,90.7
5/17/2013,91.76
5/20/2013,92.52
5/21/2013,92.8
5/22/2013,92.19
5/23/2013,91.79
5/24/2013,91.53
5/28/2013,92.38
5/29/2013,92.08
5/30/2013,92.09
5/31/2013,90.47
6/3/2013,91.46
6/4/2013,90.79
6/5/2013,89.65
6/6/2013,90.23
6/7/2013,91.45
6/10/2013,91.12
6/11/2013,90.46
6/12/2013,89.74
6/13/2013,91.33
6/14/2013,90.58
6/17/2013,91.51
6/18/2013,91.93
6/19/2013,91
6/20/2013,89.05
6/21/2013,89.48
6/24/2013,88.48
6/25/2013,89.11
6/26/2013,89.8
6/27/2013,90.04
6/28/2013,90.35
7/1/2013,90.3
7/2/2013,90.64
7/3/2013,90.69
7/5/2013,91.57
7/8/2013,92.25
7/9/2013,93.34
7/10/2013,92.82
7/11/2013,93.27
7/12/2013,93.4
7/15/2013,93.25
7/16/2013,93.3
7/17/2013,93.46
7/18/2013,94.38
7/19/2013,95.17
7/22/2013,94.85
7/23/2013,95.2
7/24/2013,94.99
7/25/2013,94.97
7/26/2013,94.79
7/29/2013,94.03
7/30/2013,93.81
7/31/2013,93.75
8/1/2013,92.73
8/2/2013,91.95
8/5/2013,91.59
8/6/2013,91.47
8/7/2013,91.34
8/8/2013,91.78
8/9/2013,90.72
8/12/2013,89.89
8/13/2013,89.4
8/14/2013,88.95
8/15/2013,88.16
8/16/2013,87.91
8/19/2013,86.92
8/20/2013,86.83
8/21/2013,86.42
8/22/2013,86.98
8/23/2013,87.52
8/26/2013,87.09
8/27/2013,86.82
8/28/2013,88.84
8/29/2013,87.27
8/30/2013,87.16
9/3/2013,87.15
9/4/2013,87.76
9/5/2013,87.35
9/6/2013,87.25
9/9/2013,88.04
9/10/2013,87.82
9/11/2013,88.84
9/12/2013,87.98
9/13/2013,88.4
9/16/2013,88.67
9/17/2013,88.94
9/18/2013,89.58
9/19/2013,89.28
9/20/2013,88.66
9/23/2013,87.75
9/24/2013,87.36
9/25/2013,87.14
9/26/2013,87.07
9/27/2013,86.9
9/30/2013,86.04
10/1/2013,86
10/2/2013,86.08
10/3/2013,85.5
10/4/2013,86.32
10/7/2013,85.9
10/8/2013,85.51
10/9/2013,85.16
10/10/2013,86.04
10/11/2013,86.95
10/14/2013,87.6
10/15/2013,86.79
10/16/2013,87.31
10/17/2013,87.48
10/18/2013,87.55
10/21/2013,87.23
10/22/2013,87.98
10/23/2013,87.61
10/24/2013,88.42
10/25/2013,87.97
10/28/2013,88.23
10/29/2013,88.93
10/30/2013,88.81
10/31/2013,89.62
11/1/2013,89.82
11/4/2013,92.1
11/5/2013,91.99
11/6/2013,93.22
11/7/2013,91.96
11/8/2013,92.73
11/11/2013,92.96
11/12/2013,92.67
11/13/2013,92.59
11/14/2013,93.22
11/15/2013,95.27
11/18/2013,95.45
11/19/2013,95.42
11/20/2013,94.68
11/21/2013,94.69
11/22/2013,95.01
11/25/2013,95.09
11/26/2013,94.27
11/27/2013,93.8
11/29/2013,93.48
12/2/2013,93.52
12/3/2013,94.39
12/4/2013,94.67
12/5/2013,94.13
12/6/2013,95.65
12/9/2013,95.84
12/10/2013,95.71
12/11/2013,94.26
12/12/2013,95.36
12/13/2013,95.31
12/16/2013,97.98
12/17/2013,96.75
12/18/2013,99.54
12/19/2013,99.43
12/20/2013,98.68
12/23/2013,98.51
12/24/2013,99.22
12/26/2013,100.9
12/27/2013,101.51
12/30/2013,100.31
12/31/2013,101.2
1/2/2014,99.75
1/3/2014,99.51
1/6/2014,99.66
1/7/2014,101.07
1/8/2014,100.74
1/9/2014,99.76
1/10/2014,100.52
1/13/2014,98.55
1/14/2014,99.12
1/15/2014,98.78
1/16/2014,98.94
1/17/2014,99.16
1/21/2014,98.5
1/22/2014,97.88
1/23/2014,96.97
1/24/2014,94.85
1/27/2014,94.92
1/28/2014,95.65
1/29/2014,95.11
1/30/2014,93.99
1/31/2014,92.16
2/3/2014,90.06
2/4/2014,90.02
2/5/2014,89.58
2/6/2014,89.8
2/7/2014,90.58
2/10/2014,89.52
2/11/2014,90.84
2/12/2014,91.08
2/13/2014,91.43
2/14/2014,94.11
2/18/2014,94.07
2/19/2014,93.95
2/20/2014,95.37
2/21/2014,95.03
2/24/2014,96.44
2/25/2014,96.31
2/26/2014,95.79
2/27/2014,95.84
2/28/2014,96.27
3/3/2014,95.5
3/4/2014,96.52
3/5/2014,93.8
3/6/2014,93.76
3/7/2014,94.99
3/10/2014,95.5
3/11/2014,94.01
3/12/2014,94.21
3/13/2014,93.64
3/14/2014,93.47
3/17/2014,94.32
3/18/2014,94.71
3/19/2014,93.73
3/20/2014,94.58
3/21/2014,94.31
3/24/2014,94.64
3/25/2014,94.91
3/26/2014,94.7
3/27/2014,96.24
3/28/2014,97.7
3/31/2014,97.68
4/1/2014,97.73
4/2/2014,97.95
4/3/2014,97.93
4/4/2014,97.36
4/7/2014,96.78
4/8/2014,97.45
4/9/2014,97.33
4/10/2014,96.78
4/11/2014,96.72
4/14/2014,97.86
4/15/2014,98.68
4/16/2014,99.94
4/17/2014,100.42
4/21/2014,100.93
4/22/2014,100.37
4/23/2014,100.5
4/24/2014,100.01
4/25/2014,100.41
4/28/2014,101.17
4/29/2014,101.45
4/30/2014,102.41
5/1/2014,101.41
5/2/2014,102.01
5/5/2014,102.91
5/6/2014,102.67
5/7/2014,103.11
5/8/2014,102.32
5/9/2014,101.95
5/12/2014,102.23
5/13/2014,102.36
5/14/2014,102.29
5/15/2014,100.78
5/16/2014,100.74
5/19/2014,100.87
5/20/2014,100.67
5/21/2014,102.03
5/22/2014,101.5
5/23/2014,101.32
5/27/2014,101.36
5/28/2014,101.06
5/29/2014,101.27
5/30/2014,100.53
6/2/2014,99.94
6/3/2014,100.39
6/4/2014,100.04
6/5/2014,100.55
6/6/2014,101.6
6/9/2014,101.52
6/10/2014,101.46
6/11/2014,101.95
6/12/2014,101.66
6/13/2014,102.65
6/16/2014,102.92
6/17/2014,102.42
6/18/2014,102.73
6/19/2014,102.63
6/20/2014,103.83
6/23/2014,104.38
6/24/2014,102.73
6/25/2014,102.14
6/26/2014,102.03
6/27/2014,101.21
6/30/2014,100.68
7/1/2014,101.36
7/2/2014,101.57
7/3/2014,102.59
7/7/2014,102.65
7/8/2014,102.83
7/9/2014,103.55
7/10/2014,102.57
7/11/2014,101.74
7/14/2014,102.68
7/15/2014,102.39
7/16/2014,103.77
7/17/2014,102.31
7/18/2014,102.73
7/21/2014,103.08
7/22/2014,103.54
7/23/2014,104.25
7/24/2014,104.28
7/25/2014,103.18
7/28/2014,104.37
7/29/2014,103.55
7/30/2014,103.25
7/31/2014,98.94
8/1/2014,98.8
8/4/2014,100.13
8/5/2014,98.2
8/6/2014,98.98
8/7/2014,98.27
8/8/2014,99.74
8/11/2014,98.73
8/12/2014,98.49
8/13/2014,99.09
8/14/2014,99.09
8/15/2014,99.03
8/18/2014,99.52
8/19/2014,99.49
8/20/2014,99.7
8/21/2014,99.28
8/22/2014,98.5
8/25/2014,98.75
8/26/2014,99.64
8/27/2014,99.53
8/28/2014,99.57
8/29/2014,99.46
9/2/2014,98.49
9/3/2014,99.11
9/4/2014,98.36
9/5/2014,99.26
9/8/2014,97.77
9/9/2014,97.39
9/10/2014,96.81
9/11/2014,97.03
9/12/2014,95.78
9/15/2014,96.29
9/16/2014,97.43
9/17/2014,97.08
9/18/2014,96.61
9/19/2014,97.12
9/22/2014,96.54
9/23/2014,96.03
9/24/2014,95.82
9/25/2014,94.25
9/26/2014,95.43
9/29/2014,94.43
9/30/2014,94.05
10/1/2014,92.86
10/2/2014,93.3
10/3/2014,93.92
10/6/2014,94.52
10/7/2014,93.37
10/8/2014,94.61
10/9/2014,91.82
10/10/2014,91.6
10/13/2014,90.84
10/14/2014,90.55
10/15/2014,90.22
10/16/2014,90.6
10/17/2014,91.21
10/20/2014,91.77
10/21/2014,93.65
10/22/2014,93.13
10/23/2014,94.11
10/24/2014,94.49
10/27/2014,93.71
10/28/2014,95.1
10/29/2014,94.59
10/30/2014,94.45
10/31/2014,96.71
11/3/2014,95.26
11/4/2014,94.52
11/5/2014,95.07
11/6/2014,96.26
11/7/2014,96.59
11/10/2014,96.28
11/11/2014,96.41
11/12/2014,95.38
11/13/2014,94.66
11/14/2014,95.09
11/17/2014,95.11
11/18/2014,94.87
11/19/2014,95.61
11/20/2014,95.82
11/21/2014,96.81
11/24/2014,95.72
11/25/2014,94.78
11/26/2014,94.48
11/28/2014,90.54
12/1/2014,92.35
12/2/2014,94.19
12/3/2014,94.95
12/4/2014,94.37
12/5/2014,93.82
12/8/2014,91.7
12/9/2014,91.38
12/10/2014,88.67
12/11/2014,89.2
12/12/2014,86.6
12/15/2014,86.9
12/16/2014,86.41
12/17/2014,89.02
12/18/2014,91.16
12/19/2014,93.64
12/22/2014,93.33
12/23/2014,94.59
12/24/2014,93.78
12/26/2014,93.21
12/29/2014,93.07
12/30/2014,93.02
12/31/2014,92.45
1/2/2015,92.83
1/5/2015,90.29
1/6/2015,89.81
1/7/2015,90.72
1/8/2015,92.23
1/9/2015,92.1
1/12/2015,90.33
1/13/2015,90
1/14/2015,89.74
1/15/2015,88.96
1/16/2015,91.12
1/20/2015,91.09
1/21/2015,91.87
1/22/2015,92.87
1/23/2015,90.89
1/26/2015,91.76
1/27/2015,90.95
1/28/2015,87.95
1/29/2015,87.58
1/30/2015,87.42
2/2/2015,89.58
2/3/2015,92.25
2/4/2015,91.46
2/5/2015,92.36
2/6/2015,91.5
2/9/2015,91.56
2/10/2015,91.01
2/11/2015,90.6
2/12/2015,92.37
2/13/2015,93.37
2/17/2015,93.05
2/18/2015,91.01
2/19/2015,89.44
2/20/2015,89.92
2/23/2015,89.01
2/24/2015,89.42
2/25/2015,89.6
2/26/2015,88.65
2/27/2015,88.54
3/2/2015,88.04
3/3/2015,87.62
3/4/2015,87.18
3/5/2015,86.74
3/6/2015,85.63
3/9/2015,85.16
3/10/2015,84.26
3/11/2015,84.02
3/12/2015,84.22
3/13/2015,83.87
3/16/2015,84.76
3/17/2015,84.08
3/18/2015,86.07
3/19/2015,84.41
3/20/2015,84.54
3/23/2015,85.43
3/24/2015,84.52
3/25/2015,84.86
3/26/2015,84.32
3/27/2015,83.58
3/30/2015,85.63
3/31/2015,85
4/1/2015,84.46
4/2/2015,84.3
4/6/2015,85.13
4/7/2015,85.75
4/8/2015,84.06
4/9/2015,84.65
4/10/2015,85.56
4/13/2015,85.34
4/14/2015,86.63
4/15/2015,88.08
4/16/2015,87.73
4/17/2015,86.93
4/20/2015,87.24
4/21/2015,86.88
4/22/2015,87.46
4/23/2015,87.54
4/24/2015,86.97
4/27/2015,87.01
4/28/2015,87.8
4/29/2015,87.87
4/30/2015,87.37
5/1/2015,88.85
5/4/2015,89.11
5/5/2015,88.61
5/6/2015,88.19
5/7/2015,87.6
5/8/2015,88.99
5/11/2015,86.78
5/12/2015,87.02
5/13/2015,86.56
5/14/2015,86.97
5/15/2015,87.35
5/18/2015,86.85
5/19/2015,86.99
5/20/2015,87.13
5/21/2015,87.21
5/22/2015,86.52
5/26/2015,85.35
5/27/2015,85.11
5/28/2015,85.11
5/29/2015,85.2
6/1/2015,85.13
6/2/2015,85.14
6/3/2015,84.95
6/4/2015,84.22
6/5/2015,84.28
6/8/2015,84.85
6/9/2015,84.58
6/10/2015,85.21
6/11/2015,85.09
6/12/2015,84.02
6/15/2015,83.72
6/16/2015,84.68
6/17/2015,84.73
6/18/2015,85.48
6/19/2015,85.21
6/22/2015,85.17
6/23/2015,85.07
6/24/2015,84.68
6/25/2015,83.93
6/26/2015,83.86
6/29/2015,82.82
6/30/2015,83.2
7/1/2015,82.37
7/2/2015,83.14
7/6/2015,82.53
7/7/2015,82.87
7/8/2015,81.97
7/9/2015,81.6
7/10/2015,82.22
7/13/2015,82.42
7/14/2015,83.11
7/15/2015,82.76
7/16/2015,82.91
7/17/2015,82.61
7/20/2015,81.76
7/21/2015,81.66
7/22/2015,81.79
7/23/2015,81.14
7/24/2015,79.94
7/27/2015,79.26
7/28/2015,82.48
7/29/2015,83.14
7/30/2015,83.01
7/31/2015,79.21
8/3/2015,78.06
8/4/2015,77.17
8/5/2015,77.17
8/6/2015,78.09
8/7/2015,76.83
8/10/2015,78.75
8/11/2015,77.49
8/12/2015,78.79
8/13/2015,78.65
8/14/2015,78.36
8/17/2015,78.77
8/18/2015,77.9
8/19/2015,76.23
8/20/2015,74.57
8/21/2015,72.13
8/24/2015,68.72
8/25/2015,68.71
8/26/2015,72.5
8/27/2015,74.85
8/28/2015,75.07
8/31/2015,75.24
9/1/2015,72.08
9/2/2015,73.23
9/3/2015,73.79
9/4/2015,72.46
9/8/2015,73.5
9/9/2015,72
9/10/2015,72.52
9/11/2015,72.69
9/14/2015,72.49
9/15/2015,72.86
9/16/2015,74.3
9/17/2015,74.46
9/18/2015,72.68
9/21/2015,73.39
9/22/2015,72.74
9/23/2015,72.3
9/24/2015,72.73
9/25/2015,73.23
9/28/2015,72.6
9/29/2015,72.97
9/30/2015,74.35
10/1/2015,74.06
10/2/2015,75.88
10/5/2015,76.81
10/6/2015,77.89
10/7/2015,79.2
10/8/2015,80.03
10/9/2015,79.26
10/12/2015,79.3
10/13/2015,79.16
10/14/2015,80.16
10/15/2015,81.48
10/16/2015,82.48
10/19/2015,80.99
10/20/2015,80.83
10/21/2015,80.21
10/22/2015,82.89
10/23/2015,82.98
10/26/2015,81.22
10/27/2015,81.09
10/28/2015,82.28
10/29/2015,82.23
10/30/2015,82.74
11/2/2015,85.28
11/3/2015,86.85
11/4/2015,85.98
11/5/2015,84.81
11/6/2015,84.47
11/9/2015,81.95
11/10/2015,82.35
11/11/2015,81.62
11/12/2015,79.41
11/13/2015,78.1
11/16/2015,80.9
11/17/2015,79.96
11/18/2015,80.74
11/19/2015,80.3
11/20/2015,79.79
11/23/2015,80.28
11/24/2015,81.88
11/25/2015,81.25
11/27/2015,81.23
11/30/2015,81.66
12/1/2015,81.89
12/2/2015,79.55
12/3/2015,78.41
12/4/2015,78.86
12/7/2015,76.8
12/8/2015,74.63
12/9/2015,75.63
12/10/2015,75.69
12/11/2015,74.34
12/14/2015,76.03
12/15/2015,79.43
12/16/2015,79.15
12/17/2015,77.96
12/18/2015,77.28
12/21/2015,77.26
12/22/2015,77.65
12/23/2015,80.19
12/24/2015,79.33
12/28/2015,78.74
12/29/2015,79.16
12/30/2015,78.11
12/31/2015,77.95
1/4/2016,77.46
1/5/2016,78.12
1/6/2016,77.47
1/7/2016,76.23
1/8/2016,74.69
1/11/2016,73.69
1/12/2016,75.2
1/13/2016,75.65
1/14/2016,79.12
1/15/2016,77.58
1/19/2016,76.4
1/20/2016,73.18
1/21/2016,74.1
1/22/2016,76.57
1/25/2016,73.98
1/26/2016,76.7
1/27/2016,75.29
1/28/2016,76.99
1/29/2016,77.85
2/1/2016,76.29
2/2/2016,74.59
2/3/2016,78.48
2/4/2016,79.83
2/5/2016,80.08
2/8/2016,81.16
2/9/2016,80.08
2/10/2016,79.35
2/11/2016,79.6
2/12/2016,81.03
2/16/2016,81.21
2/17/2016,82
2/18/2016,82.45
2/19/2016,82.5
2/22/2016,82.39
2/23/2016,81.23
2/24/2016,81.52
2/25/2016,82.01
2/26/2016,81.75
2/29/2016,80.15
3/1/2016,81.28
3/2/2016,82.7
3/3/2016,82.4
3/4/2016,82.29
3/7/2016,84.46
3/8/2016,82.63
3/9/2016,82.4
3/10/2016,82.18
3/11/2016,82.19
3/14/2016,82.41
3/15/2016,82.82
3/16/2016,82.87
3/17/2016,84.1
3/18/2016,84.2
3/21/2016,83.62
3/22/2016,84.12
3/23/2016,83.75
3/24/2016,83.98
3/28/2016,84.22
3/29/2016,84.53
3/30/2016,84.52
3/31/2016,83.59
4/1/2016,82.96
4/4/2016,83.16
4/5/2016,82.21
4/6/2016,83.31
4/7/2016,82.37
4/8/2016,83.21
4/11/2016,83.32
4/12/2016,84.35
4/13/2016,84.83
4/14/2016,85.43
4/15/2016,84.97
4/18/2016,85.78
4/19/2016,86.21
4/20/2016,86.8
4/21/2016,86.79
4/22/2016,87.53
4/25/2016,87.33
4/26/2016,87.63
4/27/2016,88.46
4/28/2016,88.03
4/29/2016,88.4
5/2/2016,89.13
5/3/2016,88.11
5/4/2016,87.94
5/5/2016,88.04
5/6/2016,88.51
5/9/2016,88.57
5/10/2016,89.99
5/11/2016,88.81
5/12/2016,89.67
5/13/2016,88.66
5/16/2016,89.57
5/17/2016,89.53
5/18/2016,89.35
5/19/2016,90.11
5/20/2016,89.74
5/23/2016,89.6
5/24/2016,89.67
5/25/2016,90.26
5/26/2016,89.8
5/27/2016,90.01
5/31/2016,89.02
6/1/2016,89.24
6/2/2016,88.53
6/3/2016,88.37
6/6/2016,89.34
6/7/2016,90.71
6/8/2016,90.79
6/9/2016,90.67
6/10/2016,89.98
6/13/2016,90.59
6/14/2016,90.43
6/15/2016,90.16
6/16/2016,91.22
6/17/2016,90.72
6/20/2016,91.12
6/21/2016,91.53
6/22/2016,91.17
6/23/2016,91.8
6/24/2016,89.39
6/27/2016,88.86
6/28/2016,90.91
6/29/2016,92.46
6/30/2016,93.74
7/1/2016,93.84
7/5/2016,93.02
7/6/2016,94.09
7/7/2016,92.96
7/8/2016,93.54
7/11/2016,93.89
7/12/2016,94.95
7/13/2016,94.88
7/14/2016,94.95
7/15/2016,95.12
7/18/2016,94.82
7/19/2016,94.47
7/20/2016,93.93
7/21/2016,93.85
7/22/2016,94.01
7/25/2016,92.2
7/26/2016,91.53
7/27/2016,90.91
7/28/2016,90.2
7/29/2016,88.95
8/1/2016,85.86
8/2/2016,87.04
8/3/2016,87.49
8/4/2016,87.48
8/5/2016,87.56
8/8/2016,88.59
8/9/2016,88.7
8/10/2016,86.41
8/11/2016,86.72
8/12/2016,87.85
8/15/2016,87.81
8/16/2016,87.92
8/17/2016,88.11
8/18/2016,88.91
8/19/2016,87.8
8/22/2016,87.99
8/23/2016,87.72
8/24/2016,88.02
8/25/2016,87.46
8/26/2016,87.27
