AAPL,
Date,12MO_PUT_IMP_VOL
12/10/2007,49.617
12/11/2007,49.7085
12/12/2007,49.887125
12/13/2007,49.492875
12/14/2007,48.4378125
12/17/2007,49.6506875
12/18/2007,49.212625
12/19/2007,48.099
12/20/2007,47.660375
12/21/2007,46.444125
12/24/2007,46.5665
12/26/2007,46.8381875
12/27/2007,47.232625
12/28/2007,47.0468125
12/31/2007,47.2733125
1/2/2008,48.7803125
1/3/2008,49.4543125
1/4/2008,52.135125
1/7/2008,51.132625
1/8/2008,52.2518125
1/9/2008,51.358125
1/10/2008,51.2673125
1/11/2008,52.6376875
1/14/2008,51.308125
1/15/2008,51.4425
1/16/2008,52.938375
1/17/2008,53.588
1/18/2008,52.6548125
1/22/2008,53.607875
1/23/2008,54.230375
1/24/2008,52.405
1/25/2008,52.2233125
1/28/2008,50.1756875
1/29/2008,47.2945
1/30/2008,46.916625
1/31/2008,46.8518125
2/1/2008,46.326
2/4/2008,47.1968125
2/5/2008,47.9733125
2/6/2008,49.4813125
2/7/2008,49.8696875
2/8/2008,49.676
2/11/2008,49.7076875
2/12/2008,50.184125
2/13/2008,49.3093125
2/14/2008,49.4041875
2/15/2008,50.018
2/19/2008,49.2945
2/20/2008,48.2058125
2/21/2008,48.205
2/22/2008,48.4698125
2/25/2008,47.7773125
2/26/2008,47.025375
2/27/2008,46.385625
2/28/2008,46.481125
2/29/2008,48.122125
3/3/2008,49.227125
3/4/2008,48.781125
3/5/2008,48.464
3/6/2008,48.4666875
3/7/2008,48.398875
3/10/2008,49.4385
3/11/2008,47.5575
3/12/2008,47.635375
3/13/2008,47.496375
3/14/2008,49.054125
3/17/2008,48.7166875
3/18/2008,46.974625
3/19/2008,47.9891875
3/20/2008,47.2518125
3/24/2008,47.3503125
3/25/2008,47.076875
3/26/2008,47.307875
3/27/2008,48.025125
3/28/2008,47.835125
3/31/2008,48.099625
4/1/2008,47.0518125
4/2/2008,47.509125
4/3/2008,46.954875
4/4/2008,46.913375
4/7/2008,47.0378125
4/8/2008,47.036625
4/9/2008,46.8188125
4/10/2008,46.4715
4/11/2008,46.9733125
4/14/2008,47.274375
4/15/2008,46.798875
4/16/2008,46.326875
4/17/2008,45.9171875
4/18/2008,45.4911875
4/21/2008,47.549875
4/22/2008,48.1695
4/23/2008,47.6235
4/24/2008,45.7245
4/25/2008,44.9623125
4/28/2008,44.674875
4/29/2008,45.1381875
4/30/2008,44.031625
5/1/2008,43.6053125
5/2/2008,43.6968125
5/5/2008,43.8138125
5/6/2008,43.566
5/7/2008,44.191375
5/8/2008,44.191375
5/9/2008,44.320625
5/12/2008,43.926375
5/13/2008,43.914875
5/14/2008,43.869625
5/15/2008,44.0535
5/16/2008,44.608
5/19/2008,45.2693125
5/20/2008,45.689625
5/21/2008,47.9341875
5/22/2008,46.6043125
5/23/2008,46.6316875
5/27/2008,46.5356875
5/28/2008,46.655125
5/29/2008,45.957125
5/30/2008,45.452625
6/2/2008,46.0075
6/3/2008,46.596375
6/4/2008,46.5031875
6/5/2008,45.82
6/6/2008,47.5116875
6/9/2008,47.3396875
6/10/2008,46.585375
6/11/2008,47.4286875
6/12/2008,48.3978125
6/13/2008,47.4075
6/16/2008,46.6003125
6/17/2008,46.298125
6/18/2008,46.5475
6/19/2008,46.135375
6/20/2008,46.9235
6/23/2008,46.4415
6/24/2008,46.4715
6/25/2008,45.2888125
6/26/2008,47.088875
6/27/2008,47.0465
6/30/2008,46.567125
7/1/2008,46.0501875
7/2/2008,46.7903125
7/3/2008,47.0553125
7/7/2008,46.878375
7/8/2008,46.4196875
7/9/2008,47.7721875
7/10/2008,48.2006875
7/11/2008,48.4036875
7/14/2008,48.560625
7/15/2008,48.414
7/16/2008,47.780125
7/17/2008,47.430875
7/18/2008,47.9765
7/21/2008,45.934625
7/22/2008,45.2965
7/23/2008,44.9248125
7/24/2008,46.972
7/25/2008,45.7148125
7/28/2008,47.2191875
7/29/2008,46.242
7/30/2008,46.0978125
7/31/2008,46.333875
8/1/2008,46.212625
8/4/2008,46.383875
8/5/2008,45.729
8/6/2008,45.514625
8/7/2008,45.527
8/8/2008,44.8393125
8/11/2008,45.143375
8/12/2008,45.1428125
8/13/2008,45.379125
8/14/2008,45.477375
8/15/2008,44.9646875
8/18/2008,45.0201875
8/19/2008,45.305
8/20/2008,44.835625
8/21/2008,44.616875
8/22/2008,44.0395
8/25/2008,44.975875
8/26/2008,44.577375
8/27/2008,44.586125
8/28/2008,44.366
8/29/2008,45.2778125
9/2/2008,46.330625
9/3/2008,46.492125
9/4/2008,47.1838125
9/5/2008,47.233
9/8/2008,47.624875
9/9/2008,47.843625
9/10/2008,47.4541875
9/11/2008,47.181875
9/12/2008,47.5408125
9/15/2008,48.0401875
9/16/2008,49.038625
9/17/2008,51.6211875
9/18/2008,51.746875
9/19/2008,48.901625
9/22/2008,49.442375
9/23/2008,51.285625
9/24/2008,50.7713125
9/25/2008,49.914625
9/26/2008,52.408875
9/29/2008,63.279875
9/30/2008,57.9671875
10/1/2008,59.0866875
10/2/2008,62.7318125
10/3/2008,63.1123125
10/6/2008,70.4768125
10/7/2008,67.6686875
10/8/2008,69.894125
10/9/2008,68.5468125
10/10/2008,75.7523125
10/13/2008,63.9981875
10/14/2008,64.2783125
10/15/2008,68.2695
10/16/2008,67.718
10/17/2008,65.094875
10/20/2008,63.657625
10/21/2008,63.2888125
10/22/2008,61.2936875
10/23/2008,62.299375
10/24/2008,64.2538125
10/27/2008,62.8943125
10/28/2008,63.654125
10/29/2008,59.6783125
10/30/2008,59.7373125
10/31/2008,61.300625
11/3/2008,60.405125
11/4/2008,58.1298125
11/5/2008,58.264125
11/6/2008,61.240625
11/7/2008,60.904625
11/10/2008,62.194125
11/11/2008,63.506625
11/12/2008,66.4428125
11/13/2008,67.4726875
11/14/2008,67.995375
11/17/2008,69.0086875
11/18/2008,70.263375
11/19/2008,71.804375
11/20/2008,76.5151875
11/21/2008,78.148875
11/24/2008,74.0836875
11/25/2008,81.703
11/26/2008,79.5861875
11/28/2008,77.267375
12/1/2008,74.131875
12/2/2008,72.174125
12/3/2008,70.889
12/4/2008,72.600875
12/5/2008,70.221625
12/8/2008,67.131
12/9/2008,66.2608125
12/10/2008,66.8676875
12/11/2008,65.39
12/12/2008,66.028625
12/15/2008,67.0861875
12/16/2008,64.737625
12/17/2008,64.8303125
12/18/2008,62.7545
12/19/2008,60.642125
12/22/2008,61.5493125
12/23/2008,59.825
12/24/2008,59.844875
12/26/2008,59.1613125
12/29/2008,59.023625
12/30/2008,58.613875
12/31/2008,57.1425
1/2/2009,55.1138125
1/5/2009,54.456125
1/6/2009,54.5635
1/7/2009,55.440375
1/8/2009,55.5341875
1/9/2009,55.8616875
1/12/2009,57.0798125
1/13/2009,58.503125
1/14/2009,60.184125
1/15/2009,59.8758125
1/16/2009,57.3011875
1/20/2009,58.8996875
1/21/2009,58.1036875
1/22/2009,53.782
1/23/2009,52.178125
1/26/2009,52.759625
1/27/2009,51.7803125
1/28/2009,50.578
1/29/2009,53.026125
1/30/2009,53.9841875
2/2/2009,53.8258125
2/3/2009,51.787375
2/4/2009,51.654625
2/5/2009,50.3648125
2/6/2009,49.700125
2/9/2009,50.5336875
2/10/2009,51.667125
2/11/2009,51.7326875
2/12/2009,51.4965
2/13/2009,51.1188125
2/17/2009,52.544875
2/18/2009,52.5746875
2/19/2009,53.5106875
2/20/2009,53.9171875
2/23/2009,54.676375
2/24/2009,54.4396875
2/25/2009,53.952875
2/26/2009,53.693875
2/27/2009,54.018125
3/2/2009,54.379625
3/3/2009,54.1898125
3/4/2009,53.027125
3/5/2009,53.400125
3/6/2009,55.707
3/9/2009,55.6293125
3/10/2009,52.8906875
3/11/2009,51.1688125
3/12/2009,50.198375
3/13/2009,48.7765
3/16/2009,48.9456875
3/17/2009,48.955625
3/18/2009,47.1065
3/19/2009,47.6961875
3/20/2009,49.0636875
3/23/2009,47.6643125
3/24/2009,47.5216875
3/25/2009,48.726625
3/26/2009,47.903875
3/27/2009,48.093125
3/30/2009,48.984
3/31/2009,48.091125
4/1/2009,48.536125
4/2/2009,47.9071875
4/3/2009,48.048875
4/6/2009,48.395375
4/7/2009,49.0716875
4/8/2009,49.314375
4/9/2009,48.045375
4/13/2009,47.6465
4/14/2009,48.423
4/15/2009,48.327875
4/16/2009,46.812375
4/17/2009,45.3881875
4/20/2009,46.4518125
4/21/2009,45.0073125
4/22/2009,44.5726875
4/23/2009,43.1395
4/24/2009,43.5678125
4/27/2009,43.8115
4/28/2009,44.2788125
4/29/2009,43.2606875
4/30/2009,43.1503125
5/1/2009,43.007875
5/4/2009,42.348
5/5/2009,42.467
5/6/2009,42.536625
5/7/2009,43.8441875
5/8/2009,43.0053125
5/11/2009,42.7171875
5/12/2009,43.867625
5/13/2009,43.7588125
5/14/2009,42.9513125
5/15/2009,42.3075
5/18/2009,41.2081875
5/19/2009,41.056375
5/20/2009,41.020375
5/21/2009,42.2823125
5/22/2009,41.826
5/26/2009,41.791625
5/27/2009,41.534625
5/28/2009,41.5411875
5/29/2009,41.6235
6/1/2009,41.5495
6/2/2009,41.7938125
6/3/2009,42.529125
6/4/2009,43.055
6/5/2009,43.385375
6/8/2009,43.5368125
6/9/2009,41.9908125
6/10/2009,42.041
6/11/2009,42.3808125
6/12/2009,42.5901875
6/15/2009,42.8105
6/16/2009,42.949125
6/17/2009,43.216125
6/18/2009,43.2268125
6/19/2009,42.6158125
6/22/2009,43.081125
6/23/2009,43.1368125
6/24/2009,42.320375
6/25/2009,41.6203125
6/26/2009,40.1025
6/29/2009,39.415
6/30/2009,38.3491875
7/1/2009,38.6683125
7/2/2009,39.532125
7/6/2009,40.4208125
7/7/2009,40.5458125
7/8/2009,40.852125
7/9/2009,40.2273125
7/10/2009,39.7248125
7/13/2009,38.876
7/14/2009,38.8186875
7/15/2009,38.372875
7/16/2009,38.370625
7/17/2009,38.3333125
7/20/2009,38.1501875
7/21/2009,37.0366875
7/22/2009,36.3833125
7/23/2009,36.4981875
7/24/2009,36.965125
7/27/2009,37.471125
7/28/2009,37.1903125
7/29/2009,37.4575
7/30/2009,36.907625
7/31/2009,36.4658125
8/3/2009,37.012
8/4/2009,37.0813125
8/5/2009,37.0196875
8/6/2009,37.208625
8/7/2009,36.8165
8/10/2009,36.7963125
8/11/2009,36.9841875
8/12/2009,37.0466875
8/13/2009,37.1076875
8/14/2009,37.0521875
8/17/2009,38.092375
8/18/2009,37.9323125
8/19/2009,38.2478125
8/20/2009,38.1666875
8/21/2009,37.3275
8/24/2009,38.044375
8/25/2009,37.602125
8/26/2009,37.732625
8/27/2009,37.986375
8/28/2009,38.538
8/31/2009,39.5825
9/1/2009,39.4868125
9/2/2009,40.1043125
9/3/2009,40.271375
9/4/2009,38.712375
9/8/2009,38.917375
9/9/2009,38.184875
9/10/2009,37.576125
9/11/2009,37.536
9/14/2009,37.5543125
9/15/2009,37.4516875
9/16/2009,37.728875
9/17/2009,37.926125
9/18/2009,38.082
9/21/2009,38.4031875
9/22/2009,38.023625
9/23/2009,38.125875
9/24/2009,38.6823125
9/25/2009,39.135
9/28/2009,38.9421875
9/29/2009,38.702375
9/30/2009,38.754125
10/1/2009,39.306375
10/2/2009,39.3291875
10/5/2009,39.230125
10/6/2009,38.8573125
10/7/2009,38.2986875
10/8/2009,38.111125
10/9/2009,37.8306875
10/12/2009,37.724
10/13/2009,37.63
10/14/2009,37.1601875
10/15/2009,37.1161875
10/16/2009,37.043625
10/19/2009,35.8505
10/20/2009,34.4471875
10/21/2009,34.972875
10/22/2009,36.763875
10/23/2009,36.838875
10/26/2009,37.0855
10/27/2009,37.405875
10/28/2009,38.825125
10/29/2009,38.706375
10/30/2009,40.7783125
11/2/2009,40.3378125
11/3/2009,40.1046875
11/4/2009,39.038125
11/5/2009,38.186875
11/6/2009,38.374875
11/9/2009,38.0565
11/10/2009,38.177
11/11/2009,37.8525
11/12/2009,38.1226875
11/13/2009,37.8886875
11/16/2009,37.9405
11/17/2009,38.1788125
11/18/2009,38.306
11/19/2009,39.0883125
11/20/2009,38.7183125
11/23/2009,38.325625
11/24/2009,38.267375
11/25/2009,38.0741875
11/27/2009,39.340875
11/30/2009,39.824875
12/1/2009,39.3558125
12/2/2009,39.517375
12/3/2009,39.2545
12/4/2009,40.245875
12/7/2009,39.7535
12/8/2009,40.0455
12/9/2009,39.8466875
12/10/2009,39.3135
12/11/2009,39.532375
12/14/2009,39.1171875
12/15/2009,38.6286875
12/16/2009,38.1571875
12/17/2009,38.5406875
12/18/2009,38.0986875
12/21/2009,37.455625
12/22/2009,37.1633125
12/23/2009,36.6353125
12/24/2009,36.5305
12/28/2009,36.709125
12/29/2009,36.4998125
12/30/2009,36.805375
12/31/2009,37.458375
1/4/2010,37.4278125
1/5/2010,38.0043125
1/6/2010,36.9181875
1/7/2010,37.0711875
1/8/2010,36.033375
1/11/2010,36.012
1/12/2010,35.9656875
1/13/2010,36.4005
1/14/2010,36.0833125
1/15/2010,36.6138125
1/19/2010,35.4696875
1/20/2010,36.4708125
1/21/2010,37.116875
1/22/2010,37.788
1/25/2010,38.1103125
1/26/2010,35.989125
1/27/2010,36.317875
1/28/2010,37.2131875
1/29/2010,37.6465
2/1/2010,38.1875
2/2/2010,37.181625
2/3/2010,37.070125
2/4/2010,38.4143125
2/5/2010,39.313625
2/8/2010,38.3008125
2/9/2010,37.619625
2/10/2010,37.6661875
2/11/2010,36.7963125
2/12/2010,36.8535
2/16/2010,36.607875
2/17/2010,35.8931875
2/18/2010,35.542625
2/19/2010,35.3231875
2/22/2010,35.0286875
2/23/2010,35.1098125
2/24/2010,34.202375
2/25/2010,34.7355
2/26/2010,33.7498125
3/1/2010,33.3386875
3/2/2010,33.2563125
3/3/2010,32.9263125
3/4/2010,32.652
3/5/2010,31.9168125
3/8/2010,31.7233125
3/9/2010,31.9748125
3/10/2010,32.026875
3/11/2010,32.810375
3/12/2010,32.513
3/15/2010,32.244875
3/16/2010,32.4048125
3/17/2010,32.6968125
3/18/2010,32.5453125
3/19/2010,32.4765
3/22/2010,32.515875
3/23/2010,32.3408125
3/24/2010,32.3781875
3/25/2010,32.8988125
3/26/2010,33.056375
3/29/2010,33.423
3/30/2010,33.311625
3/31/2010,33.1766875
4/1/2010,33.533625
4/5/2010,34.013375
4/6/2010,34.055
4/7/2010,33.983125
4/8/2010,34.2766875
4/9/2010,34.1071875
4/12/2010,33.7515
4/13/2010,33.433625
4/14/2010,33.159875
4/15/2010,33.331125
4/16/2010,33.847375
4/19/2010,33.675125
4/20/2010,32.885
4/21/2010,31.9228125
4/22/2010,32.2101875
4/23/2010,33.1401875
4/26/2010,34.923375
4/27/2010,35.481
4/28/2010,35.2545
4/29/2010,35.6185
4/30/2010,36.277875
5/3/2010,37.039125
5/4/2010,40.0541875
5/5/2010,39.052
5/6/2010,41.5305
5/7/2010,44.4298125
5/10/2010,41.1578125
5/11/2010,40.2713125
5/12/2010,39.204875
5/13/2010,38.481375
5/14/2010,41.9706875
5/17/2010,41.917625
5/18/2010,42.5946875
5/19/2010,43.9333125
5/20/2010,46.2348125
5/21/2010,44.9638125
5/24/2010,43.0926875
5/25/2010,44.65
5/26/2010,40.711875
5/27/2010,39.3578125
5/28/2010,39.4005
6/1/2010,40.0828125
6/2/2010,40.7805
6/3/2010,39.4413125
6/4/2010,41.0526875
6/7/2010,41.605875
6/8/2010,43.576375
6/9/2010,42.202875
6/10/2010,41.760375
6/11/2010,41.540625
6/14/2010,41.0545
6/15/2010,39.304625
6/16/2010,39.111125
6/17/2010,38.2833125
6/18/2010,38.0785
6/21/2010,38.469125
6/22/2010,38.892375
6/23/2010,39.4673125
6/24/2010,39.684875
6/25/2010,39.8305
6/28/2010,40.3566875
6/29/2010,42.753625
6/30/2010,42.2011875
7/1/2010,43.771875
7/2/2010,44.333
7/6/2010,43.080875
7/7/2010,41.949
7/8/2010,41.916625
7/9/2010,41.837125
7/12/2010,41.436875
7/13/2010,42.562125
7/14/2010,42.721125
7/15/2010,43.395875
7/16/2010,43.5538125
7/19/2010,44.7361875
7/20/2010,41.720125
7/21/2010,40.0573125
7/22/2010,38.7503125
7/23/2010,38.107375
7/26/2010,38.076
7/27/2010,37.1938125
7/28/2010,37.202
7/29/2010,36.7965
7/30/2010,36.747125
8/2/2010,35.565875
8/3/2010,35.6283125
8/4/2010,35.772
8/5/2010,35.6188125
8/6/2010,36.152625
8/9/2010,35.603375
8/10/2010,35.8231875
8/11/2010,37.2088125
8/12/2010,37.697625
8/13/2010,37.8913125
8/16/2010,37.8598125
8/17/2010,37.483
8/18/2010,37.588
8/19/2010,38.2063125
8/20/2010,37.9318125
8/23/2010,38.1305
8/24/2010,38.8723125
8/25/2010,39.3941875
8/26/2010,39.2226875
8/27/2010,39.1708125
8/30/2010,38.7508125
8/31/2010,38.834625
9/1/2010,37.282875
9/2/2010,36.4906875
9/3/2010,36.051875
9/7/2010,36.0293125
9/8/2010,35.617375
9/9/2010,35.4123125
9/10/2010,34.641875
9/13/2010,34.164375
9/14/2010,33.733625
9/15/2010,33.8833125
9/16/2010,34.1075
9/17/2010,34.202375
9/20/2010,33.8271875
9/21/2010,33.6698125
9/22/2010,33.7196875
9/23/2010,34.469625
9/24/2010,34.58
9/27/2010,34.519375
9/28/2010,35.307
9/29/2010,35.3065
9/30/2010,35.4611875
10/1/2010,35.314
10/4/2010,35.824375
10/5/2010,35.504125
10/6/2010,35.783125
10/7/2010,35.8991875
10/8/2010,35.471875
10/11/2010,35.3601875
10/12/2010,35.4358125
10/13/2010,35.100875
10/14/2010,35.355625
10/15/2010,36.046
10/18/2010,36.1363125
10/19/2010,36.108375
10/20/2010,34.684625
10/21/2010,34.699125
10/22/2010,34.093625
10/25/2010,33.873375
10/26/2010,34.231875
10/27/2010,34.4973125
10/28/2010,34.693625
10/29/2010,35.025875
11/1/2010,35.2223125
11/2/2010,34.8481875
11/3/2010,34.9985
11/4/2010,34.367
11/5/2010,34.2491875
11/8/2010,34.3095
11/9/2010,33.7378125
11/10/2010,33.7286875
11/11/2010,33.859375
11/12/2010,35.158
11/15/2010,35.492625
11/16/2010,36.250125
11/17/2010,35.9423125
11/18/2010,35.3676875
11/19/2010,35.188625
11/22/2010,35.0865
11/23/2010,35.746375
11/24/2010,35.134875
11/26/2010,35.1746875
11/29/2010,36.0266875
11/30/2010,36.909
12/1/2010,35.813
12/2/2010,35.326125
12/3/2010,34.934125
12/6/2010,34.9151875
12/7/2010,34.191
12/8/2010,34.057875
12/9/2010,33.888125
12/10/2010,33.466125
12/13/2010,33.395375
12/14/2010,33.4068125
12/15/2010,33.346375
12/16/2010,33.2948125
12/17/2010,33.452625
12/20/2010,32.894375
12/21/2010,32.830125
12/22/2010,32.7491875
12/23/2010,32.879875
12/27/2010,33.126125
12/28/2010,33.4463125
12/29/2010,33.1816875
12/30/2010,33.297125
12/31/2010,33.664
1/3/2011,32.8346875
1/4/2011,32.771875
1/5/2011,32.3126875
1/6/2011,32.150125
1/7/2011,32.164375
1/10/2011,32.462875
1/11/2011,31.616375
1/12/2011,31.413875
1/13/2011,31.2988125
1/14/2011,30.8595
1/18/2011,31.547375
1/19/2011,30.845625
1/20/2011,31.569
1/21/2011,32.089375
1/24/2011,31.6438125
1/25/2011,31.8796875
1/26/2011,31.5158125
1/27/2011,31.323
1/28/2011,32.367625
1/31/2011,31.595125
2/1/2011,31.039875
2/2/2011,31.1378125
2/3/2011,30.9768125
2/4/2011,30.647375
2/7/2011,30.148
2/8/2011,29.636875
2/9/2011,30.0875
2/10/2011,29.782625
2/11/2011,30.1405
2/14/2011,29.797875
2/15/2011,29.369375
2/16/2011,29.1916875
2/17/2011,29.846
2/18/2011,31.4015
2/22/2011,33.452125
2/23/2011,34.5561875
2/24/2011,35.0341875
2/25/2011,34.0163125
2/28/2011,33.1448125
3/1/2011,33.5861875
3/2/2011,33.007
3/3/2011,31.605125
3/4/2011,31.7648125
3/7/2011,33.2366875
3/8/2011,32.3611875
3/9/2011,32.7051875
3/10/2011,34.152625
3/11/2011,33.534875
3/14/2011,33.89
3/15/2011,34.766375
3/16/2011,37.7795
3/17/2011,36.0153125
3/18/2011,35.5676875
3/21/2011,34.5393125
3/22/2011,34.2785
3/23/2011,34.044125
3/24/2011,33.1873125
3/25/2011,33.051
3/28/2011,32.7725
3/29/2011,32.8736875
3/30/2011,32.224125
3/31/2011,31.9981875
4/1/2011,31.9416875
4/4/2011,32.574375
4/5/2011,32.355125
4/6/2011,32.6998125
4/7/2011,32.8378125
4/8/2011,32.3125
4/11/2011,32.142375
4/12/2011,32.6408125
4/13/2011,32.910375
4/14/2011,33.0075
4/15/2011,33.268
4/18/2011,33.896125
4/19/2011,33.066
4/20/2011,31.993
4/21/2011,30.757375
4/25/2011,30.6685
4/26/2011,30.47
4/27/2011,30.203625
4/28/2011,30.237375
4/29/2011,30.382625
5/2/2011,30.9383125
5/3/2011,31.465625
5/4/2011,31.5615
5/5/2011,31.661
5/6/2011,31.4396875
5/9/2011,31.126375
5/10/2011,30.7263125
5/11/2011,30.5461875
5/12/2011,30.2061875
5/13/2011,30.7671875
5/16/2011,31.2803125
5/17/2011,31.9773125
5/18/2011,30.9205
5/19/2011,30.7958125
5/20/2011,30.5018125
5/23/2011,30.9348125
5/24/2011,30.7913125
5/25/2011,30.5056875
5/26/2011,29.9078125
5/27/2011,29.293
5/31/2011,29.350875
6/1/2011,29.676125
6/2/2011,29.5591875
6/3/2011,29.604375
6/6/2011,29.935625
6/7/2011,29.9788125
6/8/2011,29.6088125
6/9/2011,29.480875
6/10/2011,29.843125
6/13/2011,30.0891875
6/14/2011,29.5123125
6/15/2011,30.2668125
6/16/2011,31.505625
6/17/2011,32.422375
6/20/2011,32.875375
6/21/2011,31.4818125
6/22/2011,30.83
6/23/2011,31.1286875
6/24/2011,31.3091875
6/27/2011,31.1178125
6/28/2011,31.174
6/29/2011,31.0026875
6/30/2011,30.6188125
7/1/2011,29.730625
7/5/2011,29.7288125
7/6/2011,29.667875
7/7/2011,29.387
7/8/2011,29.3713125
7/11/2011,30.2205
7/12/2011,30.481125
7/13/2011,30.368625
7/14/2011,30.897875
7/15/2011,30.786
7/18/2011,31.742625
7/19/2011,31.744125
7/20/2011,29.7923125
7/21/2011,29.326125
7/22/2011,29.1853125
7/25/2011,29.3428125
7/26/2011,29.4368125
7/27/2011,30.401125
7/28/2011,30.390375
7/29/2011,31.095125
8/1/2011,31.641
8/2/2011,31.6473125
8/3/2011,31.4543125
8/4/2011,33.538375
8/5/2011,35.3868125
8/8/2011,39.089625
8/9/2011,38.0948125
8/10/2011,38.031625
8/11/2011,38.039375
8/12/2011,35.7525
8/15/2011,34.539125
8/16/2011,34.4565
8/17/2011,34.355875
8/18/2011,37.158625
8/19/2011,39.3611875
8/22/2011,38.616
8/23/2011,37.5708125
8/24/2011,37.396625
8/25/2011,36.781125
8/26/2011,35.616625
8/29/2011,34.5768125
8/30/2011,34.5888125
8/31/2011,34.3268125
9/1/2011,34.8378125
9/2/2011,35.9586875
9/6/2011,36.018375
9/7/2011,34.565125
9/8/2011,34.72
9/9/2011,36.145375
9/12/2011,37.1838125
9/13/2011,36.068875
9/14/2011,35.020625
9/15/2011,34.4236875
9/16/2011,33.658125
9/19/2011,34.201125
9/20/2011,34.316125
9/21/2011,35.009625
9/22/2011,37.783
9/23/2011,37.5
9/26/2011,38.9225
9/27/2011,37.611875
9/28/2011,37.9073125
9/29/2011,39.8028125
9/30/2011,40.1471875
10/3/2011,42.153875
10/4/2011,44.228625
10/5/2011,42.0625
10/6/2011,41.4141875
10/7/2011,41.1855
10/10/2011,40.0305
10/11/2011,39.288625
10/12/2011,38.135625
10/13/2011,37.415
10/14/2011,37.2621875
10/17/2011,38.068375
10/18/2011,36.596625
10/19/2011,36.411125
10/20/2011,36.8335
10/21/2011,35.898375
10/24/2011,34.805375
10/25/2011,35.3401875
10/26/2011,35.49
10/27/2011,34.285875
10/28/2011,34.1195
10/31/2011,34.265375
11/1/2011,36.190875
11/2/2011,36.475125
11/3/2011,35.618
11/4/2011,35.3753125
11/7/2011,35.9061875
11/8/2011,35.533625
11/9/2011,37.152
11/10/2011,39.061625
11/11/2011,37.963
11/14/2011,38.5855
11/15/2011,38.4196875
11/16/2011,38.611
11/17/2011,40.671125
11/18/2011,40.2876875
11/21/2011,41.5091875
11/22/2011,40.1288125
11/23/2011,40.9676875
11/25/2011,41.1736875
11/28/2011,39.628625
11/29/2011,39.4418125
11/30/2011,37.834125
12/1/2011,36.977
12/2/2011,36.647
12/5/2011,36.7923125
12/6/2011,36.440125
12/7/2011,36.663875
12/8/2011,36.827375
12/9/2011,36.2686875
12/12/2011,36.2968125
12/13/2011,35.7763125
12/14/2011,37.0858125
12/15/2011,36.6083125
12/16/2011,36.032875
12/19/2011,36.2696875
12/20/2011,35.502875
12/21/2011,35.399125
12/22/2011,34.6915
12/23/2011,33.8836875
12/27/2011,34.1026875
12/28/2011,34.3795
12/29/2011,34.7808125
12/30/2011,35.1076875
1/3/2012,34.4705
1/4/2012,33.993125
1/5/2012,33.492625
1/6/2012,32.8538125
1/9/2012,32.608125
1/10/2012,32.015
1/11/2012,31.6528125
1/12/2012,31.743875
1/13/2012,32.0648125
1/17/2012,31.8938125
1/18/2012,31.661875
1/19/2012,31.8238125
1/20/2012,32.7763125
1/23/2012,32.075
1/24/2012,32.1841875
1/25/2012,28.8803125
1/26/2012,28.070125
1/27/2012,28.945125
1/30/2012,28.780125
1/31/2012,28.8193125
2/1/2012,28.2975
2/2/2012,27.740625
2/3/2012,27.6795
2/6/2012,27.0593125
2/7/2012,27.4001875
2/8/2012,28.0661875
2/9/2012,29.0851875
2/10/2012,29.4061875
2/13/2012,30.452375
2/14/2012,31.383
2/15/2012,32.0185
2/16/2012,31.599875
2/17/2012,31.549375
2/21/2012,31.238125
2/22/2012,31.368375
2/23/2012,30.7205
2/24/2012,29.7958125
2/27/2012,29.845125
2/28/2012,30.7091875
2/29/2012,31.309875
3/1/2012,32.2201875
3/2/2012,31.569125
3/5/2012,32.402125
3/6/2012,32.4558125
3/7/2012,31.854625
3/8/2012,31.9253125
3/9/2012,31.585625
3/12/2012,31.374625
3/13/2012,31.3378125
3/14/2012,32.9308125
3/15/2012,33.1486875
3/16/2012,33.0451875
3/19/2012,33.094
3/20/2012,33.898
3/21/2012,33.8108125
3/22/2012,33.234375
3/23/2012,32.6498125
3/26/2012,32.5588125
3/27/2012,32.385625
3/28/2012,32.7716875
3/29/2012,32.8208125
3/30/2012,33.4941875
4/2/2012,32.640375
4/3/2012,33.5388125
4/4/2012,34.390125
4/5/2012,34.1851875
4/9/2012,34.902875
4/10/2012,35.7055
4/11/2012,36.1676875
4/12/2012,36.0365
4/13/2012,37.053875
4/16/2012,37.3956875
4/17/2012,37.776875
4/18/2012,38.1996875
4/19/2012,37.606625
4/20/2012,37.802125
4/23/2012,36.983875
4/24/2012,35.484625
4/25/2012,34.904125
4/26/2012,34.723625
4/27/2012,34.577875
4/30/2012,34.447125
5/1/2012,34.148125
5/2/2012,33.6031875
5/3/2012,33.808875
5/4/2012,34.5715
5/7/2012,35.337125
5/8/2012,35.957
5/9/2012,35.941375
5/10/2012,35.1196875
5/11/2012,35.076375
5/14/2012,35.906
5/15/2012,36.385
5/16/2012,37.2683125
5/17/2012,39.543875
5/18/2012,39.6596875
5/21/2012,38.307125
5/22/2012,37.935375
5/23/2012,38.705
5/24/2012,38.4645
5/25/2012,38.684875
5/29/2012,37.889875
5/30/2012,38.183875
5/31/2012,37.9396875
6/1/2012,39.5435
6/4/2012,39.979125
6/5/2012,39.3385
6/6/2012,38.0323125
6/7/2012,36.968
6/8/2012,36.6216875
6/11/2012,36.5963125
6/12/2012,36.8448125
6/13/2012,36.8861875
6/14/2012,37.133375
6/15/2012,36.3693125
6/18/2012,35.5131875
6/19/2012,35.243625
6/20/2012,35.2015
6/21/2012,35.2788125
6/22/2012,35.067875
6/25/2012,35.6176875
6/26/2012,35.6851875
6/27/2012,35.471
6/28/2012,35.634625
6/29/2012,34.787
7/2/2012,34.5338125
7/3/2012,34.156875
7/5/2012,33.578375
7/6/2012,33.7515
7/9/2012,33.7326875
7/10/2012,33.9715
7/11/2012,34.1045
7/12/2012,34.3303125
7/13/2012,33.871375
7/16/2012,33.638
7/17/2012,33.1511875
7/18/2012,33.363375
7/19/2012,33.485
7/20/2012,33.7416875
7/23/2012,34.440625
7/24/2012,34.4893125
7/25/2012,33.132625
7/26/2012,32.2781875
7/27/2012,31.8598125
7/30/2012,31.878875
7/31/2012,32.739125
8/1/2012,32.4026875
8/2/2012,32.742
8/3/2012,31.755125
8/6/2012,31.4311875
8/7/2012,31.2245
8/8/2012,30.747375
8/9/2012,30.71
8/10/2012,30.2181875
8/13/2012,30.752375
8/14/2012,30.681125
8/15/2012,30.8918125
8/16/2012,31.026125
8/17/2012,31.388625
8/20/2012,32.177375
8/21/2012,31.972
8/22/2012,32.3861875
8/23/2012,32.7781875
8/24/2012,32.476875
8/27/2012,32.5181875
8/28/2012,32.5318125
8/29/2012,32.866875
8/30/2012,33.2756875
8/31/2012,33.2526875
9/4/2012,33.535625
9/5/2012,33.2643125
9/6/2012,32.644875
9/7/2012,32.378125
9/10/2012,32.725
9/11/2012,32.5885
9/12/2012,32.256625
9/13/2012,31.6955
9/14/2012,31.249625
9/17/2012,31.3361875
9/18/2012,31.036
9/19/2012,30.615125
9/20/2012,30.7535
9/21/2012,30.6561875
9/24/2012,31.7653125
9/25/2012,31.6575
9/26/2012,33.3936875
9/27/2012,33.394125
9/28/2012,34.35
10/1/2012,34.505625
10/2/2012,34.787625
10/3/2012,34.771375
10/4/2012,34.3558125
10/5/2012,34.7715
10/8/2012,35.814
10/9/2012,35.5833125
10/10/2012,36.0781875
10/11/2012,35.7316875
10/12/2012,35.095625
10/15/2012,34.925625
10/16/2012,34.9076875
10/17/2012,34.644
10/18/2012,35.219375
10/19/2012,36.713875
10/22/2012,36.704625
10/23/2012,36.268125
10/24/2012,35.5155
10/25/2012,34.754875
10/26/2012,34.0916875
10/31/2012,34.185875
11/1/2012,32.993125
11/2/2012,33.0423125
11/5/2012,32.9141875
11/6/2012,32.5981875
11/7/2012,33.6466875
11/8/2012,33.99
11/9/2012,34.475875
11/12/2012,34.589125
11/13/2012,33.411125
11/14/2012,32.8773125
11/15/2012,33.6691875
11/16/2012,34.458
11/19/2012,33.968875
11/20/2012,34.0616875
11/21/2012,33.733125
11/23/2012,33.6373125
11/26/2012,34.0243125
11/27/2012,34.1193125
11/28/2012,33.769125
11/29/2012,33.513
11/30/2012,34.4251875
12/3/2012,34.477375
12/4/2012,34.779125
12/5/2012,35.658125
12/6/2012,36.042375
12/7/2012,36.2446875
12/10/2012,36.241375
12/11/2012,35.335125
12/12/2012,35.711375
12/13/2012,36.100125
12/14/2012,37.216625
12/17/2012,37.2098125
12/18/2012,35.9558125
12/19/2012,35.629125
12/20/2012,35.264625
12/21/2012,34.6481875
12/24/2012,34.7283125
12/26/2012,34.752125
12/27/2012,34.685375
12/28/2012,34.803625
12/31/2012,34.201625
1/2/2013,33.5021875
1/3/2013,33.2128125
1/4/2013,33.2745
1/7/2013,33.228875
1/8/2013,32.695375
1/9/2013,32.5525
1/10/2013,33.436375
1/11/2013,33.5885
1/14/2013,34.1793125
1/15/2013,34.399
1/16/2013,32.742375
1/17/2013,31.8945
1/18/2013,30.733125
1/22/2013,29.967625
1/23/2013,29.7756875
1/24/2013,28.0441875
1/25/2013,27.6855
1/28/2013,27.928875
1/29/2013,27.858375
1/30/2013,27.9536875
1/31/2013,27.420375
2/1/2013,26.977
2/4/2013,27.8306875
2/5/2013,27.572375
2/6/2013,28.413375
2/7/2013,28.9466875
2/8/2013,28.582125
2/11/2013,29.029625
2/12/2013,28.885125
2/13/2013,28.9303125
2/14/2013,28.3296875
2/15/2013,28.2361875
2/19/2013,28.305
2/20/2013,28.4931875
2/21/2013,29.239125
2/22/2013,29.1928125
2/25/2013,29.773
2/26/2013,29.9068125
2/27/2013,29.2503125
2/28/2013,28.955625
3/1/2013,30.081
3/4/2013,30.858
3/5/2013,30.445
3/6/2013,30.416
3/7/2013,30.276875
3/8/2013,30.0073125
3/11/2013,29.8511875
3/12/2013,29.913625
3/13/2013,29.809125
3/14/2013,29.0665
3/15/2013,29.4723125
3/18/2013,29.696
3/19/2013,29.9343125
3/20/2013,29.909875
3/21/2013,30.1936875
3/22/2013,29.9031875
3/25/2013,29.7875
3/26/2013,29.364875
3/27/2013,29.836375
3/28/2013,29.878375
4/1/2013,30.7951875
4/2/2013,31.035375
4/3/2013,31.146625
4/4/2013,31.502875
4/5/2013,32.1343125
4/8/2013,32.095875
4/9/2013,31.818875
4/10/2013,31.6571875
4/11/2013,31.814375
4/12/2013,31.203875
4/15/2013,32.1083125
4/16/2013,31.566125
4/17/2013,33.631375
4/18/2013,34.3313125
4/19/2013,33.5188125
4/22/2013,32.3951875
4/23/2013,31.8713125
4/24/2013,29.638
4/25/2013,29.900125
4/26/2013,27.7345
4/29/2013,27.7495
4/30/2013,28.0803125
5/1/2013,28.0978125
5/2/2013,27.8071875
5/3/2013,27.0388125
5/6/2013,26.292875
5/7/2013,26.3583125
5/8/2013,26.1671875
5/9/2013,26.189
5/10/2013,26.2246875
5/13/2013,26.345875
5/14/2013,26.6835
5/15/2013,27.6653125
5/16/2013,27.895625
5/17/2013,28.0291875
5/20/2013,27.5175
5/21/2013,27.917625
5/22/2013,27.818375
5/23/2013,27.6766875
5/24/2013,27.724
5/28/2013,27.7916875
5/29/2013,27.8125
5/30/2013,27.7423125
5/31/2013,27.7281875
6/3/2013,28.270125
6/4/2013,28.393
6/5/2013,28.527375
6/6/2013,28.796125
6/7/2013,28.829625
6/10/2013,28.951625
6/11/2013,28.7215
6/12/2013,28.707
6/13/2013,28.9826875
6/14/2013,29.1773125
6/17/2013,28.527125
6/18/2013,28.2503125
6/19/2013,28.0695
6/20/2013,28.860875
6/21/2013,29.0328125
6/24/2013,29.497625
6/25/2013,29.5618125
6/26/2013,29.675625
6/27/2013,29.7733125
6/28/2013,29.688375
7/1/2013,29.3475
7/2/2013,29.386
7/3/2013,28.7628125
7/5/2013,28.499375
7/8/2013,28.7315
7/9/2013,27.8383125
7/10/2013,27.507375
7/11/2013,27.1698125
7/12/2013,26.9703125
7/15/2013,27.0968125
7/16/2013,26.791625
7/17/2013,26.413375
7/18/2013,26.168
7/19/2013,26.7868125
7/22/2013,26.813625
7/23/2013,26.883875
7/24/2013,26.1228125
7/25/2013,26.458
7/26/2013,26.1643125
7/29/2013,26.0035
7/30/2013,26.4335
7/31/2013,26.377875
8/1/2013,26.324
8/2/2013,25.995
8/5/2013,26.2485
8/6/2013,26.507
8/7/2013,26.4908125
8/8/2013,26.328125
8/9/2013,26.3471875
8/12/2013,26.5923125
8/13/2013,27.5165
8/14/2013,27.477625
8/15/2013,28.143
8/16/2013,27.921625
8/19/2013,28.124625
8/20/2013,28.144125
8/21/2013,28.475875
8/22/2013,28.221875
8/23/2013,28.0856875
8/26/2013,28.257625
8/27/2013,28.997625
8/28/2013,29.0146875
8/29/2013,29.007125
8/30/2013,29.2325
9/3/2013,29.456875
9/4/2013,29.5765
9/5/2013,29.815625
9/6/2013,30.2833125
9/9/2013,30.1778125
9/10/2013,29.195875
9/11/2013,30.1601875
9/12/2013,30.104
9/13/2013,30.038
9/16/2013,30.3665
9/17/2013,30.0351875
9/18/2013,30.186
9/19/2013,30.1815
9/20/2013,30.5333125
9/23/2013,30.435875
9/24/2013,30.219875
9/25/2013,29.9946875
9/26/2013,29.972875
9/27/2013,29.986125
9/30/2013,30.1126875
10/1/2013,29.937375
10/2/2013,29.9073125
10/3/2013,29.889375
10/4/2013,29.8821875
10/7/2013,30.176375
10/8/2013,30.571375
10/9/2013,30.503625
10/10/2013,30.299625
10/11/2013,30.1481875
10/14/2013,30.0553125
10/15/2013,29.6065
10/16/2013,29.2405
10/17/2013,29.22
10/18/2013,29.272125
10/21/2013,29.6421875
10/22/2013,29.1551875
10/23/2013,29.912875
10/24/2013,29.8408125
10/25/2013,29.8141875
10/28/2013,29.631125
10/29/2013,29.139375
10/30/2013,28.9138125
10/31/2013,28.68
11/1/2013,29.0458125
11/4/2013,28.5736875
11/5/2013,28.453
11/6/2013,28.4983125
11/7/2013,28.357375
11/8/2013,28.244625
11/11/2013,28.1106875
11/12/2013,28.231
11/13/2013,28.206375
11/14/2013,28.239375
11/15/2013,28.0116875
11/18/2013,27.8816875
11/19/2013,27.7691875
11/20/2013,27.606
11/21/2013,27.4171875
11/22/2013,27.399625
11/25/2013,27.1231875
11/26/2013,27.0338125
11/27/2013,26.9038125
11/29/2013,27.4108125
12/2/2013,28.0476875
12/3/2013,28.1721875
12/4/2013,28.811625
12/5/2013,29.3643125
12/6/2013,29.316375
12/9/2013,28.8981875
12/10/2013,28.7778125
12/11/2013,29.1266875
12/12/2013,29.248125
12/13/2013,29.511125
12/16/2013,29.528125
12/17/2013,29.452875
12/18/2013,30.206625
12/19/2013,29.554625
12/20/2013,29.5731875
12/23/2013,29.1285
12/24/2013,29.1288125
12/26/2013,29.0288125
12/27/2013,28.852375
12/30/2013,28.8535
12/31/2013,28.6975
1/2/2014,28.949
1/3/2014,29.3411875
1/6/2014,29.093875
1/7/2014,28.715
1/8/2014,28.125375
1/9/2014,27.614625
1/10/2014,27.475875
1/13/2014,27.467
1/14/2014,27.2535
1/15/2014,27.248625
1/16/2014,27.332875
1/17/2014,28.3108125
1/21/2014,27.804
1/22/2014,27.410375
1/23/2014,27.224
1/24/2014,27.534
1/27/2014,27.629875
1/28/2014,26.2758125
1/29/2014,25.3783125
1/30/2014,25.0606875
1/31/2014,24.818
2/3/2014,25.248375
2/4/2014,24.9285
2/5/2014,24.9676875
2/6/2014,25.005125
2/7/2014,25.321875
2/10/2014,24.696125
2/11/2014,25.031875
2/12/2014,25.192
2/13/2014,25.100625
2/14/2014,24.9251875
2/18/2014,24.938
2/19/2014,24.761
2/20/2014,24.828
2/21/2014,25.468
2/24/2014,24.985625
2/25/2014,24.9301875
2/26/2014,25.005625
2/27/2014,25.0231875
2/28/2014,24.7263125
3/3/2014,24.7491875
3/4/2014,24.444
3/5/2014,24.397
3/6/2014,24.2216875
3/7/2014,24.361875
3/10/2014,24.432
3/11/2014,24.372625
3/12/2014,24.491125
3/13/2014,24.679625
3/14/2014,24.92
3/17/2014,24.5983125
3/18/2014,24.4075
3/19/2014,24.314
3/20/2014,24.209625
3/21/2014,23.611125
3/24/2014,24.2638125
3/25/2014,23.7855
3/26/2014,23.6238125
3/27/2014,24.0135
3/28/2014,24.136625
3/31/2014,23.806625
4/1/2014,23.623375
4/2/2014,23.4426875
4/3/2014,23.624875
4/4/2014,24.0138125
4/7/2014,24.3025
4/8/2014,24.152625
4/9/2014,23.839625
4/10/2014,23.821125
4/11/2014,24.1288125
4/14/2014,24.028125
4/15/2014,23.7826875
4/16/2014,23.4198125
4/17/2014,22.742125
4/21/2014,22.549625
4/22/2014,22.726625
4/23/2014,22.850875
4/24/2014,21.783
4/25/2014,21.9528125
4/28/2014,22.350625
4/29/2014,22.211625
4/30/2014,22.244875
5/1/2014,22.373375
5/2/2014,22.129875
5/5/2014,22.5141875
5/6/2014,22.2453125
5/7/2014,22.3136875
5/8/2014,22.2868125
5/9/2014,22.336625
5/12/2014,22.1685
5/13/2014,21.8993125
5/14/2014,21.9616875
5/15/2014,22.0873125
5/16/2014,22.313125
5/19/2014,21.9301875
5/20/2014,21.9766875
5/21/2014,21.891875
5/22/2014,22.1021875
5/23/2014,22.187
5/27/2014,22.6556875
5/28/2014,22.8405
5/29/2014,23.274625
5/30/2014,23.5705
6/2/2014,23.564125
6/3/2014,23.5653125
6/4/2014,24.2033125
6/5/2014,24.747875
6/6/2014,24.586125
6/9/2014,24.6738125
6/10/2014,25.175875
6/11/2014,24.792875
6/12/2014,24.502375
6/13/2014,24.643875
6/16/2014,25.0168125
6/17/2014,25.3018125
6/18/2014,25.3785
6/19/2014,25.2436875
6/20/2014,25.4981875
6/23/2014,25.0776875
6/24/2014,24.976875
6/25/2014,25.224625
6/26/2014,25.166375
6/27/2014,25.348375
6/30/2014,25.7981875
7/1/2014,25.277375
7/2/2014,25.3571875
7/3/2014,25.2706875
7/7/2014,25.2685
7/8/2014,25.619875
7/9/2014,25.471
7/10/2014,25.4326875
7/11/2014,25.4543125
7/14/2014,25.236375
7/15/2014,25.384125
7/16/2014,25.330375
7/17/2014,26.0618125
7/18/2014,25.6243125
7/21/2014,25.6235
7/22/2014,25.689
7/23/2014,24.961875
7/24/2014,25.219875
7/25/2014,25.085625
7/28/2014,25.365375
7/29/2014,25.543
7/30/2014,25.568875
7/31/2014,26.638375
8/1/2014,27.082625
8/4/2014,27.2463125
8/5/2014,27.534625
8/6/2014,27.7488125
8/7/2014,28.275375
8/8/2014,28.1188125
8/11/2014,27.961625
8/12/2014,27.588
8/13/2014,27.188875
8/14/2014,26.494375
8/15/2014,26.785875
8/18/2014,26.4403125
8/19/2014,25.861125
8/20/2014,26.155125
8/21/2014,25.8393125
8/22/2014,25.765625
8/25/2014,25.8663125
8/26/2014,25.8271875
8/27/2014,25.809375
8/28/2014,25.4663125
8/29/2014,25.486
9/2/2014,25.716625
9/3/2014,26.3256875
9/4/2014,26.2108125
9/5/2014,26.3716875
9/8/2014,26.4561875
9/9/2014,26.253375
9/10/2014,26.290625
9/11/2014,26.4241875
9/12/2014,26.8396875
9/15/2014,26.923375
9/16/2014,27.075875
9/17/2014,26.8025
9/18/2014,26.5673125
9/19/2014,26.5326875
9/22/2014,26.527375
9/23/2014,26.1606875
9/24/2014,26.154375
9/25/2014,27.027125
9/26/2014,26.5123125
9/29/2014,26.688375
9/30/2014,26.2353125
10/1/2014,27.020375
10/2/2014,26.6428125
10/3/2014,26.4546875
10/6/2014,26.3615
10/7/2014,26.5371875
10/8/2014,26.293
10/9/2014,26.6796875
10/10/2014,26.941875
10/13/2014,27.75
10/14/2014,27.8058125
10/15/2014,29.019375
10/16/2014,29.1813125
10/17/2014,28.4353125
10/20/2014,27.680625
10/21/2014,26.7583125
10/22/2014,26.949125
10/23/2014,26.692125
10/24/2014,26.805
10/27/2014,26.9526875
10/28/2014,26.829625
10/29/2014,26.99
10/30/2014,26.78
10/31/2014,26.388625
11/3/2014,26.526875
11/4/2014,26.291875
11/5/2014,26.1586875
11/6/2014,26.1003125
11/7/2014,25.8676875
11/10/2014,25.716375
11/11/2014,25.5556875
11/12/2014,25.428
11/13/2014,26.0255
11/14/2014,26.391
11/17/2014,26.861375
11/18/2014,26.765625
11/19/2014,27.0321875
11/20/2014,26.826
11/21/2014,26.9546875
11/24/2014,27.0085
11/25/2014,26.9241875
11/26/2014,26.796875
11/28/2014,27.2551875
12/1/2014,27.840125
12/2/2014,27.7611875
12/3/2014,27.661875
12/4/2014,27.938375
12/5/2014,27.816875
12/8/2014,28.7605
12/9/2014,28.864625
12/10/2014,29.981
12/11/2014,30.103
12/12/2014,31.0428125
12/15/2014,30.9895
12/16/2014,31.541625
12/17/2014,30.720625
12/18/2014,30.311
12/19/2014,29.9665
12/22/2014,29.4068125
12/23/2014,29.418
12/24/2014,35.8695
12/26/2014,29.040875
12/29/2014,28.911
12/30/2014,29.0115
12/31/2014,29.4658125
1/2/2015,30.134125
1/5/2015,30.937875
1/6/2015,31.757625
1/7/2015,31.8701875
1/8/2015,31.003625
1/9/2015,31.145375
1/12/2015,32.0386875
1/13/2015,31.436
1/14/2015,31.9708125
1/15/2015,32.9683125
1/16/2015,32.144625
1/20/2015,31.285875
1/21/2015,30.611875
1/22/2015,29.2991875
1/23/2015,28.8823125
1/26/2015,29.224625
1/27/2015,29.7655
1/28/2015,28.963125
1/29/2015,28.309875
1/30/2015,29.210125
2/2/2015,28.9081875
2/3/2015,28.2006875
2/4/2015,28.040625
2/5/2015,27.756375
2/6/2015,28.4266875
2/9/2015,27.4015
2/10/2015,27.655
2/11/2015,27.681625
2/12/2015,27.7891875
2/13/2015,27.619375
2/17/2015,27.640125
2/18/2015,27.268875
2/19/2015,27.481375
2/20/2015,27.4615
2/23/2015,27.8188125
2/24/2015,27.8035
2/25/2015,28.231875
2/26/2015,28.1916875
2/27/2015,28.3283125
3/2/2015,28.385
3/3/2015,28.3931875
3/4/2015,28.365875
3/5/2015,28.7376875
3/6/2015,28.9396875
3/9/2015,28.447625
3/10/2015,28.6356875
3/11/2015,28.798875
3/12/2015,28.478
3/13/2015,28.5751875
3/16/2015,28.1315
3/17/2015,28.090125
3/18/2015,27.6973125
3/19/2015,27.7118125
3/20/2015,27.5985
3/23/2015,27.539
3/24/2015,27.3951875
3/25/2015,28.255125
3/26/2015,28.1081875
3/27/2015,28.343375
3/30/2015,27.438125
3/31/2015,27.589875
4/1/2015,27.577
4/2/2015,27.543
4/6/2015,27.393125
4/7/2015,27.5816875
4/8/2015,27.507625
4/9/2015,27.5938125
4/10/2015,27.623875
4/13/2015,27.672625
4/14/2015,27.5801875
4/15/2015,27.3331875
4/16/2015,27.233625
4/17/2015,27.8516875
4/20/2015,26.995625
4/21/2015,27.259125
4/22/2015,27.1451875
4/23/2015,27.121375
4/24/2015,27.5161875
4/27/2015,28.0061875
4/28/2015,26.8698125
4/29/2015,27.023
4/30/2015,28.325875
5/1/2015,27.7336875
5/4/2015,27.1331875
5/5/2015,27.714
5/6/2015,27.863875
5/7/2015,27.361875
5/8/2015,26.4643125
5/11/2015,26.700875
5/12/2015,26.8801875
5/13/2015,26.9255
5/14/2015,26.6533125
5/15/2015,26.389375
5/18/2015,26.141
5/19/2015,26.234125
5/20/2015,25.6748125
5/21/2015,25.5805
5/22/2015,25.5346875
5/26/2015,26.304
5/27/2015,26.009875
5/28/2015,26.032375
5/29/2015,26.041875
6/1/2015,25.9365
6/2/2015,25.8721875
6/3/2015,25.8531875
6/4/2015,25.913875
6/5/2015,26.050625
6/8/2015,26.48
6/9/2015,26.4206875
6/10/2015,25.805
6/11/2015,25.682625
6/12/2015,25.603125
6/15/2015,25.4943125
6/16/2015,25.1635
6/17/2015,25.189125
6/18/2015,24.8575
6/19/2015,24.8688125
6/22/2015,24.432875
6/23/2015,24.4285
6/24/2015,24.4621875
6/25/2015,24.6341875
6/26/2015,24.8688125
6/29/2015,25.8713125
6/30/2015,25.574375
7/1/2015,25.104375
7/2/2015,24.8245
7/6/2015,24.991
7/7/2015,24.8901875
7/8/2015,25.945625
7/9/2015,26.5501875
7/10/2015,25.7811875
7/13/2015,25.281875
7/14/2015,25.003125
7/15/2015,24.889375
7/16/2015,24.7058125
7/17/2015,25.0901875
7/20/2015,25.3843125
7/21/2015,25.348125
7/22/2015,25.1268125
7/23/2015,25.473875
7/24/2015,25.5561875
7/27/2015,25.8298125
7/28/2015,25.5433125
7/29/2015,25.494625
7/30/2015,25.7813125
7/31/2015,26.1448125
8/3/2015,27.0311875
8/4/2015,28.0173125
8/5/2015,27.845
8/6/2015,28.534
8/7/2015,28.128375
8/10/2015,27.1703125
8/11/2015,29.3608125
8/12/2015,28.868625
8/13/2015,28.2323125
8/14/2015,27.963875
8/17/2015,27.6753125
8/18/2015,27.7168125
8/19/2015,28.1006875
8/20/2015,28.875875
8/21/2015,33.701625
8/24/2015,37.993125
8/25/2015,38.0755
8/26/2015,33.7616875
8/27/2015,32.9031875
8/28/2015,32.9445
8/31/2015,32.9375
9/1/2015,35.4713125
9/2/2015,34.4261875
9/3/2015,34.5718125
9/4/2015,35.801125
9/8/2015,34.345
9/9/2015,33.9976875
9/10/2015,33.1256875
9/11/2015,32.339625
9/14/2015,32.4605
9/15/2015,31.578625
9/16/2015,30.951375
9/17/2015,30.844625
9/18/2015,31.3466875
9/21/2015,30.7006875
9/22/2015,31.619375
9/23/2015,31.3538125
9/24/2015,31.118375
9/25/2015,31.15
9/28/2015,32.374875
9/29/2015,33.9588125
9/30/2015,33.0166875
10/1/2015,33.0345
10/2/2015,32.4515
10/5/2015,31.762125
10/6/2015,31.4386875
10/7/2015,31.4853125
10/8/2015,31.364125
10/9/2015,30.564625
10/12/2015,29.8003125
10/13/2015,29.6443125
10/14/2015,29.707
10/15/2015,29.2585
10/16/2015,29.0928125
10/19/2015,28.934625
10/20/2015,28.733
10/21/2015,28.682375
10/22/2015,28.073875
10/23/2015,27.732625
10/26/2015,29.2905
10/27/2015,29.9691875
10/28/2015,27.6205
10/29/2015,27.506625
10/30/2015,27.8968125
11/2/2015,27.215125
11/3/2015,27.237
11/4/2015,27.3265
11/5/2015,27.576
11/6/2015,27.782875
11/9/2015,27.878
11/10/2015,28.7848125
11/11/2015,28.5281875
11/12/2015,28.6083125
11/13/2015,29.215
11/16/2015,28.8761875
11/17/2015,29.0061875
11/18/2015,28.876
11/19/2015,28.601375
11/20/2015,28.343
11/23/2015,28.065375
11/24/2015,27.9936875
11/25/2015,28.064625
11/27/2015,27.961875
11/30/2015,27.846125
12/1/2015,27.739625
12/2/2015,27.6165
12/3/2015,28.2356875
12/4/2015,27.0588125
12/7/2015,27.259125
12/8/2015,27.337
12/9/2015,28.359625
12/10/2015,28.2433125
12/11/2015,29.4473125
12/14/2015,28.84
12/15/2015,28.3845
12/16/2015,27.503
12/17/2015,27.424
12/18/2015,28.2883125
12/21/2015,28.0156875
12/22/2015,27.355375
12/23/2015,26.3023125
12/24/2015,26.1096875
12/28/2015,26.4876875
12/29/2015,25.714375
12/30/2015,26.1048125
12/31/2015,26.9886875
1/4/2016,27.4956875
1/5/2016,28.289
1/6/2016,29.3315
1/7/2016,30.712125
1/8/2016,30.4045
1/11/2016,29.950625
1/12/2016,29.662375
1/13/2016,31.0201875
1/14/2016,30.1926875
1/15/2016,31.803625
1/19/2016,31.665375
1/20/2016,32.232125
1/21/2016,31.6318125
1/22/2016,29.8823125
1/25/2016,30.6968125
1/26/2016,29.5658125
1/27/2016,30.4435
1/28/2016,29.9821875
1/29/2016,28.7346875
2/1/2016,28.996
2/2/2016,29.6468125
2/3/2016,29.6336875
2/4/2016,29.4815
2/5/2016,30.7576875
2/8/2016,31.1631875
2/9/2016,31.532875
2/10/2016,31.5156875
2/11/2016,32.1298125
2/12/2016,32.0146875
2/16/2016,31.8336875
2/17/2016,30.524375
2/18/2016,30.418125
2/19/2016,30.2493125
2/22/2016,28.7408125
2/23/2016,29.4291875
2/24/2016,29.0878125
2/25/2016,29.1183125
2/26/2016,29.010125
2/29/2016,28.9846875
3/1/2016,27.8033125
3/2/2016,27.7861875
3/3/2016,27.895
3/4/2016,27.5553125
3/7/2016,28.208625
3/8/2016,27.994875
3/9/2016,27.717125
3/10/2016,27.551625
3/11/2016,27.010625
3/14/2016,26.970375
3/15/2016,26.835125
3/16/2016,26.6445
3/17/2016,26.4146875
3/18/2016,25.755125
3/21/2016,25.2593125
3/22/2016,25.776125
3/23/2016,25.7348125
3/24/2016,25.8451875
3/28/2016,25.961
3/29/2016,25.572875
3/30/2016,24.921375
3/31/2016,25.3288125
4/1/2016,24.7863125
4/4/2016,25.3338125
4/5/2016,26.0911875
4/6/2016,26.2721875
4/7/2016,27.252125
4/8/2016,26.7036875
4/11/2016,26.9085
4/12/2016,26.736625
4/13/2016,26.241875
4/14/2016,25.8656875
4/15/2016,26.171875
4/18/2016,26.2726875
4/19/2016,26.5081875
4/20/2016,25.464875
4/21/2016,25.852375
4/22/2016,25.693
4/25/2016,25.7581875
4/26/2016,25.2488125
4/27/2016,25.3581875
4/28/2016,26.7595
4/29/2016,27.2223125
5/2/2016,26.9175
5/3/2016,27.001625
5/4/2016,27.5216875
5/5/2016,27.9898125
5/6/2016,27.928875
5/9/2016,27.5875
5/10/2016,27.291125
5/11/2016,27.074875
5/12/2016,27.4843125
5/13/2016,27.478625
5/16/2016,26.9631875
5/17/2016,26.962625
5/18/2016,26.5445
5/19/2016,26.3696875
5/20/2016,26.011375
5/23/2016,26.1355
5/24/2016,25.6638125
5/25/2016,25.401625
5/26/2016,25.3423125
5/27/2016,25.593875
5/31/2016,25.376875
6/1/2016,25.5638125
6/2/2016,25.5761875
6/3/2016,25.578875
6/6/2016,25.486875
6/7/2016,25.498875
6/8/2016,25.281125
6/9/2016,25.357875
6/10/2016,26.3078125
6/13/2016,26.538875
6/14/2016,26.8351875
6/15/2016,26.8745
6/16/2016,26.556
6/17/2016,26.9873125
6/20/2016,26.4801875
6/21/2016,25.919875
6/22/2016,26.073875
6/23/2016,25.5543125
6/24/2016,26.652
6/27/2016,26.980875
6/28/2016,26.163625
6/29/2016,25.959375
6/30/2016,25.2926875
7/1/2016,25.199
7/5/2016,25.565625
7/6/2016,25.549375
7/7/2016,25.1768125
7/8/2016,24.801375
7/11/2016,24.5811875
7/12/2016,24.6285
7/13/2016,24.630625
7/14/2016,24.497
7/15/2016,24.631125
7/18/2016,24.5398125
7/19/2016,24.7905
7/20/2016,24.7893125
7/21/2016,24.7748125
7/22/2016,24.698625
7/25/2016,24.785
7/26/2016,24.2238125
7/27/2016,23.985875
7/28/2016,24.1283125
7/29/2016,24.090375
8/1/2016,24.179375
8/2/2016,24.7758125
8/3/2016,24.4111875
8/4/2016,24.0821875
8/5/2016,24.1478125
8/8/2016,24.201125
8/9/2016,24.025
8/10/2016,23.9275
8/11/2016,24.0341875
8/12/2016,24.011125
8/15/2016,23.877875
8/16/2016,23.821375
8/17/2016,23.6981875
8/18/2016,23.723875
8/19/2016,23.5311875
8/22/2016,23.666875
8/23/2016,23.641
8/24/2016,23.896625
8/25/2016,23.973375
8/26/2016,24.0061875
8/29/2016,24.040375
8/30/2016,24.0463125
8/31/2016,24.322375
9/1/2016,24.3055
9/2/2016,24.096125
9/6/2016,24.2403125
9/7/2016,24.0613125
9/8/2016,24.468625
9/9/2016,25.3388125
9/12/2016,24.958375
9/13/2016,24.9071875
9/14/2016,25.048125
9/15/2016,24.7223125
9/16/2016,24.6881875
9/19/2016,24.443
9/20/2016,24.4096875
9/21/2016,24.318875
9/22/2016,24.1756875
9/23/2016,24.4025
9/26/2016,24.556375
9/27/2016,24.2105
9/28/2016,24.1845
9/29/2016,24.5141875
9/30/2016,24.0896875
10/3/2016,24.163
10/4/2016,24.178625
10/5/2016,24.205
10/6/2016,24.1571875
10/7/2016,24.163
10/10/2016,24.074625
10/11/2016,24.6941875
10/12/2016,24.6046875
10/13/2016,24.8336875
10/14/2016,24.8463125
10/17/2016,24.958625
10/18/2016,24.887
10/19/2016,24.907875
10/20/2016,24.7523125
10/21/2016,24.818
10/24/2016,24.529125
10/25/2016,24.090625
10/26/2016,23.784625
10/27/2016,24.069
10/28/2016,24.2703125
10/31/2016,24.2871875
11/1/2016,24.8461875
11/2/2016,24.9906875
11/3/2016,25.285375
11/4/2016,25.430375
11/7/2016,24.9176875
11/8/2016,24.6693125
11/9/2016,24.5611875
11/10/2016,25.0071875
11/11/2016,24.908
11/14/2016,25.523625
11/15/2016,25.0063125
11/16/2016,24.150625
11/17/2016,24.299125
11/18/2016,24.2786875
11/21/2016,23.741
11/22/2016,23.554375
11/23/2016,23.7538125
11/25/2016,23.798
11/28/2016,24.0055
11/29/2016,24.1741875
11/30/2016,24.282625
12/1/2016,24.4851875
12/2/2016,24.2255
12/5/2016,24.0946875
12/6/2016,23.920875
12/7/2016,23.789
12/8/2016,23.8185
12/9/2016,24.329875
12/12/2016,24.4048125
12/13/2016,24.276375
12/14/2016,24.548
12/15/2016,24.122125
12/16/2016,23.942625
12/19/2016,23.7978125
12/20/2016,23.83
12/21/2016,23.9398125
12/22/2016,24.337875
12/23/2016,24.1743125
12/27/2016,24.190125
12/28/2016,24.4638125
12/29/2016,24.477125
12/30/2016,24.608125
1/3/2017,24.457125
1/4/2017,24.1133125
1/5/2017,23.9943125
1/6/2017,23.6923125
1/9/2017,23.5168125
1/10/2017,23.5158125
1/11/2017,23.9728125
1/12/2017,23.973875
1/13/2017,23.791625
1/17/2017,23.602125
1/18/2017,23.496
1/19/2017,23.596875
1/20/2017,23.153125
1/23/2017,23.397
1/24/2017,23.341125
1/25/2017,22.457875
1/26/2017,22.4966875
1/27/2017,22.356625
1/30/2017,22.820375
1/31/2017,23.0633125
2/1/2017,22.5131875
2/2/2017,22.379625
2/3/2017,22.1123125
2/6/2017,22.2288125
2/7/2017,22.5143125
2/8/2017,22.433375
2/9/2017,22.365625
2/10/2017,22.5668125
2/13/2017,22.7611875
2/14/2017,22.8921875
2/15/2017,22.8936875
2/16/2017,23.0193125
2/17/2017,22.921375
2/21/2017,23.0098125
2/22/2017,23.0115
2/23/2017,23.0336875
2/24/2017,22.998875
2/27/2017,22.955625
2/28/2017,23.1998125
3/1/2017,23.4935
3/2/2017,23.6361875
3/3/2017,23.5225
3/6/2017,23.373125
3/7/2017,23.197875
3/8/2017,23.1983125
3/9/2017,22.951375
3/10/2017,22.731375
3/13/2017,22.500125
3/14/2017,22.5596875
3/15/2017,22.5101875
3/16/2017,22.5861875
3/17/2017,22.531125
3/20/2017,22.1506875
3/21/2017,22.685125
3/22/2017,22.487375
3/23/2017,22.2285
3/24/2017,21.833
3/27/2017,22.2418125
3/28/2017,21.9076875
3/29/2017,22.281625
3/30/2017,22.290125
3/31/2017,22.5193125
4/3/2017,22.7035
4/4/2017,22.5691875
4/5/2017,22.735625
4/6/2017,22.7153125
4/7/2017,22.654375
4/10/2017,22.537375
4/11/2017,22.726
4/12/2017,22.654875
4/13/2017,22.642375
4/17/2017,22.5255
4/18/2017,22.5078125
4/19/2017,22.510875
4/20/2017,22.155625
4/21/2017,22.1775
4/24/2017,21.8673125
4/25/2017,21.704375
4/26/2017,21.7935
4/27/2017,21.7923125
4/28/2017,21.7001875
5/1/2017,21.8133125
5/2/2017,21.7141875
5/3/2017,21.5131875
5/4/2017,21.316125
5/5/2017,21.229125
5/8/2017,21.415625
5/9/2017,21.830875
5/10/2017,22.13
5/11/2017,22.2988125
5/12/2017,22.684625
5/15/2017,22.988375
5/16/2017,23.1851875
5/17/2017,23.974875
5/18/2017,24.1651875
5/19/2017,24.2416875
5/22/2017,24.2306875
5/23/2017,24.092375
5/24/2017,23.829375
5/25/2017,23.1945
5/26/2017,22.7461875
5/30/2017,22.8151875
5/31/2017,23.1343125
6/1/2017,22.826875
6/2/2017,22.6663125
6/5/2017,22.6765
6/6/2017,22.9723125
6/7/2017,22.722125
6/8/2017,22.801125
6/9/2017,23.4583125
6/12/2017,23.064875
6/13/2017,23.0531875
6/14/2017,23.232125
6/15/2017,23.324
6/16/2017,23.350875
6/19/2017,22.994375
6/20/2017,23.128625
6/21/2017,23.2126875
6/22/2017,23.097875
6/23/2017,22.854625
6/26/2017,23.1841875
6/27/2017,23.712625
6/28/2017,23.3781875
6/29/2017,23.4608125
6/30/2017,23.3493125
7/3/2017,23.554875
7/5/2017,23.810125
7/6/2017,24.020125
7/7/2017,23.683125
7/10/2017,23.8825
7/11/2017,23.823125
7/12/2017,23.5811875
7/13/2017,23.660375
7/14/2017,23.257875
7/17/2017,23.376
7/18/2017,23.4845
7/19/2017,23.662625
7/20/2017,23.720875
7/21/2017,23.539875
7/24/2017,24.088
7/25/2017,23.880875
7/26/2017,23.8708125
7/27/2017,23.993375
7/28/2017,23.8451875
7/31/2017,23.958625
8/1/2017,23.550125
8/2/2017,23.4128125
8/3/2017,23.7375
8/4/2017,23.8093125
8/7/2017,23.6545
8/8/2017,24.2016875
8/9/2017,24.1345
8/10/2017,25.42
8/11/2017,25.5443125
8/14/2017,24.5793125
8/15/2017,24.946625
8/16/2017,24.6615
8/17/2017,26.098125
8/18/2017,25.819
8/21/2017,25.6466875
8/22/2017,25.760625
8/23/2017,25.5943125
8/24/2017,25.7586875
8/25/2017,25.468375
8/28/2017,25.3968125
8/29/2017,25.290375
8/30/2017,25.204875
8/31/2017,24.976375
9/1/2017,24.9116875
9/5/2017,24.997875
9/6/2017,24.870125
9/7/2017,24.830125
9/8/2017,25.239875
9/11/2017,25.032375
9/12/2017,24.525625
9/13/2017,24.7386875
9/14/2017,24.528125
9/15/2017,24.6111875
9/18/2017,24.7363125
9/19/2017,24.6091875
9/20/2017,25.0341875
9/21/2017,25.173625
9/22/2017,24.969875
9/25/2017,25.656625
9/26/2017,25.4428125
9/27/2017,25.370875
9/28/2017,25.4723125
9/29/2017,25.0845
10/2/2017,25.4903125
10/3/2017,25.659375
10/4/2017,25.2926875
10/5/2017,25.297125
10/6/2017,25.2083125
10/9/2017,24.7591875
10/10/2017,24.985375
10/11/2017,24.948625
10/12/2017,24.7973125
10/13/2017,24.585375
10/16/2017,24.685375
10/17/2017,24.811
10/18/2017,24.731625
10/19/2017,25.469125
10/20/2017,25.51
10/23/2017,25.5123125
10/24/2017,25.276125
10/25/2017,25.460875
10/26/2017,25.247625
10/27/2017,25.047
10/30/2017,24.9983125
10/31/2017,25.5038125
11/1/2017,25.347
11/2/2017,25.2951875
11/3/2017,25.140875
11/6/2017,25.023625
11/7/2017,25.013875
11/8/2017,24.955375
11/9/2017,24.971
11/10/2017,25.214625
11/13/2017,25.0981875
11/14/2017,25.2641875
11/15/2017,25.499875
11/16/2017,25.474
11/17/2017,25.4165
11/20/2017,24.8915
11/21/2017,24.8136875
11/22/2017,24.551125
11/24/2017,24.549125
11/27/2017,24.4823125
11/28/2017,24.701875
11/29/2017,25.379125
11/30/2017,25.0011875
12/1/2017,24.990125
12/4/2017,25.485
12/5/2017,24.834625
12/6/2017,24.5915
12/7/2017,24.3675
12/8/2017,24.5071875
