IBM,
Date,12MO_PUT_IMP_VOL
12/10/2007,27.459
12/11/2007,27.492625
12/12/2007,27.251625
12/13/2007,27.5565
12/14/2007,27.771125
12/17/2007,28.2386875
12/18/2007,28.049375
12/19/2007,27.5001875
12/20/2007,27.3075
12/21/2007,26.646125
12/24/2007,26.390625
12/26/2007,26.3091875
12/27/2007,26.596
12/28/2007,26.434625
12/31/2007,26.633
1/2/2008,27.4641875
1/3/2008,27.3825
1/4/2008,29.068625
1/7/2008,28.8743125
1/8/2008,29.292875
1/9/2008,30.0551875
1/10/2008,29.478875
1/11/2008,29.8446875
1/14/2008,29.1481875
1/15/2008,29.8796875
1/16/2008,30.333
1/17/2008,31.240875
1/18/2008,29.8445
1/22/2008,30.6006875
1/23/2008,30.6048125
1/24/2008,30.59
1/25/2008,31.0456875
1/28/2008,30.601625
1/29/2008,29.813125
1/30/2008,29.386
1/31/2008,29.2825
2/1/2008,28.9141875
2/4/2008,29.743625
2/5/2008,30.9986875
2/6/2008,31.3288125
2/7/2008,31.8593125
2/8/2008,31.726375
2/11/2008,31.256125
2/12/2008,30.8425
2/13/2008,30.1721875
2/14/2008,30.531
2/15/2008,30.3866875
2/19/2008,29.834125
2/20/2008,28.925875
2/21/2008,29.2975
2/22/2008,29.1535
2/25/2008,28.550125
2/26/2008,27.5223125
2/27/2008,26.7623125
2/28/2008,27.137625
2/29/2008,28.372625
3/3/2008,28.9455
3/4/2008,29.2538125
3/5/2008,28.9456875
3/6/2008,29.6721875
3/7/2008,29.754875
3/10/2008,30.2925
3/11/2008,29.0151875
3/12/2008,29.1048125
3/13/2008,29.5963125
3/14/2008,30.970875
3/17/2008,30.5991875
3/18/2008,29.1815
3/19/2008,29.974375
3/20/2008,29.543625
3/24/2008,29.000375
3/25/2008,29.241
3/26/2008,29.690375
3/27/2008,30.077625
3/28/2008,30.1468125
3/31/2008,29.9398125
4/1/2008,28.8636875
4/2/2008,29.293
4/3/2008,28.772125
4/4/2008,28.622125
4/7/2008,27.7526875
4/8/2008,27.679875
4/9/2008,27.497875
4/10/2008,26.9093125
4/11/2008,27.6395
4/14/2008,27.586375
4/15/2008,28.2491875
4/16/2008,27.23
4/17/2008,25.749375
4/18/2008,25.0706875
4/21/2008,25.2475
4/22/2008,25.475125
4/23/2008,25.4668125
4/24/2008,25.178125
4/25/2008,25.119125
4/28/2008,25.134125
4/29/2008,24.924875
4/30/2008,24.4783125
5/1/2008,24.2495
5/2/2008,24.547625
5/5/2008,24.473125
5/6/2008,24.897125
5/7/2008,25.076
5/8/2008,24.985125
5/9/2008,25.2458125
5/12/2008,24.8965
5/13/2008,24.6163125
5/14/2008,23.8836875
5/15/2008,24.033375
5/16/2008,24.3188125
5/19/2008,24.562625
5/20/2008,25.2703125
5/21/2008,25.873375
5/22/2008,26.016625
5/23/2008,26.1123125
5/27/2008,25.981625
5/28/2008,25.778875
5/29/2008,25.6655
5/30/2008,25.574375
6/2/2008,26.0796875
6/3/2008,26.3726875
6/4/2008,26.378875
6/5/2008,26.204875
6/6/2008,27.097875
6/9/2008,27.250125
6/10/2008,26.9261875
6/11/2008,27.702875
6/12/2008,27.687125
6/13/2008,26.8935
6/16/2008,26.591375
6/17/2008,26.5928125
6/18/2008,26.875
6/19/2008,26.6161875
6/20/2008,27.2766875
6/23/2008,26.928875
6/24/2008,27.0205
6/25/2008,26.527125
6/26/2008,27.3436875
6/27/2008,27.7318125
6/30/2008,27.426
7/1/2008,27.083875
7/2/2008,27.781
7/3/2008,27.6975
7/7/2008,27.580875
7/8/2008,27.241875
7/9/2008,28.4236875
7/10/2008,28.4745
7/11/2008,28.271125
7/14/2008,28.571375
7/15/2008,28.329
7/16/2008,27.4908125
7/17/2008,27.4565
7/18/2008,25.797125
7/21/2008,25.5808125
7/22/2008,25.170875
7/23/2008,25.1465
7/24/2008,25.872125
7/25/2008,26.2033125
7/28/2008,26.669
7/29/2008,26.183
7/30/2008,25.9443125
7/31/2008,26.045125
8/1/2008,26.242375
8/4/2008,26.0103125
8/5/2008,25.8415
8/6/2008,25.579625
8/7/2008,25.6993125
8/8/2008,25.5356875
8/11/2008,25.7948125
8/12/2008,25.9995
8/13/2008,26.1686875
8/14/2008,25.8606875
8/15/2008,25.8286875
8/18/2008,25.8285
8/19/2008,26.075
8/20/2008,26.1245
8/21/2008,25.8906875
8/22/2008,25.4168125
8/25/2008,26.0033125
8/26/2008,26.193125
8/27/2008,25.710375
8/28/2008,25.039
8/29/2008,25.972375
9/2/2008,26.594125
9/3/2008,26.8953125
9/4/2008,28.2628125
9/5/2008,27.691875
9/8/2008,27.5295
9/9/2008,28.0045
9/10/2008,27.450875
9/11/2008,27.6738125
9/12/2008,27.8908125
9/15/2008,27.820125
9/16/2008,27.950875
9/17/2008,29.616875
9/18/2008,30.370625
9/19/2008,27.393125
9/22/2008,27.9783125
9/23/2008,28.8305
9/24/2008,28.472
9/25/2008,27.4978125
9/26/2008,27.6715
9/29/2008,31.0243125
9/30/2008,31.0531875
10/1/2008,33.5161875
10/2/2008,35.4295
10/3/2008,33.828625
10/6/2008,40.2893125
10/7/2008,40.9943125
10/8/2008,43.4595
10/9/2008,40.645125
10/10/2008,47.3663125
10/13/2008,39.5631875
10/14/2008,38.0166875
10/15/2008,41.1693125
10/16/2008,43.2165
10/17/2008,39.7383125
10/20/2008,39.084375
10/21/2008,37.6238125
10/22/2008,40.176375
10/23/2008,43.640875
10/24/2008,45.305875
10/27/2008,43.7673125
10/28/2008,45.106875
10/29/2008,41.9838125
10/30/2008,43.4528125
10/31/2008,42.881625
11/3/2008,41.928625
11/4/2008,40.864625
11/5/2008,41.298
11/6/2008,44.8695
11/7/2008,44.607
11/10/2008,44.413625
11/11/2008,47.106375
11/12/2008,48.034625
11/13/2008,48.385375
11/14/2008,48.681
11/17/2008,50.180625
11/18/2008,51.529375
11/19/2008,54.1826875
11/20/2008,58.3445
11/21/2008,61.955625
11/24/2008,53.9813125
11/25/2008,54.1313125
11/26/2008,52.78
11/28/2008,50.7073125
12/1/2008,52.6028125
12/2/2008,53.8726875
12/3/2008,53.731875
12/4/2008,53.8521875
12/5/2008,53.233625
12/8/2008,51.3863125
12/9/2008,50.9738125
12/10/2008,50.2116875
12/11/2008,48.961
12/12/2008,49.2486875
12/15/2008,49.5101875
12/16/2008,47.8573125
12/17/2008,46.8581875
12/18/2008,45.9541875
12/19/2008,43.827875
12/22/2008,43.8841875
12/23/2008,43.8235
12/24/2008,43.809875
12/26/2008,43.749125
12/29/2008,43.861625
12/30/2008,41.5326875
12/31/2008,40.158625
1/2/2009,38.8505
1/5/2009,38.8806875
1/6/2009,37.453
1/7/2009,39.3153125
1/8/2009,39.633125
1/9/2009,39.5218125
1/12/2009,39.5798125
1/13/2009,40.268875
1/14/2009,42.066625
1/15/2009,43.0463125
1/16/2009,41.3116875
1/20/2009,42.2805
1/21/2009,39.0708125
1/22/2009,39.721625
1/23/2009,39.834
1/26/2009,38.7996875
1/27/2009,38.0693125
1/28/2009,36.3035
1/29/2009,38.147
1/30/2009,38.760125
2/2/2009,39.934
2/3/2009,38.924875
2/4/2009,38.4336875
2/5/2009,38.016125
2/6/2009,36.897625
2/9/2009,37.3765
2/10/2009,38.5138125
2/11/2009,38.5491875
2/12/2009,38.858625
2/13/2009,38.372625
2/17/2009,39.5591875
2/18/2009,39.5448125
2/19/2009,39.971875
2/20/2009,40.460125
2/23/2009,41.385
2/24/2009,41.628375
2/25/2009,41.4691875
2/26/2009,41.079125
2/27/2009,40.6905
3/2/2009,42.1255
3/3/2009,41.6583125
3/4/2009,41.025125
3/5/2009,40.960125
3/6/2009,42.2866875
3/9/2009,42.284625
3/10/2009,40.3761875
3/11/2009,39.498375
3/12/2009,38.5916875
3/13/2009,38.721
3/16/2009,38.0361875
3/17/2009,38.2976875
3/18/2009,38.0311875
3/19/2009,37.124
3/20/2009,39.039125
3/23/2009,37.3193125
3/24/2009,37.5035
3/25/2009,38.424875
3/26/2009,38.1035
3/27/2009,38.6416875
3/30/2009,39.577875
3/31/2009,38.1401875
4/1/2009,38.569
4/2/2009,38.139
4/3/2009,37.323375
4/6/2009,38.021625
4/7/2009,38.1118125
4/8/2009,37.587375
4/9/2009,36.939625
4/13/2009,37.844375
4/14/2009,37.915375
4/15/2009,38.336875
4/16/2009,37.1721875
4/17/2009,35.8875
4/20/2009,36.2641875
4/21/2009,34.3516875
4/22/2009,34.2241875
4/23/2009,34.448
4/24/2009,34.4411875
4/27/2009,34.750875
4/28/2009,34.7385
4/29/2009,33.552
4/30/2009,33.1461875
5/1/2009,33.104375
5/4/2009,32.622625
5/5/2009,32.6363125
5/6/2009,32.476875
5/7/2009,32.9565
5/8/2009,32.737125
5/11/2009,32.0078125
5/12/2009,32.230625
5/13/2009,32.715125
5/14/2009,32.670875
5/15/2009,32.2221875
5/18/2009,30.923625
5/19/2009,30.1336875
5/20/2009,30.105875
5/21/2009,30.3336875
5/22/2009,30.361875
5/26/2009,29.8521875
5/27/2009,29.9221875
5/28/2009,29.7888125
5/29/2009,29.7621875
6/1/2009,29.036
6/2/2009,29.395625
6/3/2009,29.818875
6/4/2009,30.0723125
6/5/2009,29.867375
6/8/2009,30.413125
6/9/2009,29.5618125
6/10/2009,29.690375
6/11/2009,28.984875
6/12/2009,29.3296875
6/15/2009,29.7326875
6/16/2009,29.554375
6/17/2009,30.176
6/18/2009,30.2535
6/19/2009,29.997875
6/22/2009,30.075125
6/23/2009,30.279
6/24/2009,30.1706875
6/25/2009,29.278
6/26/2009,28.8013125
6/29/2009,27.889375
6/30/2009,28.4935
7/1/2009,28.0276875
7/2/2009,28.9643125
7/6/2009,29.4735
7/7/2009,29.5896875
7/8/2009,30.120625
7/9/2009,29.397625
7/10/2009,29.72
7/13/2009,29.1906875
7/14/2009,28.8438125
7/15/2009,27.960875
7/16/2009,27.8801875
7/17/2009,26.193625
7/20/2009,26.089
7/21/2009,26.1385
7/22/2009,26.3546875
7/23/2009,26.126875
7/24/2009,26.253875
7/27/2009,26.5375
7/28/2009,26.601625
7/29/2009,26.8215
7/30/2009,26.6488125
7/31/2009,26.5675
8/3/2009,26.7575
8/4/2009,26.8265
8/5/2009,26.908125
8/6/2009,27.177375
8/7/2009,26.8793125
8/10/2009,27.1748125
8/11/2009,26.927125
8/12/2009,26.8675
8/13/2009,26.976
8/14/2009,27.261625
8/17/2009,27.727
8/18/2009,27.560125
8/19/2009,27.325125
8/20/2009,27.1815
8/21/2009,26.7055
8/24/2009,26.6461875
8/25/2009,26.656125
8/26/2009,26.687125
8/27/2009,26.8345
8/28/2009,27.0491875
8/31/2009,27.296
9/1/2009,27.754
9/2/2009,27.8368125
9/3/2009,28.055125
9/4/2009,27.410875
9/8/2009,27.217875
9/9/2009,27.0271875
9/10/2009,26.6675
9/11/2009,26.230375
9/14/2009,26.329375
9/15/2009,26.1693125
9/16/2009,25.6728125
9/17/2009,25.9843125
9/18/2009,25.6218125
9/21/2009,25.511375
9/22/2009,25.329625
9/23/2009,25.267625
9/24/2009,25.8096875
9/25/2009,26.0833125
9/28/2009,26.168625
9/29/2009,26.2505
9/30/2009,26.1883125
10/1/2009,26.5386875
10/2/2009,26.418375
10/5/2009,26.5805
10/6/2009,26.3311875
10/7/2009,26.032
10/8/2009,25.6206875
10/9/2009,25.1296875
10/12/2009,25.0373125
10/13/2009,24.8336875
10/14/2009,24.9496875
10/15/2009,24.9621875
10/16/2009,24.846875
10/19/2009,24.5238125
10/20/2009,24.5325
10/21/2009,24.5728125
10/22/2009,25.021375
10/23/2009,25.447875
10/26/2009,25.6325
10/27/2009,25.822375
10/28/2009,26.6905
10/29/2009,26.2308125
10/30/2009,27.5261875
11/2/2009,27.629125
11/3/2009,27.728375
11/4/2009,27.373875
11/5/2009,26.871125
11/6/2009,26.7828125
11/9/2009,26.2291875
11/10/2009,26.308875
11/11/2009,26.258125
11/12/2009,26.246875
11/13/2009,26.1935
11/16/2009,26.048
11/17/2009,25.8845
11/18/2009,25.843375
11/19/2009,25.8306875
11/20/2009,25.524125
11/23/2009,24.904
11/24/2009,24.354
11/25/2009,24.099
11/27/2009,24.942125
11/30/2009,25.175
12/1/2009,24.77
12/2/2009,24.860625
12/3/2009,24.892875
12/4/2009,25.3008125
12/7/2009,25.0626875
12/8/2009,25.313
12/9/2009,25.0923125
12/10/2009,24.662375
12/11/2009,24.536375
12/14/2009,24.210625
12/15/2009,24.4005
12/16/2009,24.1811875
12/17/2009,24.3083125
12/18/2009,24.248
12/21/2009,23.7071875
12/22/2009,23.5091875
12/23/2009,23.313875
12/24/2009,23.1318125
12/28/2009,23.270875
12/29/2009,23.0583125
12/30/2009,23.0221875
12/31/2009,23.274875
1/4/2010,23.197625
1/5/2010,23.317625
1/6/2010,22.7255
1/7/2010,22.640375
1/8/2010,22.3148125
1/11/2010,22.339625
1/12/2010,21.119875
1/13/2010,21.085125
1/14/2010,21.031875
1/15/2010,20.996
1/19/2010,20.566625
1/20/2010,20.812375
1/21/2010,21.391125
1/22/2010,21.8503125
1/25/2010,22.3556875
1/26/2010,22.296125
1/27/2010,22.4325
1/28/2010,23.3965
1/29/2010,23.227
2/1/2010,23.062125
2/2/2010,22.3231875
2/3/2010,22.306125
2/4/2010,23.758875
2/5/2010,24.551875
2/8/2010,24.136625
2/9/2010,23.788375
2/10/2010,23.8536875
2/11/2010,23.5856875
2/12/2010,23.627
2/16/2010,23.219125
2/17/2010,22.617625
2/18/2010,22.0378125
2/19/2010,21.711625
2/22/2010,21.457375
2/23/2010,21.567625
2/24/2010,21.2648125
2/25/2010,21.441625
2/26/2010,20.861125
3/1/2010,20.7816875
3/2/2010,20.765875
3/3/2010,20.574625
3/4/2010,20.618125
3/5/2010,20.315
3/8/2010,20.253125
3/9/2010,20.2858125
3/10/2010,20.251875
3/11/2010,20.576625
3/12/2010,20.4625
3/15/2010,20.3091875
3/16/2010,20.138
3/17/2010,20.1041875
3/18/2010,19.987625
3/19/2010,20.420875
3/22/2010,20.1648125
3/23/2010,20.0996875
3/24/2010,20.132875
3/25/2010,19.997625
3/26/2010,20.181625
3/29/2010,20.175375
3/30/2010,20.08
3/31/2010,20.012375
4/1/2010,20.0893125
4/5/2010,20.081625
4/6/2010,20.0696875
4/7/2010,20.169375
4/8/2010,20.3743125
4/9/2010,20.4495
4/12/2010,20.329375
4/13/2010,20.2735
4/14/2010,20.218
4/15/2010,20.829625
4/16/2010,21.2545
4/19/2010,21.2481875
4/20/2010,20.5275
4/21/2010,20.5571875
4/22/2010,20.806
4/23/2010,20.9716875
4/26/2010,20.8511875
4/27/2010,21.4635
4/28/2010,21.5931875
4/29/2010,21.3431875
4/30/2010,21.753875
5/3/2010,21.604125
5/4/2010,23.563125
5/5/2010,24.0626875
5/6/2010,25.929625
5/7/2010,28.4063125
5/10/2010,27.0243125
5/11/2010,25.933875
5/12/2010,23.924
5/13/2010,24.724
5/14/2010,26.514
5/17/2010,27.152125
5/18/2010,26.782625
5/19/2010,28.3025
5/20/2010,31.248875
5/21/2010,31.378875
5/24/2010,30.2321875
5/25/2010,31.2525
5/26/2010,28.6293125
5/27/2010,27.3995
5/28/2010,27.246625
6/1/2010,27.130375
6/2/2010,26.9141875
6/3/2010,26.251
6/4/2010,27.4508125
6/7/2010,28.1458125
6/8/2010,28.58
6/9/2010,27.8183125
6/10/2010,27.4805
6/11/2010,27.116375
6/14/2010,26.5411875
6/15/2010,25.716625
6/16/2010,25.144875
6/17/2010,25.0361875
6/18/2010,24.6165
6/21/2010,24.3071875
6/22/2010,24.684375
6/23/2010,24.9961875
6/24/2010,25.937625
6/25/2010,26.3996875
6/28/2010,26.176125
6/29/2010,28.0203125
6/30/2010,28.2188125
7/1/2010,29.821125
7/2/2010,29.529375
7/6/2010,28.4393125
7/7/2010,27.5325
7/8/2010,27.0008125
7/9/2010,26.757875
7/12/2010,26.5031875
7/13/2010,25.7796875
7/14/2010,26.0005
7/15/2010,26.1678125
7/16/2010,27.324125
7/19/2010,26.5675
7/20/2010,26.161125
7/21/2010,26.102
7/22/2010,25.059
7/23/2010,24.712
7/26/2010,24.764125
7/27/2010,24.2011875
7/28/2010,24.076125
7/29/2010,23.9806875
7/30/2010,24.0061875
8/2/2010,23.307625
8/3/2010,23.316625
8/4/2010,23.3501875
8/5/2010,23.381375
8/6/2010,23.938875
8/9/2010,23.2353125
8/10/2010,23.356875
8/11/2010,24.537625
8/12/2010,25.247
8/13/2010,25.4321875
8/16/2010,25.8148125
8/17/2010,25.2608125
8/18/2010,25.1651875
8/19/2010,25.9411875
8/20/2010,26.302
8/23/2010,26.0756875
8/24/2010,26.686375
8/25/2010,27.127
8/26/2010,27.4146875
8/27/2010,26.9298125
8/30/2010,26.9588125
8/31/2010,27.2896875
9/1/2010,26.413625
9/2/2010,26.1958125
9/3/2010,25.3058125
9/7/2010,25.551375
9/8/2010,25.7563125
9/9/2010,25.570625
9/10/2010,24.966375
9/13/2010,24.240625
9/14/2010,23.902375
9/15/2010,23.847875
9/16/2010,23.7166875
9/17/2010,23.536
9/20/2010,22.889125
9/21/2010,22.793125
9/22/2010,23.116125
9/23/2010,23.4565
9/24/2010,23.008125
9/27/2010,23.0551875
9/28/2010,23.286
9/29/2010,23.3986875
9/30/2010,23.6993125
10/1/2010,23.7991875
10/4/2010,24.391125
10/5/2010,23.626875
10/6/2010,23.7906875
10/7/2010,23.834
10/8/2010,23.712
10/11/2010,23.4441875
10/12/2010,23.6443125
10/13/2010,23.2491875
10/14/2010,23.3378125
10/15/2010,23.339125
10/18/2010,23.4161875
10/19/2010,23.454125
10/20/2010,22.952375
10/21/2010,23.014
10/22/2010,22.4813125
10/25/2010,22.205125
10/26/2010,22.3058125
10/27/2010,22.3763125
10/28/2010,22.4366875
10/29/2010,21.866875
11/1/2010,21.844125
11/2/2010,21.4246875
11/3/2010,21.743125
11/4/2010,21.017625
11/5/2010,20.8256875
11/8/2010,21.0318125
11/9/2010,21.1406875
11/10/2010,21.310375
11/11/2010,21.6843125
11/12/2010,22.182375
11/15/2010,22.0296875
11/16/2010,22.736875
11/17/2010,22.540625
11/18/2010,22.039
11/19/2010,22.022875
11/22/2010,22.199875
11/23/2010,22.6658125
11/24/2010,22.047875
11/26/2010,22.7735
11/29/2010,23.3038125
11/30/2010,23.674125
12/1/2010,23.073125
12/2/2010,22.8636875
12/3/2010,22.6713125
12/6/2010,22.527
12/7/2010,22.2931875
12/8/2010,22.1921875
12/9/2010,22.3068125
12/10/2010,21.919375
12/13/2010,21.967125
12/14/2010,21.684
12/15/2010,21.841125
12/16/2010,21.6463125
12/17/2010,21.525625
12/20/2010,21.264125
12/21/2010,21.1161875
12/22/2010,21.1573125
12/23/2010,21.4051875
12/27/2010,22.008625
12/28/2010,21.9093125
12/29/2010,21.829375
12/30/2010,21.933375
12/31/2010,22.0135
1/3/2011,21.6993125
1/4/2011,21.756875
1/5/2011,21.568
1/6/2011,21.2136875
1/7/2011,21.473875
1/10/2011,21.385
1/11/2011,21.3035
1/12/2011,20.8258125
1/13/2011,20.7053125
1/14/2011,20.204625
1/18/2011,19.9133125
1/19/2011,19.611
1/20/2011,19.882375
1/21/2011,19.6165
1/24/2011,19.622875
1/25/2011,19.6303125
1/26/2011,19.8023125
1/27/2011,19.620625
1/28/2011,20.0703125
1/31/2011,19.648375
2/1/2011,19.1741875
2/2/2011,19.1835
2/3/2011,19.110375
2/4/2011,19.0031875
2/7/2011,18.587875
2/8/2011,18.518375
2/9/2011,18.690125
2/10/2011,18.716375
2/11/2011,18.7321875
2/14/2011,18.781875
2/15/2011,18.7241875
2/16/2011,18.680625
2/17/2011,18.806625
2/18/2011,18.933625
2/22/2011,20.083625
2/23/2011,21.019875
2/24/2011,21.1823125
2/25/2011,20.9956875
2/28/2011,20.827875
3/1/2011,21.2645
3/2/2011,21.0503125
3/3/2011,20.4895
3/4/2011,21.139875
3/7/2011,21.6956875
3/8/2011,20.943125
3/9/2011,21.310875
3/10/2011,22.356875
3/11/2011,22.073
3/14/2011,22.7705
3/15/2011,23.4603125
3/16/2011,25.588
3/17/2011,24.987375
3/18/2011,24.3058125
3/21/2011,22.972125
3/22/2011,22.758625
3/23/2011,22.489625
3/24/2011,22.293
3/25/2011,22.084125
3/28/2011,22.0641875
3/29/2011,22.134125
3/30/2011,21.777375
3/31/2011,21.8226875
4/1/2011,21.527625
4/4/2011,21.481375
4/5/2011,21.509375
4/6/2011,21.5113125
4/7/2011,21.6473125
4/8/2011,21.572125
4/11/2011,21.7066875
4/12/2011,22.1478125
4/13/2011,21.9371875
4/14/2011,22.014375
4/15/2011,21.6693125
4/18/2011,22.2856875
4/19/2011,21.992375
4/20/2011,20.8741875
4/21/2011,20.3541875
4/25/2011,20.5336875
4/26/2011,20.2851875
4/27/2011,19.893
4/28/2011,19.774875
4/29/2011,19.531375
5/2/2011,19.9401875
5/3/2011,20.3905
5/4/2011,20.841
5/5/2011,21.066875
5/6/2011,21.085
5/9/2011,21.086875
5/10/2011,20.8715
5/11/2011,21.265125
5/12/2011,20.927875
5/13/2011,21.252125
5/16/2011,21.354875
5/17/2011,21.5401875
5/18/2011,21.336125
5/19/2011,21.244375
5/20/2011,21.0735
5/23/2011,21.7883125
5/24/2011,21.525125
5/25/2011,21.4226875
5/26/2011,21.157375
5/27/2011,20.918625
5/31/2011,20.5575
6/1/2011,20.843625
6/2/2011,20.892875
6/3/2011,21.024375
6/6/2011,21.219875
6/7/2011,21.1845
6/8/2011,21.307
6/9/2011,21.029875
6/10/2011,21.2236875
6/13/2011,21.290375
6/14/2011,20.9161875
6/15/2011,21.596375
6/16/2011,21.9916875
6/17/2011,21.921625
6/20/2011,21.703625
6/21/2011,21.0636875
6/22/2011,20.722875
6/23/2011,21.341625
6/24/2011,21.6188125
6/27/2011,21.625625
6/28/2011,21.2191875
6/29/2011,20.8051875
6/30/2011,20.308125
7/1/2011,19.6326875
7/5/2011,19.5166875
7/6/2011,19.535625
7/7/2011,19.5711875
7/8/2011,19.5585
7/11/2011,20.3101875
7/12/2011,20.345875
7/13/2011,20.4353125
7/14/2011,20.9603125
7/15/2011,21.0873125
7/18/2011,21.828625
7/19/2011,20.6725
7/20/2011,20.2853125
7/21/2011,20.1136875
7/22/2011,19.926625
7/25/2011,20.1461875
7/26/2011,20.2565
7/27/2011,20.8433125
7/28/2011,20.9731875
7/29/2011,21.2826875
8/1/2011,21.6361875
8/2/2011,21.6588125
8/3/2011,21.7501875
8/4/2011,23.328125
8/5/2011,24.565875
8/8/2011,27.8436875
8/9/2011,27.107
8/10/2011,26.6136875
8/11/2011,26.2575
8/12/2011,25.1488125
8/15/2011,24.1035
8/16/2011,24.3081875
8/17/2011,24.005
8/18/2011,26.9916875
8/19/2011,28.7816875
8/22/2011,27.7186875
8/23/2011,26.7108125
8/24/2011,26.611125
8/25/2011,27.0741875
8/26/2011,25.957125
8/29/2011,25.1183125
8/30/2011,25.2075
8/31/2011,24.963
9/1/2011,25.2335
9/2/2011,26.2686875
9/6/2011,27.098125
9/7/2011,26.0548125
9/8/2011,26.1991875
9/9/2011,28.379
9/12/2011,29.1081875
9/13/2011,27.886875
9/14/2011,27.095
9/15/2011,26.296125
9/16/2011,25.5623125
9/19/2011,26.2903125
9/20/2011,25.907875
9/21/2011,26.714375
9/22/2011,29.0433125
9/23/2011,29.5368125
9/26/2011,28.789625
9/27/2011,27.640875
9/28/2011,28.7543125
9/29/2011,29.8735
9/30/2011,30.363875
10/3/2011,31.886375
10/4/2011,32.5225
10/5/2011,30.085625
10/6/2011,29.424375
10/7/2011,29.086125
10/10/2011,28.527125
10/11/2011,28.311375
10/12/2011,27.223125
10/13/2011,27.1361875
10/14/2011,26.614125
10/17/2011,27.5633125
10/18/2011,26.906
10/19/2011,26.977
10/20/2011,27.457
10/21/2011,26.235125
10/24/2011,25.5053125
10/25/2011,25.777375
10/26/2011,25.8025
10/27/2011,23.669
10/28/2011,23.353625
10/31/2011,23.533625
11/1/2011,25.610375
11/2/2011,25.3365
11/3/2011,24.6765
11/4/2011,24.531625
11/7/2011,24.587875
11/8/2011,24.595125
11/9/2011,26.561625
11/10/2011,26.3906875
11/11/2011,25.503
11/14/2011,26.039625
11/15/2011,25.539
11/16/2011,25.751625
11/17/2011,27.773625
11/18/2011,27.541375
11/21/2011,28.414125
11/22/2011,28.2823125
11/23/2011,29.02
11/25/2011,29.0078125
11/28/2011,27.9315
11/29/2011,27.7153125
11/30/2011,26.5466875
12/1/2011,25.9051875
12/2/2011,25.760875
12/5/2011,25.538125
12/6/2011,25.1758125
12/7/2011,25.548625
12/8/2011,26.099125
12/9/2011,25.3243125
12/12/2011,25.799125
12/13/2011,25.582625
12/14/2011,26.404
12/15/2011,26.0415
12/16/2011,26.191125
12/19/2011,25.9593125
12/20/2011,25.129
12/21/2011,25.265375
12/22/2011,24.3018125
12/23/2011,23.7293125
12/27/2011,24.035375
12/28/2011,24.2363125
12/29/2011,24.1773125
12/30/2011,24.5428125
1/3/2012,24.3105
1/4/2012,24.311625
1/5/2012,24.105875
1/6/2012,23.68
1/9/2012,23.387
1/10/2012,23.0038125
1/11/2012,22.897375
1/12/2012,22.913
1/13/2012,23.1565
1/17/2012,22.5503125
1/18/2012,22.6656875
1/19/2012,22.5866875
1/20/2012,21.2418125
1/23/2012,20.9601875
1/24/2012,20.777875
1/25/2012,21.068625
1/26/2012,21.108875
1/27/2012,21.378125
1/30/2012,21.652625
1/31/2012,21.801625
2/1/2012,21.4633125
2/2/2012,21.6778125
2/3/2012,21.060625
2/6/2012,21.141125
2/7/2012,20.8641875
2/8/2012,21.2833125
2/9/2012,21.5161875
2/10/2012,22.3638125
2/13/2012,22.430375
2/14/2012,23.1141875
2/15/2012,23.179375
2/16/2012,23.2886875
2/17/2012,22.837625
2/21/2012,22.8491875
2/22/2012,22.623875
2/23/2012,21.933
2/24/2012,21.9611875
2/27/2012,21.977375
2/28/2012,22.024
2/29/2012,22.3336875
3/1/2012,22.1708125
3/2/2012,22.084
3/5/2012,22.3986875
3/6/2012,23.1476875
3/7/2012,22.7255
3/8/2012,22.227875
3/9/2012,21.9375
3/12/2012,21.8338125
3/13/2012,21.3878125
3/14/2012,21.284875
3/15/2012,21.373125
3/16/2012,21.1101875
3/19/2012,20.996375
3/20/2012,21.141625
3/21/2012,20.840375
3/22/2012,20.988375
3/23/2012,20.613
3/26/2012,20.3606875
3/27/2012,20.115875
3/28/2012,20.54
3/29/2012,20.4721875
3/30/2012,20.007875
4/2/2012,19.9191875
4/3/2012,20.349125
4/4/2012,20.502
4/5/2012,20.486125
4/9/2012,20.680625
4/10/2012,21.5331875
4/11/2012,21.3576875
4/12/2012,20.911875
4/13/2012,21.2238125
4/16/2012,21.047125
4/17/2012,20.8093125
4/18/2012,20.995875
4/19/2012,21.3408125
4/20/2012,20.4671875
4/23/2012,20.703875
4/24/2012,20.5306875
4/25/2012,20.2208125
4/26/2012,19.971125
4/27/2012,20.0883125
4/30/2012,20.222
5/1/2012,19.925875
5/2/2012,20.075625
5/3/2012,20.231375
5/4/2012,20.859125
5/7/2012,20.7061875
5/8/2012,21.2406875
5/9/2012,21.256
5/10/2012,21.355375
5/11/2012,21.160125
5/14/2012,21.7885
5/15/2012,22.2556875
5/16/2012,22.8393125
5/17/2012,23.3625
5/18/2012,24.6403125
5/21/2012,23.307375
5/22/2012,23.0363125
5/23/2012,23.704
5/24/2012,23.9981875
5/25/2012,23.3845
5/29/2012,23.1371875
5/30/2012,23.3403125
5/31/2012,23.6096875
6/1/2012,25.419875
6/4/2012,25.194625
6/5/2012,24.645375
6/6/2012,23.778875
6/7/2012,23.207625
6/8/2012,23.095875
6/11/2012,23.265625
6/12/2012,23.7821875
6/13/2012,24.1181875
6/14/2012,24.0275
6/15/2012,22.898375
6/18/2012,22.4073125
6/19/2012,21.8408125
6/20/2012,21.843375
6/21/2012,22.8001875
6/22/2012,22.67
6/25/2012,23.056875
6/26/2012,22.9076875
6/27/2012,22.7233125
6/28/2012,23.307875
6/29/2012,21.753625
7/2/2012,21.9068125
7/3/2012,21.699125
7/5/2012,21.6191875
7/6/2012,22.6428125
7/9/2012,22.685375
7/10/2012,22.907875
7/11/2012,23.112875
7/12/2012,22.994
7/13/2012,22.4575
7/16/2012,22.674125
7/17/2012,22.462125
7/18/2012,22.6308125
7/19/2012,20.769875
7/20/2012,21.4115
7/23/2012,22.0866875
7/24/2012,22.554125
7/25/2012,22.185375
7/26/2012,21.711625
7/27/2012,21.2111875
7/30/2012,21.449875
7/31/2012,21.420125
8/1/2012,21.567
8/2/2012,21.902625
8/3/2012,21.189375
8/6/2012,20.8378125
8/7/2012,20.6263125
8/8/2012,20.9921875
8/9/2012,20.8228125
8/10/2012,20.4986875
8/13/2012,20.530125
8/14/2012,20.877
8/15/2012,20.846875
8/16/2012,20.942375
8/17/2012,20.8725
8/20/2012,21.3751875
8/21/2012,21.6943125
8/22/2012,22.0576875
8/23/2012,22.4913125
8/24/2012,22.3411875
8/27/2012,22.3835
8/28/2012,22.5186875
8/29/2012,22.6046875
8/30/2012,23.3363125
8/31/2012,23.093125
9/4/2012,23.407875
9/5/2012,23.033875
9/6/2012,22.2358125
9/7/2012,21.8773125
9/10/2012,21.3586875
9/11/2012,21.3533125
9/12/2012,21.018125
9/13/2012,20.4035
9/14/2012,20.2976875
9/17/2012,20.5028125
9/18/2012,20.525375
9/19/2012,20.3576875
9/20/2012,20.41
9/21/2012,20.2401875
9/24/2012,20.1456875
9/25/2012,20.213
9/26/2012,20.745
9/27/2012,20.624125
9/28/2012,20.529125
10/1/2012,20.3795
10/2/2012,20.604875
10/3/2012,20.3
10/4/2012,20.298625
10/5/2012,20.286375
10/8/2012,20.5658125
10/9/2012,20.8091875
10/10/2012,20.9915
10/11/2012,20.866125
10/12/2012,20.703
10/15/2012,20.5906875
10/16/2012,19.9853125
10/17/2012,19.8253125
10/18/2012,20.5288125
10/19/2012,20.5715
10/22/2012,20.47
10/23/2012,20.858125
10/24/2012,20.792375
10/25/2012,20.7005
10/26/2012,20.680625
10/31/2012,20.6986875
11/1/2012,20.222625
11/2/2012,20.449
11/5/2012,20.4966875
11/6/2012,20.284375
11/7/2012,20.857875
11/8/2012,20.94
11/9/2012,20.9735
11/12/2012,21.088625
11/13/2012,20.7593125
11/14/2012,20.816875
11/15/2012,20.9593125
11/16/2012,20.649625
11/19/2012,20.1033125
11/20/2012,20.0273125
11/21/2012,19.6778125
11/23/2012,19.433125
11/26/2012,19.4735
11/27/2012,19.3021875
11/28/2012,19.3396875
11/29/2012,18.988875
11/30/2012,19.170375
12/3/2012,19.1603125
12/4/2012,19.363625
12/5/2012,19.128125
12/6/2012,19.1535
12/7/2012,18.992875
12/10/2012,19.007625
12/11/2012,18.6661875
12/12/2012,18.700875
12/13/2012,19.0431875
12/14/2012,19.070875
12/17/2012,18.9415
12/18/2012,18.505875
12/19/2012,18.6133125
12/20/2012,18.733125
12/21/2012,19.017125
12/24/2012,18.883375
12/26/2012,19.283125
12/27/2012,19.448375
12/28/2012,19.8011875
12/31/2012,19.8551875
1/2/2013,18.615
1/3/2013,18.608625
1/4/2013,18.5665
1/7/2013,18.5866875
1/8/2013,18.661625
1/9/2013,18.7728125
1/10/2013,18.6783125
1/11/2013,18.758625
1/14/2013,18.9991875
1/15/2013,18.776
1/16/2013,18.6731875
1/17/2013,18.528625
1/18/2013,18.2078125
1/22/2013,17.6533125
1/23/2013,15.9221875
1/24/2013,16.1263125
1/25/2013,16.0533125
1/28/2013,16.123875
1/29/2013,16.0591875
1/30/2013,16.248125
1/31/2013,16.225875
2/1/2013,16.0105
2/4/2013,16.3218125
2/5/2013,16.462125
2/6/2013,17.0351875
2/7/2013,17.035875
2/8/2013,16.916875
2/11/2013,17.007375
2/12/2013,16.777
2/13/2013,16.8856875
2/14/2013,16.883875
2/15/2013,16.836875
2/19/2013,16.642375
2/20/2013,16.619125
2/21/2013,17.507125
2/22/2013,17.310125
2/25/2013,17.5401875
2/26/2013,18.1225
2/27/2013,17.479875
2/28/2013,17.4116875
3/1/2013,17.535
3/4/2013,17.3406875
3/5/2013,17.1965
3/6/2013,17.146
3/7/2013,17.1611875
3/8/2013,16.807875
3/11/2013,16.9126875
3/12/2013,16.691875
3/13/2013,16.589
3/14/2013,16.561375
3/15/2013,16.4783125
3/18/2013,16.8508125
3/19/2013,17.357625
3/20/2013,17.077625
3/21/2013,17.606625
3/22/2013,17.7475
3/25/2013,17.3368125
3/26/2013,17.203625
3/27/2013,16.933375
3/28/2013,16.6808125
4/1/2013,16.8075
4/2/2013,16.9191875
4/3/2013,17.1086875
4/4/2013,17.607
4/5/2013,17.865375
4/8/2013,18.022
4/9/2013,17.684375
4/10/2013,17.653375
4/11/2013,17.5568125
4/12/2013,17.733875
4/15/2013,18.043125
4/16/2013,17.7973125
4/17/2013,18.4985
4/18/2013,18.9558125
4/19/2013,19.8098125
4/22/2013,19.5221875
4/23/2013,19.0916875
4/24/2013,18.875625
4/25/2013,18.4935
4/26/2013,18.4011875
4/29/2013,18.1876875
4/30/2013,17.748375
5/1/2013,17.866
5/2/2013,17.661375
5/3/2013,17.2598125
5/6/2013,17.477625
5/7/2013,17.2905
5/8/2013,17.224625
5/9/2013,17.281125
5/10/2013,17.417625
5/13/2013,17.483625
5/14/2013,17.5913125
5/15/2013,17.7708125
5/16/2013,17.878875
5/17/2013,18.021375
5/20/2013,18.0801875
5/21/2013,18.2056875
5/22/2013,18.7666875
5/23/2013,18.8396875
5/24/2013,18.8981875
5/28/2013,18.7466875
5/29/2013,18.8393125
5/30/2013,18.900375
5/31/2013,18.9948125
6/3/2013,19.363125
6/4/2013,19.476625
6/5/2013,19.618375
6/6/2013,19.6128125
6/7/2013,19.1646875
6/10/2013,19.085
6/11/2013,19.148125
6/12/2013,19.5603125
6/13/2013,19.483125
6/14/2013,19.4908125
6/17/2013,19.349
6/18/2013,19.097375
6/19/2013,19.092625
6/20/2013,19.7748125
6/21/2013,20.717375
6/24/2013,20.6413125
6/25/2013,20.134875
6/26/2013,20.0105
6/27/2013,19.622625
6/28/2013,20.6368125
7/1/2013,20.5671875
7/2/2013,20.720375
7/3/2013,20.5458125
7/5/2013,20.2568125
7/8/2013,20.148625
7/9/2013,19.952
7/10/2013,19.7285
7/11/2013,19.530125
7/12/2013,19.6813125
7/15/2013,19.328875
7/16/2013,19.454
7/17/2013,19.5473125
7/18/2013,18.6426875
7/19/2013,18.8915
7/22/2013,18.8271875
7/23/2013,18.755875
7/24/2013,18.744875
7/25/2013,18.7056875
7/26/2013,18.738875
7/29/2013,18.8393125
7/30/2013,18.8985
7/31/2013,18.6846875
8/1/2013,18.5403125
8/2/2013,18.6168125
8/5/2013,18.687375
8/6/2013,19.042375
8/7/2013,19.222875
8/8/2013,19.1853125
8/9/2013,19.1796875
8/12/2013,19.083
8/13/2013,18.910375
8/14/2013,19.082
8/15/2013,19.436875
8/16/2013,19.2991875
8/19/2013,19.4955
8/20/2013,19.2813125
8/21/2013,19.2306875
8/22/2013,19.349
8/23/2013,19.13
8/26/2013,19.186625
8/27/2013,19.8678125
8/28/2013,19.9471875
8/29/2013,19.8286875
8/30/2013,20.266875
9/3/2013,20.332875
9/4/2013,20.3565
9/5/2013,20.192625
9/6/2013,20.432
9/9/2013,20.243625
9/10/2013,20.040875
9/11/2013,19.811375
9/12/2013,19.7511875
9/13/2013,19.689
9/16/2013,19.559
9/17/2013,19.4546875
9/18/2013,19.2293125
9/19/2013,19.178
9/20/2013,19.4008125
9/23/2013,19.2858125
9/24/2013,19.3773125
9/25/2013,19.386625
9/26/2013,19.4558125
9/27/2013,19.742375
9/30/2013,19.908625
10/1/2013,19.901
10/2/2013,20.137875
10/3/2013,20.276375
10/4/2013,20.321125
10/7/2013,20.393625
10/8/2013,21.0683125
10/9/2013,21.279125
10/10/2013,20.844375
10/11/2013,20.1518125
10/14/2013,20.1181875
10/15/2013,20.423125
10/16/2013,20.2258125
10/17/2013,19.8243125
10/18/2013,19.7251875
10/21/2013,19.5423125
10/22/2013,19.3198125
10/23/2013,19.350125
10/24/2013,19.1901875
10/25/2013,19.166875
10/28/2013,18.993
10/29/2013,18.688375
10/30/2013,18.5818125
10/31/2013,18.698375
11/1/2013,18.6121875
11/4/2013,18.517
11/5/2013,18.8025
11/6/2013,18.678625
11/7/2013,18.767375
11/8/2013,18.8486875
11/11/2013,18.4051875
11/12/2013,18.650875
11/13/2013,18.6811875
11/14/2013,18.7573125
11/15/2013,18.7715
11/18/2013,18.767
11/19/2013,18.7911875
11/20/2013,18.738875
11/21/2013,18.7728125
11/22/2013,19.095375
11/25/2013,19.140625
11/26/2013,19.284625
11/27/2013,19.141125
11/29/2013,19.192625
12/2/2013,19.2433125
12/3/2013,19.425
12/4/2013,19.8058125
12/5/2013,20.138125
12/6/2013,20.1018125
12/9/2013,19.987625
12/10/2013,20.164875
12/11/2013,19.9325
12/12/2013,20.1805
12/13/2013,20.4785
12/16/2013,20.5373125
12/17/2013,20.805875
12/18/2013,20.477875
12/19/2013,20.2283125
12/20/2013,19.8701875
12/23/2013,19.7536875
12/24/2013,19.5531875
12/26/2013,19.469
12/27/2013,19.472375
12/30/2013,19.4503125
12/31/2013,19.2925
1/2/2014,19.363625
1/3/2014,19.1331875
1/6/2014,19.093
1/7/2014,18.8656875
1/8/2014,18.9983125
1/9/2014,19.013625
1/10/2014,18.9123125
1/13/2014,19.031
1/14/2014,19.021625
1/15/2014,19.2645
1/16/2014,19.2556875
1/17/2014,19.06
1/21/2014,19.173
1/22/2014,18.913625
1/23/2014,18.844
1/24/2014,18.715375
1/27/2014,18.847625
1/28/2014,19.0983125
1/29/2014,19.4575
1/30/2014,19.2481875
1/31/2014,19.355
2/3/2014,20.031375
2/4/2014,19.8875
2/5/2014,20.329875
2/6/2014,20.0121875
2/7/2014,19.5635
2/10/2014,19.6296875
2/11/2014,19.132
2/12/2014,18.9876875
2/13/2014,18.8705
2/14/2014,18.517375
2/18/2014,18.5053125
2/19/2014,18.4495
2/20/2014,18.332625
2/21/2014,18.0316875
2/24/2014,18.104
2/25/2014,18.139625
2/26/2014,18.2321875
2/27/2014,18.1346875
2/28/2014,18.0408125
3/3/2014,18.272375
3/4/2014,18.0003125
3/5/2014,17.9293125
3/6/2014,18.004625
3/7/2014,18.172375
3/10/2014,18.262625
3/11/2014,18.2643125
3/12/2014,18.1918125
3/13/2014,18.5078125
3/14/2014,18.624125
3/17/2014,18.5916875
3/18/2014,18.386
3/19/2014,18.4995
3/20/2014,18.3676875
3/21/2014,18.2878125
3/24/2014,18.1821875
3/25/2014,18.327
3/26/2014,18.258375
3/27/2014,18.6253125
3/28/2014,18.4695
3/31/2014,18.2521875
4/1/2014,18.2968125
4/2/2014,18.335375
4/3/2014,18.393875
4/4/2014,18.5021875
4/7/2014,18.832
4/8/2014,18.7213125
4/9/2014,18.5801875
4/10/2014,18.872875
4/11/2014,19.280125
4/14/2014,18.934625
4/15/2014,18.9423125
4/16/2014,19.265125
4/17/2014,18.4398125
4/21/2014,17.872125
4/22/2014,17.7881875
4/23/2014,17.859125
4/24/2014,17.9485
4/25/2014,18.0575
4/28/2014,18.189625
4/29/2014,18.098125
4/30/2014,17.9063125
5/1/2014,17.9381875
5/2/2014,18.453625
5/5/2014,18.449125
5/6/2014,18.7678125
5/7/2014,18.542
5/8/2014,18.221875
5/9/2014,18.3875
5/12/2014,18.1236875
5/13/2014,18.1466875
5/14/2014,18.185375
5/15/2014,18.4875
5/16/2014,18.3543125
5/19/2014,18.1721875
5/20/2014,18.083125
5/21/2014,17.8286875
5/22/2014,17.7435
5/23/2014,17.7026875
5/27/2014,17.807375
5/28/2014,17.9566875
5/29/2014,17.9526875
5/30/2014,17.929875
6/2/2014,18.115625
6/3/2014,18.1106875
6/4/2014,18.128875
6/5/2014,18.106625
6/6/2014,18.1941875
6/9/2014,18.184875
6/10/2014,18.321625
6/11/2014,18.466
6/12/2014,18.586625
6/13/2014,18.5786875
6/16/2014,18.644
6/17/2014,18.5903125
6/18/2014,18.347125
6/19/2014,18.517125
6/20/2014,18.4856875
6/23/2014,18.3001875
6/24/2014,18.384625
6/25/2014,18.4416875
6/26/2014,18.391875
6/27/2014,18.3281875
6/30/2014,18.2593125
7/1/2014,18.0911875
7/2/2014,18.166
7/3/2014,18.1825
7/7/2014,18.186
7/8/2014,18.3921875
7/9/2014,18.3181875
7/10/2014,18.4438125
7/11/2014,18.375
7/14/2014,17.894
7/15/2014,18.048375
7/16/2014,17.9345
7/17/2014,18.211
7/18/2014,17.521125
7/21/2014,17.559625
7/22/2014,17.3986875
7/23/2014,17.416
7/24/2014,17.755
7/25/2014,17.6901875
7/28/2014,17.7991875
7/29/2014,17.8515
7/30/2014,17.932
7/31/2014,18.5793125
8/1/2014,19.076
8/4/2014,18.9321875
8/5/2014,19.3843125
8/6/2014,19.6846875
8/7/2014,19.906375
8/8/2014,19.748375
8/11/2014,19.5788125
8/12/2014,19.4223125
8/13/2014,19.1858125
8/14/2014,18.9615
8/15/2014,18.939125
8/18/2014,18.452625
8/19/2014,18.1798125
8/20/2014,18.218
8/21/2014,18.034375
8/22/2014,18.1308125
8/25/2014,18.098625
8/26/2014,18.057125
8/27/2014,18.063
8/28/2014,18.0925
8/29/2014,18.1038125
9/2/2014,18.261375
9/3/2014,18.199375
9/4/2014,18.2273125
9/5/2014,18.165375
9/8/2014,18.3261875
9/9/2014,18.450125
9/10/2014,18.311625
9/11/2014,18.3221875
9/12/2014,18.4388125
9/15/2014,18.452125
9/16/2014,18.367
9/17/2014,18.1575
9/18/2014,18.080375
9/19/2014,17.8945
9/22/2014,17.9508125
9/23/2014,18.153875
9/24/2014,18.0756875
9/25/2014,18.5663125
9/26/2014,18.4751875
9/29/2014,18.4866875
9/30/2014,18.5708125
10/1/2014,19.187625
10/2/2014,19.221
10/3/2014,18.7733125
10/6/2014,18.7823125
10/7/2014,19.4191875
10/8/2014,18.973
10/9/2014,19.6275
10/10/2014,19.8973125
10/13/2014,20.8675
10/14/2014,20.6441875
10/15/2014,21.266
10/16/2014,21.601625
10/17/2014,20.1133125
10/20/2014,20.452875
10/21/2014,20.5445
10/22/2014,20.4958125
10/23/2014,20.2406875
10/24/2014,20.1906875
10/27/2014,20.1615
10/28/2014,19.483125
10/29/2014,19.551125
10/30/2014,19.454875
10/31/2014,19.1593125
11/3/2014,19.196875
11/4/2014,19.414375
11/5/2014,19.395
11/6/2014,19.398375
11/7/2014,19.209375
11/10/2014,18.827375
11/11/2014,18.744125
11/12/2014,18.8236875
11/13/2014,18.637875
11/14/2014,18.86
11/17/2014,18.933375
11/18/2014,19.1105
11/19/2014,19.334375
11/20/2014,19.304625
11/21/2014,19.1041875
11/24/2014,18.948375
11/25/2014,19.0056875
11/26/2014,18.993375
11/28/2014,19.021
12/1/2014,19.2295
12/2/2014,19.0681875
12/3/2014,19.0636875
12/4/2014,19.007875
12/5/2014,18.9915
12/8/2014,19.340375
12/9/2014,19.463125
12/10/2014,20.258625
12/11/2014,20.1676875
12/12/2014,21.955875
12/15/2014,22.318625
12/16/2014,22.488375
12/17/2014,22.507
12/18/2014,21.670375
12/19/2014,21.110125
12/22/2014,20.802
12/23/2014,20.381
12/24/2014,20.2646875
12/26/2014,20.4143125
12/29/2014,20.6665
12/30/2014,20.6161875
12/31/2014,20.605875
1/2/2015,20.91
1/5/2015,21.461125
1/6/2015,22.156375
1/7/2015,21.895625
1/8/2015,20.9963125
1/9/2015,21.2018125
1/12/2015,21.709875
1/13/2015,21.524375
1/14/2015,21.9521875
1/15/2015,22.201875
1/16/2015,21.354625
1/20/2015,21.1775
1/21/2015,20.5971875
1/22/2015,19.8076875
1/23/2015,19.379
1/26/2015,19.7595
1/27/2015,20.342125
1/28/2015,20.813125
1/29/2015,20.849
1/30/2015,21.5565
2/2/2015,21.566375
2/3/2015,20.953875
2/4/2015,21.074875
2/5/2015,20.863375
2/6/2015,21.076125
2/9/2015,21.2823125
2/10/2015,20.8531875
2/11/2015,20.7905
2/12/2015,20.6051875
2/13/2015,20.3911875
2/17/2015,20.339875
2/18/2015,20.010375
2/19/2015,19.845
2/20/2015,19.776625
2/23/2015,19.758625
2/24/2015,19.4866875
2/25/2015,19.646125
2/26/2015,19.6955
2/27/2015,19.372125
3/2/2015,19.3341875
3/3/2015,19.561375
3/4/2015,19.6218125
3/5/2015,19.622875
3/6/2015,19.898625
3/9/2015,19.6356875
3/10/2015,19.9191875
3/11/2015,20.1288125
3/12/2015,20.023
3/13/2015,20.4551875
3/16/2015,20.1095
3/17/2015,20.0186875
3/18/2015,19.5331875
3/19/2015,19.5088125
3/20/2015,19.18
3/23/2015,19.094
3/24/2015,19.089875
3/25/2015,19.7876875
3/26/2015,19.9883125
3/27/2015,19.793
3/30/2015,19.6273125
3/31/2015,19.9451875
4/1/2015,20.108
4/2/2015,20.698625
4/6/2015,20.145375
4/7/2015,20.086875
4/8/2015,20.0631875
4/9/2015,20.0231875
4/10/2015,19.7848125
4/13/2015,19.731875
4/14/2015,19.6523125
4/15/2015,19.348875
4/16/2015,19.366375
4/17/2015,19.902375
4/20/2015,19.3223125
4/21/2015,19.085375
4/22/2015,18.997
4/23/2015,19.05
4/24/2015,19.0773125
4/27/2015,19.28
4/28/2015,18.8983125
4/29/2015,19.158125
4/30/2015,19.907
5/1/2015,19.4628125
5/4/2015,19.5765
5/5/2015,19.703875
5/6/2015,20.0765
5/7/2015,20.1736875
5/8/2015,19.761875
5/11/2015,19.8696875
5/12/2015,19.964
5/13/2015,19.8755
5/14/2015,19.6343125
5/15/2015,19.433
5/18/2015,19.3875
5/19/2015,19.3711875
5/20/2015,19.3275
5/21/2015,19.338625
5/22/2015,19.331625
5/26/2015,19.817
5/27/2015,19.5463125
5/28/2015,19.5955
5/29/2015,19.646
6/1/2015,19.7673125
6/2/2015,19.688
6/3/2015,19.6945
6/4/2015,20.0538125
6/5/2015,20.120125
6/8/2015,20.434
6/9/2015,20.5306875
6/10/2015,20.0783125
6/11/2015,20.0815
6/12/2015,20.1635
6/15/2015,20.3808125
6/16/2015,20.252125
6/17/2015,20.151125
6/18/2015,19.8981875
6/19/2015,19.870375
6/22/2015,19.666125
6/23/2015,19.578
6/24/2015,19.7146875
6/25/2015,19.802375
6/26/2015,19.814
6/29/2015,20.325
6/30/2015,20.205875
7/1/2015,19.958625
7/2/2015,20.040875
7/6/2015,19.853
7/7/2015,19.9275
7/8/2015,20.2316875
7/9/2015,20.0526875
7/10/2015,19.742375
7/13/2015,19.2273125
7/14/2015,19.1355
7/15/2015,19.0755
7/16/2015,18.701125
7/17/2015,18.683875
7/20/2015,18.999375
7/21/2015,18.5755
7/22/2015,19.0205
7/23/2015,18.8681875
7/24/2015,19.0961875
7/27/2015,19.1098125
7/28/2015,18.9008125
7/29/2015,18.771
7/30/2015,18.648125
7/31/2015,18.685375
8/3/2015,19.061125
8/4/2015,19.0633125
8/5/2015,19.066
8/6/2015,19.4851875
8/7/2015,19.5368125
8/10/2015,18.995875
8/11/2015,19.2983125
8/12/2015,19.4131875
8/13/2015,19.3935
8/14/2015,19.3056875
8/17/2015,19.172375
8/18/2015,19.179
8/19/2015,19.317625
8/20/2015,19.969125
8/21/2015,21.159125
8/24/2015,23.5371875
8/25/2015,23.204125
8/26/2015,21.936125
8/27/2015,21.3675
8/28/2015,21.5331875
8/31/2015,21.562375
9/1/2015,23.9798125
9/2/2015,23.330125
9/3/2015,23.03
9/4/2015,23.5755
9/8/2015,22.9061875
9/9/2015,23.0023125
9/10/2015,22.952625
9/11/2015,22.7931875
9/14/2015,23.0833125
9/15/2015,22.4803125
9/16/2015,21.809875
9/17/2015,21.6038125
9/18/2015,22.19
9/21/2015,21.617
9/22/2015,22.0656875
9/23/2015,22.237375
9/24/2015,22.041875
9/25/2015,22.167375
9/28/2015,22.918875
9/29/2015,22.908875
9/30/2015,22.3083125
10/1/2015,22.489625
10/2/2015,22.225375
10/5/2015,21.662625
10/6/2015,21.6513125
10/7/2015,21.2201875
10/8/2015,21.119625
10/9/2015,20.7905
10/12/2015,20.583125
10/13/2015,20.847125
10/14/2015,20.856
10/15/2015,20.581625
10/16/2015,20.8576875
10/19/2015,20.981
10/20/2015,20.4096875
10/21/2015,20.273375
10/22/2015,19.7143125
10/23/2015,19.708875
10/26/2015,19.859875
10/27/2015,20.740875
10/28/2015,20.664125
10/29/2015,20.4445
10/30/2015,20.3336875
11/2/2015,20.3336875
11/3/2015,20.1355
11/4/2015,20.266
11/5/2015,20.501875
11/6/2015,20.554
11/9/2015,21.066375
11/10/2015,20.9751875
11/11/2015,21.073
11/12/2015,21.3923125
11/13/2015,21.8318125
11/16/2015,21.7391875
11/17/2015,21.6433125
11/18/2015,21.533
11/19/2015,21.420875
11/20/2015,21.1548125
11/23/2015,21.0006875
11/24/2015,20.9078125
11/25/2015,20.7458125
11/27/2015,20.7233125
11/30/2015,20.749875
12/1/2015,20.6525
12/2/2015,20.948875
12/3/2015,21.291125
12/4/2015,20.930125
12/7/2015,20.995625
12/8/2015,21.284125
12/9/2015,21.6726875
12/10/2015,21.779875
12/11/2015,22.797
12/14/2015,22.792625
12/15/2015,22.2715
12/16/2015,21.7483125
12/17/2015,21.9508125
12/18/2015,22.4601875
12/21/2015,22.119875
12/22/2015,21.5513125
12/23/2015,21.1931875
12/24/2015,20.7025
12/28/2015,21.2553125
12/29/2015,20.804625
12/30/2015,20.967125
12/31/2015,21.130625
1/4/2016,21.9241875
1/5/2016,21.9186875
1/6/2016,22.326375
1/7/2016,22.972375
1/8/2016,23.400625
1/11/2016,22.962375
1/12/2016,22.735375
1/13/2016,23.386125
1/14/2016,22.971
1/15/2016,23.773125
1/19/2016,24.377125
1/20/2016,24.3083125
1/21/2016,23.815375
1/22/2016,23.1011875
1/25/2016,23.4128125
1/26/2016,23.1431875
1/27/2016,23.401125
1/28/2016,23.104875
1/29/2016,22.165375
2/1/2016,22.148625
2/2/2016,22.8106875
2/3/2016,22.8581875
2/4/2016,22.6091875
2/5/2016,23.1035
2/8/2016,24.5475
2/9/2016,25.012375
2/10/2016,25.681125
2/11/2016,26.329625
2/12/2016,25.583625
2/16/2016,24.8948125
2/17/2016,23.926125
2/18/2016,23.6663125
2/19/2016,23.2766875
2/22/2016,22.5345
2/23/2016,22.8043125
2/24/2016,23.1245
2/25/2016,22.930125
2/26/2016,23.276875
2/29/2016,23.2365
3/1/2016,22.660625
3/2/2016,22.582125
3/3/2016,22.3011875
3/4/2016,22.1421875
3/7/2016,22.4905
3/8/2016,22.814125
3/9/2016,22.806125
3/10/2016,22.6853125
3/11/2016,22.185125
3/14/2016,22.1238125
3/15/2016,22.0563125
3/16/2016,21.3535
3/17/2016,21.100125
3/18/2016,20.953
3/21/2016,20.7346875
3/22/2016,20.987125
3/23/2016,21.4146875
3/24/2016,21.4595
3/28/2016,21.384375
3/29/2016,21.127125
3/30/2016,20.521
3/31/2016,20.941875
4/1/2016,20.8226875
4/4/2016,20.9566875
4/5/2016,21.3195
4/6/2016,21.4111875
4/7/2016,21.9283125
4/8/2016,21.7848125
4/11/2016,21.9018125
4/12/2016,21.7925
4/13/2016,21.2611875
4/14/2016,20.9721875
4/15/2016,20.942625
4/18/2016,20.3453125
4/19/2016,19.838625
4/20/2016,19.652375
4/21/2016,19.9853125
4/22/2016,20.065125
4/25/2016,20.165
4/26/2016,20.0526875
4/27/2016,20.077125
4/28/2016,20.717
4/29/2016,20.9968125
5/2/2016,21.056375
5/3/2016,21.430375
5/4/2016,21.874125
5/5/2016,21.7238125
5/6/2016,21.604
5/9/2016,21.564875
5/10/2016,21.1835
5/11/2016,21.3435
5/12/2016,21.461625
5/13/2016,21.7465
5/16/2016,21.4633125
5/17/2016,21.6503125
5/18/2016,21.7668125
5/19/2016,22.2156875
5/20/2016,21.7286875
5/23/2016,21.651375
5/24/2016,21.229375
5/25/2016,20.8105
5/26/2016,20.7125
5/27/2016,20.7305
5/31/2016,20.691875
6/1/2016,20.904875
6/2/2016,20.753125
6/3/2016,20.7616875
6/6/2016,20.777
6/7/2016,20.782
6/8/2016,20.849875
6/9/2016,21.1246875
6/10/2016,21.816125
6/13/2016,21.5016875
6/14/2016,22.378375
6/15/2016,21.5698125
6/16/2016,22.7096875
6/17/2016,21.889875
6/20/2016,21.36
6/21/2016,21.406125
6/22/2016,21.5443125
6/23/2016,20.744
6/24/2016,23.149375
6/27/2016,24.3025
6/28/2016,23.0601875
6/29/2016,21.9171875
6/30/2016,21.4798125
7/1/2016,21.148625
7/5/2016,21.5416875
7/6/2016,21.595
7/7/2016,21.638875
7/8/2016,20.797375
7/11/2016,20.753125
7/12/2016,20.574375
7/13/2016,20.639
7/14/2016,20.592
7/15/2016,20.6558125
7/18/2016,21.2508125
7/19/2016,19.8523125
7/20/2016,19.776125
7/21/2016,20.197
7/22/2016,19.9445
7/25/2016,20.1103125
7/26/2016,20.104625
7/27/2016,20.1808125
7/28/2016,20.1873125
7/29/2016,20.109
8/1/2016,20.2908125
8/2/2016,20.481375
8/3/2016,20.5706875
8/4/2016,20.408125
8/5/2016,20.084875
8/8/2016,20.2765
8/9/2016,20.193375
8/10/2016,20.0816875
8/11/2016,20.076125
8/12/2016,20.214125
8/15/2016,20.1546875
8/16/2016,20.2426875
8/17/2016,20.386
8/18/2016,20.3911875
8/19/2016,20.212
8/22/2016,20.144125
8/23/2016,20.229375
8/24/2016,20.526125
8/25/2016,20.680625
8/26/2016,20.6061875
8/29/2016,20.605125
8/30/2016,20.702125
8/31/2016,20.7893125
9/1/2016,20.757
9/2/2016,20.594875
9/6/2016,20.649375
9/7/2016,20.4741875
9/8/2016,20.576875
9/9/2016,21.3886875
9/12/2016,21.083125
9/13/2016,21.650875
9/14/2016,21.886625
9/15/2016,21.438875
9/16/2016,21.6961875
9/19/2016,21.4836875
9/20/2016,21.416
9/21/2016,20.990875
9/22/2016,20.734875
9/23/2016,20.728
9/26/2016,20.9876875
9/27/2016,20.568625
9/28/2016,20.3726875
9/29/2016,20.806375
9/30/2016,20.336125
10/3/2016,20.514125
10/4/2016,20.754375
10/5/2016,20.705125
10/6/2016,20.7395
10/7/2016,20.722875
10/10/2016,20.554875
10/11/2016,21.1455
10/12/2016,21.1355
10/13/2016,21.2313125
10/14/2016,21.3226875
10/17/2016,21.252875
10/18/2016,20.659375
10/19/2016,20.6256875
10/20/2016,20.633875
10/21/2016,20.6285
10/24/2016,20.1446875
10/25/2016,19.9853125
10/26/2016,20.086
10/27/2016,20.0078125
10/28/2016,20.3125
10/31/2016,20.3353125
11/1/2016,20.8216875
11/2/2016,20.9423125
11/3/2016,21.0618125
11/4/2016,21.1185
11/7/2016,20.4306875
11/8/2016,20.440625
11/9/2016,20.4663125
11/10/2016,20.3545
11/11/2016,20.3328125
11/14/2016,20.601
11/15/2016,20.4205
11/16/2016,20.454625
11/17/2016,20.281875
11/18/2016,20.402875
11/21/2016,20.191125
11/22/2016,20.1698125
11/23/2016,20.370375
11/25/2016,20.046375
11/28/2016,20.1213125
11/29/2016,20.273875
11/30/2016,20.3986875
12/1/2016,20.8443125
12/2/2016,21.091125
12/5/2016,20.9303125
12/6/2016,21.0016875
12/7/2016,20.6555
12/8/2016,20.8398125
12/9/2016,21.064625
12/12/2016,21.1795
12/13/2016,21.2551875
12/14/2016,21.3356875
12/15/2016,21.274375
12/16/2016,21.1523125
12/19/2016,20.9816875
12/20/2016,20.794
12/21/2016,20.9266875
12/22/2016,21.306875
12/23/2016,21.373875
12/27/2016,21.2558125
12/28/2016,21.305
12/29/2016,21.291625
12/30/2016,21.5623125
1/3/2017,21.283875
1/4/2017,21.0585
1/5/2017,20.998
1/6/2017,20.9898125
1/9/2017,21.141625
1/10/2017,21.2515
1/11/2017,21.137625
1/12/2017,21.155875
1/13/2017,21.296125
1/17/2017,21.162125
1/18/2017,21.016375
1/19/2017,20.8641875
1/20/2017,19.819875
1/23/2017,19.8213125
1/24/2017,19.943875
1/25/2017,19.5451875
1/26/2017,19.66
1/27/2017,19.613125
1/30/2017,19.902625
1/31/2017,19.9326875
2/1/2017,19.756125
2/2/2017,19.7311875
2/3/2017,19.6381875
2/6/2017,19.665
2/7/2017,19.337375
2/8/2017,19.4171875
2/9/2017,19.311125
2/10/2017,19.4398125
2/13/2017,19.5085
2/14/2017,19.454625
2/15/2017,19.298125
2/16/2017,18.9406875
2/17/2017,19.076125
2/21/2017,19.066
2/22/2017,19.2305
2/23/2017,19.1636875
2/24/2017,19.428375
2/27/2017,19.4458125
2/28/2017,19.528125
3/1/2017,19.363875
3/2/2017,19.543
3/3/2017,19.4793125
3/6/2017,19.445375
3/7/2017,19.3825
3/8/2017,19.2733125
3/9/2017,19.638875
3/10/2017,19.374125
3/13/2017,19.426125
3/14/2017,19.554875
3/15/2017,19.4181875
3/16/2017,19.1506875
3/17/2017,19
3/20/2017,18.8348125
3/21/2017,19.097625
3/22/2017,18.896625
3/23/2017,18.616375
3/24/2017,18.455875
3/27/2017,18.5416875
3/28/2017,18.412375
3/29/2017,18.337375
3/30/2017,18.17
3/31/2017,18.218
4/3/2017,17.9821875
4/4/2017,18.1303125
4/5/2017,18.275125
4/6/2017,18.080625
4/7/2017,18.3933125
4/10/2017,18.4758125
4/11/2017,18.802625
4/12/2017,18.5488125
4/13/2017,18.511375
4/17/2017,18.6526875
4/18/2017,18.184375
4/19/2017,18.0333125
4/20/2017,17.686
4/21/2017,17.525625
4/24/2017,17.232
4/25/2017,16.9273125
4/26/2017,17.184875
4/27/2017,17.104
4/28/2017,16.9256875
5/1/2017,16.399
5/2/2017,16.128875
5/3/2017,16.341
5/4/2017,16.2948125
5/5/2017,16.754
5/8/2017,17.231
5/9/2017,17.4721875
5/10/2017,17.460375
5/11/2017,17.706125
5/12/2017,17.8856875
5/15/2017,17.7846875
5/16/2017,18.307125
5/17/2017,18.693625
5/18/2017,18.8823125
5/19/2017,18.831375
5/22/2017,18.866625
5/23/2017,19.246
5/24/2017,19.1195
5/25/2017,19.0091875
5/26/2017,19.031625
5/30/2017,19.2305
5/31/2017,19.114125
6/1/2017,19.222125
6/2/2017,19.1725
6/5/2017,19.2316875
6/6/2017,19.046
6/7/2017,19.023875
6/8/2017,18.9876875
6/9/2017,19.450125
6/12/2017,19.226625
6/13/2017,18.835
6/14/2017,18.9606875
6/15/2017,19.011125
6/16/2017,18.908375
6/19/2017,19.0241875
6/20/2017,19.0961875
6/21/2017,19.0396875
6/22/2017,18.9548125
6/23/2017,18.7836875
6/26/2017,18.8378125
6/27/2017,19.0788125
6/28/2017,18.980375
6/29/2017,19.3378125
6/30/2017,19.139625
7/3/2017,19.0531875
7/5/2017,19.127
7/6/2017,19.3228125
7/7/2017,19.086125
7/10/2017,18.943875
7/11/2017,19.060625
7/12/2017,19.0596875
7/13/2017,18.9818125
7/14/2017,18.925125
7/17/2017,18.8143125
7/18/2017,18.877375
7/19/2017,17.891
7/20/2017,17.9145
7/21/2017,17.813
7/24/2017,17.799625
7/25/2017,17.680125
7/26/2017,17.611625
7/27/2017,17.630875
7/28/2017,17.4658125
7/31/2017,17.542375
8/1/2017,17.325875
8/2/2017,17.4305
8/3/2017,17.375375
8/4/2017,17.4146875
8/7/2017,17.371375
8/8/2017,17.8233125
8/9/2017,17.840375
8/10/2017,18.4408125
8/11/2017,18.2545
8/14/2017,17.6638125
8/15/2017,17.8188125
8/16/2017,17.6655
8/17/2017,18.1721875
8/18/2017,18.137125
8/21/2017,17.949
8/22/2017,17.697875
8/23/2017,17.788375
8/24/2017,17.97
8/25/2017,17.889875
8/28/2017,17.8333125
8/29/2017,17.8906875
8/30/2017,17.906375
8/31/2017,17.8086875
9/1/2017,17.7336875
9/5/2017,18.0516875
9/6/2017,18.0463125
9/7/2017,18.101625
9/8/2017,18.287875
9/11/2017,17.9556875
9/12/2017,17.9635
9/13/2017,18.172375
9/14/2017,18.308625
9/15/2017,18.4901875
9/18/2017,18.507375
9/19/2017,18.257875
9/20/2017,18.3828125
9/21/2017,18.0663125
9/22/2017,18.0826875
9/25/2017,18.2736875
9/26/2017,18.243125
9/27/2017,18.3561875
9/28/2017,18.238375
9/29/2017,18.2738125
10/2/2017,18.122
10/3/2017,18.192125
10/4/2017,18.222125
10/5/2017,18.002125
10/6/2017,18.0195
10/9/2017,17.9326875
10/10/2017,17.8915
10/11/2017,18.047625
10/12/2017,18.058375
10/13/2017,17.9128125
10/16/2017,17.92
10/17/2017,18.0326875
10/18/2017,17.6826875
10/19/2017,17.716875
10/20/2017,17.584
10/23/2017,17.8786875
10/24/2017,18.0875
10/25/2017,18.332625
10/26/2017,18.341
10/27/2017,18.469875
10/30/2017,18.481
10/31/2017,18.725875
11/1/2017,18.6576875
11/2/2017,18.728375
11/3/2017,18.8418125
11/6/2017,18.821375
11/7/2017,18.902625
11/8/2017,18.946375
11/9/2017,19.265875
11/10/2017,19.270125
11/13/2017,19.238375
11/14/2017,19.2828125
11/15/2017,19.5966875
11/16/2017,19.225625
11/17/2017,19.3676875
11/20/2017,19.3026875
11/21/2017,19.1578125
11/22/2017,19.164875
11/24/2017,19.161625
11/27/2017,18.9141875
11/28/2017,18.8711875
11/29/2017,19.338
11/30/2017,19.174375
12/1/2017,19.139625
12/4/2017,19.265375
12/5/2017,18.940375
12/6/2017,18.6935
12/7/2017,18.5086875
12/8/2017,18.516125
