JPM,
Date,12MO_PUT_IMP_VOL
12/10/2007,31.5693125
12/11/2007,33.549125
12/12/2007,34.083625
12/13/2007,34.628625
12/14/2007,34.534125
12/17/2007,35.2001875
12/18/2007,35.007875
12/19/2007,35.0058125
12/20/2007,35.177625
12/21/2007,32.7863125
12/24/2007,31.468625
12/26/2007,30.3801875
12/27/2007,32.785
12/28/2007,32.719375
12/31/2007,32.1318125
1/2/2008,33.6366875
1/3/2008,34.5091875
1/4/2008,36.189625
1/7/2008,34.857875
1/8/2008,36.4461875
1/9/2008,37.867125
1/10/2008,35.575875
1/11/2008,36.906875
1/14/2008,36.448625
1/15/2008,37.8816875
1/16/2008,35.040125
1/17/2008,37.4401875
1/18/2008,38.502
1/22/2008,37.042125
1/23/2008,33.4991875
1/24/2008,34.128875
1/25/2008,36.172875
1/28/2008,34.161125
1/29/2008,32.063125
1/30/2008,32.659375
1/31/2008,33.377625
2/1/2008,33.668625
2/4/2008,36.2625
2/5/2008,39.419625
2/6/2008,41.236375
2/7/2008,39.760125
2/8/2008,40.7141875
2/11/2008,41.388625
2/12/2008,42.228
2/13/2008,40.7313125
2/14/2008,40.6715
2/15/2008,40.133625
2/19/2008,40.5288125
2/20/2008,39.405125
2/21/2008,39.194
2/22/2008,39.400875
2/25/2008,38.9376875
2/26/2008,37.8038125
2/27/2008,37.7475
2/28/2008,40.516625
2/29/2008,44.580875
3/3/2008,43.5055
3/4/2008,43.6111875
3/5/2008,42.455375
3/6/2008,44.711375
3/7/2008,45.975
3/10/2008,47.53
3/11/2008,43.454625
3/12/2008,43.8118125
3/13/2008,44.5756875
3/14/2008,50.398875
3/17/2008,47.7326875
3/18/2008,42.6741875
3/19/2008,45.556875
3/20/2008,39.8308125
3/24/2008,38.269625
3/25/2008,40.686125
3/26/2008,41.7926875
3/27/2008,44.3865
3/28/2008,44.017625
3/31/2008,43.6716875
4/1/2008,39.6195
4/2/2008,39.7216875
4/3/2008,39.172625
4/4/2008,39.607125
4/7/2008,38.4501875
4/8/2008,39.243375
4/9/2008,39.4678125
4/10/2008,39.801375
4/11/2008,41.197125
4/14/2008,42.593625
4/15/2008,41.866625
4/16/2008,37.3493125
4/17/2008,36.654625
4/18/2008,35.282125
4/21/2008,35.215125
4/22/2008,35.7008125
4/23/2008,35.5755
4/24/2008,34.7281875
4/25/2008,33.4875
4/28/2008,33.2555
4/29/2008,33.4473125
4/30/2008,32.2603125
5/1/2008,31.276125
5/2/2008,31.9553125
5/5/2008,32.256875
5/6/2008,32.245125
5/7/2008,34.934875
5/8/2008,35.442625
5/9/2008,35.178875
5/12/2008,33.738875
5/13/2008,34.7775
5/14/2008,33.634125
5/15/2008,33.0371875
5/16/2008,33.4628125
5/19/2008,33.2686875
5/20/2008,35.8793125
5/21/2008,37.6488125
5/22/2008,37.5273125
5/23/2008,38.150625
5/27/2008,37.7866875
5/28/2008,37.4656875
5/29/2008,36.263
5/30/2008,36.3583125
6/2/2008,37.9493125
6/3/2008,38.7513125
6/4/2008,39.0561875
6/5/2008,38.8798125
6/6/2008,40.932125
6/9/2008,42.82
6/10/2008,42.4035
6/11/2008,43.103125
6/12/2008,43.781125
6/13/2008,41.460625
6/16/2008,40.7325
6/17/2008,40.6355
6/18/2008,39.7728125
6/19/2008,41.6065
6/20/2008,43.1675
6/23/2008,43.7175
6/24/2008,41.8245
6/25/2008,41.132
6/26/2008,43.537125
6/27/2008,45.077375
6/30/2008,46.0566875
7/1/2008,46.523
7/2/2008,45.8325
7/3/2008,45.425125
7/7/2008,46.557625
7/8/2008,43.9066875
7/9/2008,45.751125
7/10/2008,47.702625
7/11/2008,50.0523125
7/14/2008,52.2403125
7/15/2008,50.4266875
7/16/2008,43.6716875
7/17/2008,42.816625
7/18/2008,41.232625
7/21/2008,42.2325
7/22/2008,41.267625
7/23/2008,39.805875
7/24/2008,45.2241875
7/25/2008,44.724625
7/28/2008,47.1383125
7/29/2008,43.9498125
7/30/2008,43.6825
7/31/2008,43.9075
8/1/2008,43.4661875
8/4/2008,43.536625
8/5/2008,41.5116875
8/6/2008,41.323375
8/7/2008,43.436125
8/8/2008,42.167625
8/11/2008,42.3816875
8/12/2008,47.424
8/13/2008,48.4796875
8/14/2008,47.402625
8/15/2008,47.403875
8/18/2008,48.506625
8/19/2008,48.856625
8/20/2008,48.3788125
8/21/2008,48.3161875
8/22/2008,46.059625
8/25/2008,47.3473125
8/26/2008,47.6336875
8/27/2008,47.475875
8/28/2008,45.6356875
8/29/2008,45.878625
9/2/2008,46.385375
9/3/2008,45.7366875
9/4/2008,47.79
9/5/2008,46.785125
9/8/2008,44.646875
9/9/2008,47.6571875
9/10/2008,47.0888125
9/11/2008,47.624875
9/12/2008,48.4993125
9/15/2008,51.887375
9/16/2008,54.744125
9/17/2008,57.1708125
9/18/2008,62.076125
9/19/2008,47.9368125
9/22/2008,49.081
9/23/2008,52.799875
9/24/2008,50.8768125
9/25/2008,48.7375
9/26/2008,46.2988125
9/29/2008,54.714875
9/30/2008,51.1403125
10/1/2008,48.225375
10/2/2008,52.679125
10/3/2008,52.5711875
10/6/2008,59.9775
10/7/2008,60.957125
10/8/2008,60.86
10/9/2008,62.643
10/10/2008,78.180375
10/13/2008,63.0998125
10/14/2008,59.346875
10/15/2008,59.3873125
10/16/2008,63.234875
10/17/2008,57.389875
10/20/2008,57.484375
10/21/2008,56.343
10/22/2008,61.8235
10/23/2008,66.5368125
10/24/2008,67.7636875
10/27/2008,67.3211875
10/28/2008,68.293
10/29/2008,64.1603125
10/30/2008,63.2595
10/31/2008,60.6311875
11/3/2008,59.0915
11/4/2008,55.198625
11/5/2008,55.6685
11/6/2008,60.2271875
11/7/2008,60.3763125
11/10/2008,61.585875
11/11/2008,62.607375
11/12/2008,65.520875
11/13/2008,66.445625
11/14/2008,66.1463125
11/17/2008,70.147
11/18/2008,76.491625
11/19/2008,77.6456875
11/20/2008,84.854625
11/21/2008,99.156
11/24/2008,84.617625
11/25/2008,79.2433125
11/26/2008,74.568875
11/28/2008,70.6921875
12/1/2008,77.924
12/2/2008,81.128875
12/3/2008,78.058
12/4/2008,75.4706875
12/5/2008,73.3181875
12/8/2008,67.313125
12/9/2008,72.555875
12/10/2008,73.731375
12/11/2008,77.070625
12/12/2008,77.1941875
12/15/2008,79.5855
12/16/2008,74.4083125
12/17/2008,72.4871875
12/18/2008,72.5838125
12/19/2008,69.980625
12/22/2008,70.9986875
12/23/2008,71.952625
12/24/2008,70.4315
12/26/2008,69.9625
12/29/2008,69.8276875
12/30/2008,67.578125
12/31/2008,62.5436875
1/2/2009,62.6673125
1/5/2009,64.8258125
1/6/2009,64.744875
1/7/2009,68.895375
1/8/2009,70.6783125
1/9/2009,69.9123125
1/12/2009,74.050625
1/13/2009,74.479625
1/14/2009,75.9548125
1/15/2009,77.988625
1/16/2009,81.174125
1/20/2009,90.1575
1/21/2009,85.9266875
1/22/2009,81.228375
1/23/2009,79.505875
1/26/2009,77.778125
1/27/2009,74.3436875
1/28/2009,71.8775
1/29/2009,73.8636875
1/30/2009,78.382
2/2/2009,82.683
2/3/2009,82.8781875
2/4/2009,81.394
2/5/2009,82.9168125
2/6/2009,76.708
2/9/2009,76.2706875
2/10/2009,78.4158125
2/11/2009,76.522
2/12/2009,82.3328125
2/13/2009,78.8681875
2/17/2009,85.366375
2/18/2009,86.059
2/19/2009,84.1693125
2/20/2009,88.853625
2/23/2009,89.425375
2/24/2009,85.652375
2/25/2009,81.9988125
2/26/2009,78.110875
2/27/2009,80.339375
3/2/2009,83.568
3/3/2009,82.241875
3/4/2009,85.26
3/5/2009,90.4116875
3/6/2009,97.0708125
3/9/2009,93.626
3/10/2009,86.448125
3/11/2009,82.474
3/12/2009,79.2928125
3/13/2009,79.405375
3/16/2009,75.645375
3/17/2009,76.496375
3/18/2009,74.683375
3/19/2009,78.1423125
3/20/2009,82.7943125
3/23/2009,76.0183125
3/24/2009,74.5461875
3/25/2009,81.8585
3/26/2009,78.4418125
3/27/2009,78.195625
3/30/2009,82.0598125
3/31/2009,79.875125
4/1/2009,80.543
4/2/2009,80.0463125
4/3/2009,79.546125
4/6/2009,80.4443125
4/7/2009,80.4065
4/8/2009,79.7255
4/9/2009,75.6825
4/13/2009,75.159125
4/14/2009,76.695125
4/15/2009,74.0715
4/16/2009,69.555125
4/17/2009,66.746375
4/20/2009,73.1515
4/21/2009,71.807625
4/22/2009,68.2431875
4/23/2009,68.382375
4/24/2009,65.965625
4/27/2009,66.854375
4/28/2009,66.8628125
4/29/2009,64.6245
4/30/2009,64.8481875
5/1/2009,65.597875
5/4/2009,61.404
5/5/2009,62.0705
5/6/2009,56.4063125
5/7/2009,59.3801875
5/8/2009,53.7828125
5/11/2009,55.9363125
5/12/2009,57.391875
5/13/2009,58.3591875
5/14/2009,57.7495
5/15/2009,57.735375
5/18/2009,54.6168125
5/19/2009,53.848
5/20/2009,53.7656875
5/21/2009,54.857375
5/22/2009,53.955
5/26/2009,53.010625
5/27/2009,52.821375
5/28/2009,53.645
5/29/2009,53.159125
6/1/2009,51.3823125
6/2/2009,53.153
6/3/2009,53.710375
6/4/2009,52.8705
6/5/2009,52.24
6/8/2009,52.0428125
6/9/2009,52.614625
6/10/2009,53.149875
6/11/2009,52.5551875
6/12/2009,51.9735
6/15/2009,53.106375
6/16/2009,53.162375
6/17/2009,54.125375
6/18/2009,52.7701875
6/19/2009,51.298375
6/22/2009,53.5166875
6/23/2009,52.621375
6/24/2009,51.6805
6/25/2009,50.974125
6/26/2009,49.545625
6/29/2009,48.376625
6/30/2009,49.0448125
7/1/2009,48.775625
7/2/2009,50.165
7/6/2009,50.8368125
7/7/2009,50.9036875
7/8/2009,53.5893125
7/9/2009,50.8628125
7/10/2009,50.969375
7/13/2009,47.728875
7/14/2009,45.8445
7/15/2009,44.0938125
7/16/2009,43.8943125
7/17/2009,43.6846875
7/20/2009,42.863
7/21/2009,42.842125
7/22/2009,42.7943125
7/23/2009,42.216
7/24/2009,43.6465
7/27/2009,42.771125
7/28/2009,42.966375
7/29/2009,42.8695
7/30/2009,41.689
7/31/2009,40.7155
8/3/2009,38.7635
8/4/2009,38.8748125
8/5/2009,38.9018125
8/6/2009,41.611125
8/7/2009,40.0638125
8/10/2009,37.3966875
8/11/2009,38.7783125
8/12/2009,37.7981875
8/13/2009,37.6241875
8/14/2009,37.5745
8/17/2009,39.2123125
8/18/2009,39.8678125
8/19/2009,39.4993125
8/20/2009,39.233125
8/21/2009,38.715875
8/24/2009,38.8971875
8/25/2009,38.666125
8/26/2009,38.2191875
8/27/2009,37.927375
8/28/2009,38.7608125
8/31/2009,39.4896875
9/1/2009,40.896
9/2/2009,42.0716875
9/3/2009,41.6381875
9/4/2009,40.6735
9/8/2009,40.4191875
9/9/2009,40.1826875
9/10/2009,38.7176875
9/11/2009,38.761625
9/14/2009,38.096
9/15/2009,38.052125
9/16/2009,37.756375
9/17/2009,37.291125
9/18/2009,37.0406875
9/21/2009,37.324125
9/22/2009,36.194375
9/23/2009,36.6465
9/24/2009,37.9408125
9/25/2009,38.378625
9/28/2009,38.1788125
9/29/2009,37.6865
9/30/2009,38.655
10/1/2009,40.7196875
10/2/2009,41.655
10/5/2009,41.5248125
10/6/2009,41.054625
10/7/2009,40.128625
10/8/2009,39.9205
10/9/2009,39.4631875
10/12/2009,38.3038125
10/13/2009,38.5665
10/14/2009,37.3235
10/15/2009,36.698125
10/16/2009,36.5673125
10/19/2009,36.64
10/20/2009,36.928625
10/21/2009,36.0073125
10/22/2009,37.135625
10/23/2009,37.643875
10/26/2009,39.2073125
10/27/2009,39.165625
10/28/2009,41.6936875
10/29/2009,40.526375
10/30/2009,43.0471875
11/2/2009,44.2566875
11/3/2009,44.860375
11/4/2009,43.5505
11/5/2009,42.552125
11/6/2009,42.9568125
11/9/2009,42.0881875
11/10/2009,41.723375
11/11/2009,41.422625
11/12/2009,42.013125
11/13/2009,42.5135
11/16/2009,41.5121875
11/17/2009,41.9788125
11/18/2009,41.3081875
11/19/2009,42.1233125
11/20/2009,39.253125
11/23/2009,38.2686875
11/24/2009,38.3861875
11/25/2009,38.311875
11/27/2009,39.6923125
11/30/2009,39.4606875
12/1/2009,37.082625
12/2/2009,36.679
12/3/2009,36.188
12/4/2009,37.0331875
12/7/2009,36.8101875
12/8/2009,37.5905
12/9/2009,37.1948125
12/10/2009,36.807625
12/11/2009,36.418375
12/14/2009,35.055
12/15/2009,35.920375
12/16/2009,35.497125
12/17/2009,36.6638125
12/18/2009,36.843375
12/21/2009,35.299875
12/22/2009,34.8753125
12/23/2009,34.869625
12/24/2009,34.1331875
12/28/2009,34.914625
12/29/2009,34.585875
12/30/2009,35.116375
12/31/2009,35.088375
1/4/2010,34.0445
1/5/2010,33.323375
1/6/2010,31.933125
1/7/2010,31.4218125
1/8/2010,32.017625
1/11/2010,31.783125
1/12/2010,32.508
1/13/2010,31.6913125
1/14/2010,31.490375
1/15/2010,31.103375
1/19/2010,30.1161875
1/20/2010,30.3113125
1/21/2010,31.9118125
1/22/2010,34.8141875
1/25/2010,36.417
1/26/2010,36.551
1/27/2010,37.4513125
1/28/2010,36.299625
1/29/2010,36.196
2/1/2010,36.6295
2/2/2010,34.3628125
2/3/2010,34.5478125
2/4/2010,36.7083125
2/5/2010,39.4473125
2/8/2010,38.1278125
2/9/2010,37.1523125
2/10/2010,36.872875
2/11/2010,36.2343125
2/12/2010,36.4643125
2/16/2010,35.134125
2/17/2010,34.723625
2/18/2010,33.596125
2/19/2010,33.2568125
2/22/2010,32.073
2/23/2010,33.546125
2/24/2010,33.0778125
2/25/2010,33.434875
2/26/2010,31.918
3/1/2010,31.9963125
3/2/2010,31.3886875
3/3/2010,31.613875
3/4/2010,31.4788125
3/5/2010,30.8921875
3/8/2010,30.605125
3/9/2010,30.737625
3/10/2010,30.758375
3/11/2010,31.8271875
3/12/2010,31.2791875
3/15/2010,31.5495
3/16/2010,30.936125
3/17/2010,30.326625
3/18/2010,30.1248125
3/19/2010,30.1191875
3/22/2010,30.129125
3/23/2010,29.620125
3/24/2010,29.6638125
3/25/2010,29.2893125
3/26/2010,29.755625
3/29/2010,30.18
3/30/2010,30.2393125
3/31/2010,30.0278125
4/1/2010,29.8266875
4/5/2010,29.946125
4/6/2010,29.365875
4/7/2010,29.010875
4/8/2010,29.042
4/9/2010,29.2706875
4/12/2010,29.3271875
4/13/2010,28.533375
4/14/2010,27.2206875
4/15/2010,27.586625
4/16/2010,30.417
4/19/2010,31.0875
4/20/2010,29.8218125
4/21/2010,29.878875
4/22/2010,30.4191875
4/23/2010,30.5285
4/26/2010,30.986875
4/27/2010,32.4415
4/28/2010,32.529
4/29/2010,31.966375
4/30/2010,34.788125
5/3/2010,34.3325
5/4/2010,37.1878125
5/5/2010,38.6935
5/6/2010,42.961375
5/7/2010,45.8311875
5/10/2010,43.251375
5/11/2010,41.579625
5/12/2010,39.515375
5/13/2010,38.873375
5/14/2010,42.2933125
5/17/2010,43.389
5/18/2010,43.8805
5/19/2010,44.0605
5/20/2010,46.6113125
5/21/2010,46.2463125
5/24/2010,45.365125
5/25/2010,46.399875
5/26/2010,42.9165
5/27/2010,40.4493125
5/28/2010,40.488875
6/1/2010,40.8505
6/2/2010,40.5638125
6/3/2010,40.0938125
6/4/2010,41.875375
6/7/2010,42.460625
6/8/2010,42.567375
6/9/2010,42.385375
6/10/2010,41.8891875
6/11/2010,41.246375
6/14/2010,41.106
6/15/2010,39.495125
6/16/2010,38.9818125
6/17/2010,38.852625
6/18/2010,37.444625
6/21/2010,36.405625
6/22/2010,37.025
6/23/2010,38.2056875
6/24/2010,39.0068125
6/25/2010,37.096
6/28/2010,37.8228125
6/29/2010,41.183375
6/30/2010,41.049125
7/1/2010,44.001125
7/2/2010,43.588125
7/6/2010,42.0993125
7/7/2010,40.5005
7/8/2010,40.2738125
7/9/2010,39.134375
7/12/2010,39.3008125
7/13/2010,38.1575
7/14/2010,39.063375
7/15/2010,39.163125
7/16/2010,41.289375
7/19/2010,40.8006875
7/20/2010,39.189125
7/21/2010,39.9931875
7/22/2010,38.9048125
7/23/2010,38.3061875
7/26/2010,38.3185
7/27/2010,36.988875
7/28/2010,36.8583125
7/29/2010,36.626125
7/30/2010,36.677375
8/2/2010,34.9811875
8/3/2010,35.2178125
8/4/2010,35.2991875
8/5/2010,35.394625
8/6/2010,36.422125
8/9/2010,35.529125
8/10/2010,35.866625
8/11/2010,38.7161875
8/12/2010,38.1806875
8/13/2010,38.099875
8/16/2010,38.2551875
8/17/2010,37.3116875
8/18/2010,37.0216875
8/19/2010,38.1783125
8/20/2010,38.2193125
8/23/2010,37.6751875
8/24/2010,38.315875
8/25/2010,39.057
8/26/2010,38.7186875
8/27/2010,37.580875
8/30/2010,37.9046875
8/31/2010,38.2768125
9/1/2010,36.4328125
9/2/2010,35.745
9/3/2010,34.885375
9/7/2010,35.4655
9/8/2010,35.1223125
9/9/2010,34.619125
9/10/2010,34.328875
9/13/2010,34.195875
9/14/2010,33.830625
9/15/2010,33.737625
9/16/2010,33.9643125
9/17/2010,34.2198125
9/20/2010,32.837875
9/21/2010,33.054625
9/22/2010,34.257375
9/23/2010,35.069
9/24/2010,34.6151875
9/27/2010,34.2528125
9/28/2010,35.0113125
9/29/2010,34.9506875
9/30/2010,35.4246875
10/1/2010,34.423
10/4/2010,34.759375
10/5/2010,33.957625
10/6/2010,33.8371875
10/7/2010,34.1281875
10/8/2010,34.010125
10/11/2010,33.267
10/12/2010,33.3465
10/13/2010,33.0886875
10/14/2010,35.799125
10/15/2010,36.107125
10/18/2010,34.186375
10/19/2010,35.148375
10/20/2010,34.1003125
10/21/2010,35.013625
10/22/2010,34.0763125
10/25/2010,34.5548125
10/26/2010,34.2116875
10/27/2010,34.120375
10/28/2010,33.5563125
10/29/2010,33.751625
11/1/2010,34.609875
11/2/2010,34.254875
11/3/2010,33.819125
11/4/2010,32.5931875
11/5/2010,31.395625
11/8/2010,31.6996875
11/9/2010,32.0866875
11/10/2010,32.0973125
11/11/2010,32.6163125
11/12/2010,33.5305
11/15/2010,32.509625
11/16/2010,34.2595
11/17/2010,34.108625
11/18/2010,33.4021875
11/19/2010,33.0978125
11/22/2010,33.6778125
11/23/2010,34.344875
11/24/2010,33.733375
11/26/2010,34.444875
11/29/2010,34.0833125
11/30/2010,34.695
12/1/2010,33.935
12/2/2010,33.4226875
12/3/2010,33.3055
12/6/2010,32.8018125
12/7/2010,32.4783125
12/8/2010,32.224125
12/9/2010,31.748625
12/10/2010,31.4618125
12/13/2010,30.923625
12/14/2010,31.3265
12/15/2010,31.9776875
12/16/2010,31.8843125
12/17/2010,31.5903125
12/20/2010,31.05
12/21/2010,30.5155
12/22/2010,30.120625
12/23/2010,30.5403125
12/27/2010,30.608875
12/28/2010,31.182625
12/29/2010,31.022125
12/30/2010,31.2458125
12/31/2010,31.484625
1/3/2011,30.6453125
1/4/2011,30.4491875
1/5/2011,30.0515
1/6/2011,30.2995
1/7/2011,31.7218125
1/10/2011,30.913125
1/11/2011,31.421875
1/12/2011,29.9458125
1/13/2011,30.401125
1/14/2011,28.87
1/18/2011,29.150125
1/19/2011,29.7805
1/20/2011,29.2405
1/21/2011,28.918125
1/24/2011,28.507125
1/25/2011,28.9811875
1/26/2011,27.7123125
1/27/2011,27.8683125
1/28/2011,28.220875
1/31/2011,28.089375
2/1/2011,27.134
2/2/2011,27.242125
2/3/2011,27.619
2/4/2011,27.5785
2/7/2011,27.1121875
2/8/2011,26.6141875
2/9/2011,27.494625
2/10/2011,26.887875
2/11/2011,26.2873125
2/14/2011,26.375125
2/15/2011,26.141375
2/16/2011,25.7255
2/17/2011,25.4863125
2/18/2011,25.757875
2/22/2011,28.023125
2/23/2011,28.369625
2/24/2011,28.481875
2/25/2011,27.9521875
2/28/2011,27.8486875
3/1/2011,28.908625
3/2/2011,28.356875
3/3/2011,27.758625
3/4/2011,28.344875
3/7/2011,28.9263125
3/8/2011,28.0938125
3/9/2011,28.267
3/10/2011,29.016625
3/11/2011,28.823125
3/14/2011,29.770625
3/15/2011,30.1238125
3/16/2011,31.194625
3/17/2011,31.089375
3/18/2011,28.8301875
3/21/2011,27.9943125
3/22/2011,27.8451875
3/23/2011,27.390625
3/24/2011,27.047875
3/25/2011,26.8491875
3/28/2011,26.715625
3/29/2011,26.919125
3/30/2011,26.3448125
3/31/2011,26.5058125
4/1/2011,26.009625
4/4/2011,26.3823125
4/5/2011,26.13
4/6/2011,25.7058125
4/7/2011,26.2258125
4/8/2011,26.500625
4/11/2011,26.614125
4/12/2011,26.615625
4/13/2011,26.875125
4/14/2011,27.1521875
4/15/2011,26.847625
4/18/2011,27.8863125
4/19/2011,26.7953125
4/20/2011,26.4856875
4/21/2011,26.042375
4/25/2011,25.969
4/26/2011,25.426125
4/27/2011,25.2316875
4/28/2011,24.9141875
4/29/2011,24.7235
5/2/2011,25.237625
5/3/2011,25.714875
5/4/2011,26.2156875
5/5/2011,26.8733125
5/6/2011,27.0178125
5/9/2011,26.8516875
5/10/2011,26.4685
5/11/2011,26.958
5/12/2011,26.8005
5/13/2011,27.4305
5/16/2011,27.4561875
5/17/2011,26.86
5/18/2011,25.762
5/19/2011,25.7893125
5/20/2011,26.0906875
5/23/2011,26.412375
5/24/2011,26.7403125
5/25/2011,26.4953125
5/26/2011,26.4973125
5/27/2011,25.897625
5/31/2011,25.7793125
6/1/2011,26.747625
6/2/2011,26.7653125
6/3/2011,26.9181875
6/6/2011,27.9965
6/7/2011,27.672375
6/8/2011,28.3643125
6/9/2011,27.634375
6/10/2011,28.026375
6/13/2011,27.457875
6/14/2011,26.9893125
6/15/2011,28.724375
6/16/2011,30.278
6/17/2011,29.221625
6/20/2011,29.1461875
6/21/2011,28.410625
6/22/2011,28.5711875
6/23/2011,30.178125
6/24/2011,30.2916875
6/27/2011,29.9183125
6/28/2011,30.0095
6/29/2011,28.931875
6/30/2011,27.967
7/1/2011,27.1553125
7/5/2011,27.663375
7/6/2011,27.8825
7/7/2011,27.0028125
7/8/2011,27.422625
7/11/2011,28.449
7/12/2011,28.025125
7/13/2011,28.6005
7/14/2011,28.2453125
7/15/2011,28.4711875
7/18/2011,29.852875
7/19/2011,28.632375
7/20/2011,28.231875
7/21/2011,27.232875
7/22/2011,27.779125
7/25/2011,27.9685
7/26/2011,28.2563125
7/27/2011,29.515
7/28/2011,29.841
7/29/2011,29.9281875
8/1/2011,30.0778125
8/2/2011,29.7631875
8/3/2011,30.2533125
8/4/2011,32.7365
8/5/2011,35.009875
8/8/2011,45.5066875
8/9/2011,42.3281875
8/10/2011,42.072125
8/11/2011,41.556125
8/12/2011,40.1063125
8/15/2011,37.0198125
8/16/2011,37.5985
8/17/2011,35.9971875
8/18/2011,39.039375
8/19/2011,40.0595
8/22/2011,41.6698125
8/23/2011,41.9681875
8/24/2011,41.111
8/25/2011,41.3561875
8/26/2011,40.653
8/29/2011,37.966
8/30/2011,38.361125
8/31/2011,37.6971875
9/1/2011,38.1713125
9/2/2011,40.6173125
9/6/2011,42.485875
9/7/2011,40.429625
9/8/2011,41.9846875
9/9/2011,45.3943125
9/12/2011,46.727625
9/13/2011,45.4468125
9/14/2011,44.630625
9/15/2011,42.3066875
9/16/2011,41.1928125
9/19/2011,42.400875
9/20/2011,41.3896875
9/21/2011,42.9235
9/22/2011,49.0425
9/23/2011,49.296125
9/26/2011,46.6871875
9/27/2011,43.887125
9/28/2011,45.9886875
9/29/2011,47.776125
9/30/2011,48.186625
10/3/2011,52.1675
10/4/2011,54.1511875
10/5/2011,50.96
10/6/2011,47.9961875
10/7/2011,49.339125
10/10/2011,46.609375
10/11/2011,46.1895
10/12/2011,42.1818125
10/13/2011,45.357
10/14/2011,43.5423125
10/17/2011,43.9703125
10/18/2011,42.609625
10/19/2011,43.100875
10/20/2011,43.6178125
10/21/2011,42.0466875
10/24/2011,39.7446875
10/25/2011,40.8158125
10/26/2011,40.767125
10/27/2011,34.743125
10/28/2011,34.506
10/31/2011,36.4461875
11/1/2011,42.1345
11/2/2011,42.0318125
11/3/2011,41.3563125
11/4/2011,41.7563125
11/7/2011,40.996875
11/8/2011,39.9131875
11/9/2011,44.5565
11/10/2011,44.8158125
11/11/2011,43.394
11/14/2011,43.8885
11/15/2011,43.276625
11/16/2011,43.756625
11/17/2011,47.701375
11/18/2011,46.676125
11/21/2011,47.9616875
11/22/2011,47.249
11/23/2011,49.5611875
11/25/2011,50.251625
11/28/2011,48.8938125
11/29/2011,49.1881875
11/30/2011,44.957625
12/1/2011,44.9998125
12/2/2011,42.984
12/5/2011,41.7878125
12/6/2011,41.858
12/7/2011,42.4231875
12/8/2011,44.4983125
12/9/2011,42.735
12/12/2011,44.4325
12/13/2011,44.3648125
12/14/2011,44.9001875
12/15/2011,43.495875
12/16/2011,42.957625
12/19/2011,43.485375
12/20/2011,41.5805
12/21/2011,40.907125
12/22/2011,39.615875
12/23/2011,39.3836875
12/27/2011,39.570875
12/28/2011,40.1981875
12/29/2011,39.864125
12/30/2011,39.7253125
1/3/2012,37.553625
1/4/2012,37.7913125
1/5/2012,36.859125
1/6/2012,37.082625
1/9/2012,36.576
1/10/2012,35.306
1/11/2012,35.6436875
1/12/2012,35.6618125
1/13/2012,36.5981875
1/17/2012,36.0316875
1/18/2012,34.906875
1/19/2012,34.227375
1/20/2012,33.136
1/23/2012,32.247
1/24/2012,31.5353125
1/25/2012,32.039
1/26/2012,31.987625
1/27/2012,32.2456875
1/30/2012,32.2196875
1/31/2012,32.0436875
2/1/2012,31.8738125
2/2/2012,31.379875
2/3/2012,30.017125
2/6/2012,29.5298125
2/7/2012,29.5755
2/8/2012,29.4203125
2/9/2012,29.8453125
2/10/2012,31.574375
2/13/2012,30.3406875
2/14/2012,31.811625
2/15/2012,32.235
2/16/2012,31.928
2/17/2012,30.3771875
2/21/2012,30.3495
2/22/2012,30.725125
2/23/2012,29.7815
2/24/2012,29.945875
2/27/2012,29.481625
2/28/2012,28.8891875
2/29/2012,28.1515
3/1/2012,27.5258125
3/2/2012,27.918
3/5/2012,28.3211875
3/6/2012,29.8653125
3/7/2012,29.0833125
3/8/2012,28.9735
3/9/2012,27.553875
3/12/2012,28.0411875
3/13/2012,27.022
3/14/2012,26.695375
3/15/2012,26.921
3/16/2012,27.0116875
3/19/2012,26.7798125
3/20/2012,27.2105
3/21/2012,26.66
3/22/2012,26.9345
3/23/2012,26.5778125
3/26/2012,25.7821875
3/27/2012,25.4853125
3/28/2012,26.0778125
3/29/2012,26.195
3/30/2012,25.5918125
4/2/2012,25.3906875
4/3/2012,26.244375
4/4/2012,27.410875
4/5/2012,27.3236875
4/9/2012,27.8398125
4/10/2012,29.435
4/11/2012,28.865875
4/12/2012,28.9081875
4/13/2012,30.461875
4/16/2012,30.7166875
4/17/2012,30.0936875
4/18/2012,30.2121875
4/19/2012,30.717375
4/20/2012,30.2535
4/23/2012,30.467875
4/24/2012,30.3301875
4/25/2012,30.0145
4/26/2012,29.346375
4/27/2012,28.981125
4/30/2012,29.256625
5/1/2012,28.152375
5/2/2012,28.840625
5/3/2012,29.083375
5/4/2012,29.999625
5/7/2012,30.205625
5/8/2012,31.109875
5/9/2012,31.4433125
5/10/2012,31.0625
5/11/2012,33.0938125
5/14/2012,34.647875
5/15/2012,34.117125
5/16/2012,35.945375
5/17/2012,37.5688125
5/18/2012,40.114125
5/21/2012,40.490375
5/22/2012,38.369125
5/23/2012,40.9888125
5/24/2012,39.6526875
5/25/2012,39.0935
5/29/2012,38.6041875
5/30/2012,38.6491875
5/31/2012,38.781625
6/1/2012,40.837625
6/4/2012,41.337
6/5/2012,39.3321875
6/6/2012,37.555
6/7/2012,36.762125
6/8/2012,36.0641875
6/11/2012,36.324375
6/12/2012,37.342
6/13/2012,36.729625
6/14/2012,37.1313125
6/15/2012,35.9523125
6/18/2012,34.962625
6/19/2012,33.113375
6/20/2012,32.589875
6/21/2012,34.155
6/22/2012,33.3128125
6/25/2012,35.063625
6/26/2012,34.2645
6/27/2012,34.0543125
6/28/2012,36.101625
6/29/2012,34.4333125
7/2/2012,33.244875
7/3/2012,33.0263125
7/5/2012,33.949625
7/6/2012,34.7435
7/9/2012,34.9355
7/10/2012,34.457625
7/11/2012,33.6695
7/12/2012,33.435
7/13/2012,31.741375
7/16/2012,32.2266875
7/17/2012,31.948375
7/18/2012,31.456375
7/19/2012,31.409875
7/20/2012,32.4231875
7/23/2012,32.6781875
7/24/2012,33.3008125
7/25/2012,32.7356875
7/26/2012,32.4306875
7/27/2012,31.7843125
7/30/2012,32.4375
7/31/2012,32.0638125
8/1/2012,31.971
8/2/2012,32.804
8/3/2012,31.280375
8/6/2012,30.911125
8/7/2012,30.56
8/8/2012,30.502625
8/9/2012,30.119
8/10/2012,30.121
8/13/2012,29.9803125
8/14/2012,29.8715
8/15/2012,30.2305
8/16/2012,30.7961875
8/17/2012,30.396125
8/20/2012,30.341875
8/21/2012,30.7793125
8/22/2012,31.1716875
8/23/2012,31.659
8/24/2012,31.6675
8/27/2012,31.6613125
8/28/2012,31.4516875
8/29/2012,31.351375
8/30/2012,32.5565
8/31/2012,32.2271875
9/4/2012,32.500125
9/5/2012,32.489
9/6/2012,31.2481875
9/7/2012,30.6528125
9/10/2012,30.2686875
9/11/2012,30.357875
9/12/2012,29.9338125
9/13/2012,28.3583125
9/14/2012,27.9545
9/17/2012,28.205
9/18/2012,28.194875
9/19/2012,27.932
9/20/2012,28.2541875
9/21/2012,28.085375
9/24/2012,27.727625
9/25/2012,27.494375
9/26/2012,28.1901875
9/27/2012,28.1236875
9/28/2012,28.299625
10/1/2012,27.8938125
10/2/2012,28.4208125
10/3/2012,28.253375
10/4/2012,27.6698125
10/5/2012,27.5491875
10/8/2012,27.688625
10/9/2012,27.642125
10/10/2012,27.8041875
10/11/2012,27.7096875
10/12/2012,28.0601875
10/15/2012,27.5475
10/16/2012,27.327625
10/17/2012,26.6968125
10/18/2012,26.8921875
10/19/2012,27.149625
10/22/2012,27.8176875
10/23/2012,28.3543125
10/24/2012,28.387375
10/25/2012,28.8986875
10/26/2012,28.984625
10/31/2012,28.6926875
11/1/2012,27.9666875
11/2/2012,28.2341875
11/5/2012,28.9188125
11/6/2012,28.19
11/7/2012,29.688
11/8/2012,29.9355
11/9/2012,29.8661875
11/12/2012,29.814875
11/13/2012,29.6975
11/14/2012,30.3783125
11/15/2012,30.6228125
11/16/2012,30.2938125
11/19/2012,29.128625
11/20/2012,28.803875
11/21/2012,28.2941875
11/23/2012,28.0145
11/26/2012,28.3676875
11/27/2012,28.0426875
11/28/2012,28.2531875
11/29/2012,27.7743125
11/30/2012,27.689875
12/3/2012,27.455
12/4/2012,27.410375
12/5/2012,26.832625
12/6/2012,26.6773125
12/7/2012,26.014375
12/10/2012,26.241625
12/11/2012,26.1475
12/12/2012,25.7483125
12/13/2012,26.455375
12/14/2012,26.3068125
12/17/2012,26.0933125
12/18/2012,25.7023125
12/19/2012,25.920125
12/20/2012,25.9275
12/21/2012,26.709875
12/24/2012,26.476875
12/26/2012,26.852875
12/27/2012,27.927
12/28/2012,28.5888125
12/31/2012,29.0721875
1/2/2013,26.3196875
1/3/2013,25.5925
1/4/2013,25.570375
1/7/2013,25.5053125
1/8/2013,25.453
1/9/2013,25.6768125
1/10/2013,25.0868125
1/11/2013,25.1675
1/14/2013,25.517875
1/15/2013,25.1726875
1/16/2013,24.987375
1/17/2013,25.097
1/18/2013,25.048625
1/22/2013,23.900125
1/23/2013,23.5098125
1/24/2013,23.9268125
1/25/2013,23.630125
1/28/2013,23.5756875
1/29/2013,23.2748125
1/30/2013,23.251625
1/31/2013,23.2113125
2/1/2013,22.8053125
2/4/2013,22.821375
2/5/2013,22.189625
2/6/2013,22.6176875
2/7/2013,22.821
2/8/2013,22.544875
2/11/2013,22.502875
2/12/2013,22.198
2/13/2013,22.2661875
2/14/2013,22.1
2/15/2013,22.5933125
2/19/2013,22.217375
2/20/2013,22.805125
2/21/2013,23.598875
2/22/2013,23.144
2/25/2013,24.2023125
2/26/2013,24.9028125
2/27/2013,23.6688125
2/28/2013,23.3421875
3/1/2013,24.1401875
3/4/2013,23.7033125
3/5/2013,22.8998125
3/6/2013,22.7226875
3/7/2013,22.3528125
3/8/2013,22.5106875
3/11/2013,21.9065
3/12/2013,22.077375
3/13/2013,22.487625
3/14/2013,22.0393125
3/15/2013,22.485625
3/18/2013,22.571625
3/19/2013,23.7375
3/20/2013,23.372875
3/21/2013,23.940875
3/22/2013,23.7825
3/25/2013,23.8436875
3/26/2013,23.784875
3/27/2013,24.1488125
3/28/2013,24.105375
4/1/2013,23.8163125
4/2/2013,23.4903125
4/3/2013,24.2248125
4/4/2013,24.0005
4/5/2013,24.096125
4/8/2013,23.877375
4/9/2013,23.335875
4/10/2013,22.749625
4/11/2013,22.7398125
4/12/2013,22.5678125
4/15/2013,23.785625
4/16/2013,23.314375
4/17/2013,24.2323125
4/18/2013,24.384875
4/19/2013,23.253875
4/22/2013,22.7453125
4/23/2013,22.3748125
4/24/2013,22.2955
4/25/2013,21.888625
4/26/2013,22.0133125
4/29/2013,21.9486875
4/30/2013,22.0983125
5/1/2013,22.2755
5/2/2013,22.2103125
5/3/2013,22.519625
5/6/2013,22.0398125
5/7/2013,21.489625
5/8/2013,21.371875
5/9/2013,21.7873125
5/10/2013,22.009375
5/13/2013,21.8503125
5/14/2013,21.829125
5/15/2013,21.7711875
5/16/2013,21.9756875
5/17/2013,21.895375
5/20/2013,22.535375
5/21/2013,22.904125
5/22/2013,23.248
5/23/2013,23.478375
5/24/2013,23.242
5/28/2013,23.126
5/29/2013,23.4175
5/30/2013,23.2283125
5/31/2013,23.593125
6/3/2013,24.231375
6/4/2013,24.352
6/5/2013,24.7951875
6/6/2013,24.796625
6/7/2013,24.1203125
6/10/2013,23.883
6/11/2013,24.3198125
6/12/2013,24.6331875
6/13/2013,24.181
6/14/2013,24.582
6/17/2013,24.365125
6/18/2013,24.1561875
6/19/2013,24.0468125
6/20/2013,25.0018125
6/21/2013,25.017
6/24/2013,25.3758125
6/25/2013,24.8905
6/26/2013,24.563125
6/27/2013,24.1778125
6/28/2013,24.2928125
7/1/2013,24.111125
7/2/2013,24.028875
7/3/2013,24.196875
7/5/2013,23.5501875
7/8/2013,23.4466875
7/9/2013,23.114875
7/10/2013,22.9676875
7/11/2013,22.255875
7/12/2013,22.2486875
7/15/2013,22.412625
7/16/2013,22.192375
7/17/2013,22.296
7/18/2013,21.8495
7/19/2013,21.4473125
7/22/2013,21.4466875
7/23/2013,21.216375
7/24/2013,21.3576875
7/25/2013,21.7323125
7/26/2013,21.916875
7/29/2013,22.5163125
7/30/2013,22.3168125
7/31/2013,21.742375
8/1/2013,21.6408125
8/2/2013,21.4953125
8/5/2013,21.5095
8/6/2013,21.626125
8/7/2013,21.705875
8/8/2013,21.7746875
8/9/2013,21.7565
8/12/2013,21.927
8/13/2013,21.6481875
8/14/2013,22.024875
8/15/2013,22.7381875
8/16/2013,22.3673125
8/19/2013,23.177
8/20/2013,23.507125
8/21/2013,23.5026875
8/22/2013,23.1575
8/23/2013,23.0651875
8/26/2013,22.956625
8/27/2013,23.7563125
8/28/2013,23.8111875
8/29/2013,23.5968125
8/30/2013,24.0558125
9/3/2013,24.373
9/4/2013,23.911125
9/5/2013,23.793625
9/6/2013,23.6716875
9/9/2013,23.671125
9/10/2013,23.0963125
9/11/2013,23.185375
9/12/2013,23.2686875
9/13/2013,23.302125
9/16/2013,23.001125
9/17/2013,22.811125
9/18/2013,22.518875
9/19/2013,22.9535
9/20/2013,22.362125
9/23/2013,23.1601875
9/24/2013,23.43
9/25/2013,23.160625
9/26/2013,23.214375
9/27/2013,22.919375
9/30/2013,23.1288125
10/1/2013,22.912125
10/2/2013,23.3573125
10/3/2013,24.089375
10/4/2013,23.654625
10/7/2013,24.051375
10/8/2013,25.3253125
10/9/2013,24.892
10/10/2013,24.0198125
10/11/2013,23.6175
10/14/2013,23.591375
10/15/2013,23.8721875
10/16/2013,22.9881875
10/17/2013,22.640875
10/18/2013,22.353625
10/21/2013,22.557625
10/22/2013,22.3363125
10/23/2013,22.748875
10/24/2013,22.662375
10/25/2013,22.521
10/28/2013,22.164
10/29/2013,22.1951875
10/30/2013,22.255875
10/31/2013,22.5291875
11/1/2013,22.468625
11/4/2013,22.5571875
11/5/2013,22.600875
11/6/2013,22.3021875
11/7/2013,22.267875
11/8/2013,21.563
11/11/2013,21.5706875
11/12/2013,21.571375
11/13/2013,22.068625
11/14/2013,22.562125
11/15/2013,22.7233125
11/18/2013,22.805
11/19/2013,23.3021875
11/20/2013,23.3575
11/21/2013,23.0948125
11/22/2013,23.2838125
11/25/2013,23.0321875
11/26/2013,23.404375
11/27/2013,23.500375
11/29/2013,23.6928125
12/2/2013,23.765125
12/3/2013,24.069875
12/4/2013,24.042
12/5/2013,24.2703125
12/6/2013,24.204375
12/9/2013,24.0281875
12/10/2013,23.853875
12/11/2013,24.2116875
12/12/2013,24.232875
12/13/2013,24.1441875
12/16/2013,24.2095
12/17/2013,24.3121875
12/18/2013,24.055
12/19/2013,23.577375
12/20/2013,23.255875
12/23/2013,22.924125
12/24/2013,22.7113125
12/26/2013,22.813375
12/27/2013,22.675375
12/30/2013,22.7393125
12/31/2013,22.766625
1/2/2014,23.0095
1/3/2014,22.4601875
1/6/2014,22.469
1/7/2014,22.64
1/8/2014,22.3381875
1/9/2014,22.421625
1/10/2014,22.2595
1/13/2014,22.2491875
1/14/2014,21.8606875
1/15/2014,21.4608125
1/16/2014,22.2143125
1/17/2014,22.1405
1/21/2014,21.630125
1/22/2014,21.3751875
1/23/2014,21.787875
1/24/2014,22.4153125
1/27/2014,22.3875
1/28/2014,22.4163125
1/29/2014,22.972375
1/30/2014,22.508
1/31/2014,22.7795
2/3/2014,24.2103125
2/4/2014,23.655
2/5/2014,23.435125
2/6/2014,22.8956875
2/7/2014,22.4016875
2/10/2014,22.665375
2/11/2014,22.129875
2/12/2014,22.0671875
2/13/2014,21.9046875
2/14/2014,21.867125
2/18/2014,21.5471875
2/19/2014,21.7448125
2/20/2014,21.8138125
2/21/2014,21.184625
2/24/2014,21.3375
2/25/2014,21.5591875
2/26/2014,21.672625
2/27/2014,21.6001875
2/28/2014,21.384375
3/3/2014,22.0425
3/4/2014,21.6293125
3/5/2014,21.4341875
3/6/2014,21.2515
3/7/2014,21.0163125
3/10/2014,21.097625
3/11/2014,21.2846875
3/12/2014,21.325
3/13/2014,21.474
3/14/2014,21.834
3/17/2014,21.5453125
3/18/2014,21.3106875
3/19/2014,21.0936875
3/20/2014,21.057375
3/21/2014,20.327875
3/24/2014,20.7888125
3/25/2014,20.805625
3/26/2014,21.207375
3/27/2014,21.3696875
3/28/2014,21.1321875
3/31/2014,20.73
4/1/2014,20.6528125
4/2/2014,20.7905
4/3/2014,20.7211875
4/4/2014,20.9765
4/7/2014,21.564375
4/8/2014,21.7575
4/9/2014,21.479375
4/10/2014,21.977875
4/11/2014,22.370125
4/14/2014,22.3355
4/15/2014,22.472
4/16/2014,21.9473125
4/17/2014,21.748375
4/21/2014,21.5711875
4/22/2014,20.853
4/23/2014,20.559
4/24/2014,20.329125
4/25/2014,20.6905
4/28/2014,21.2816875
4/29/2014,21.029375
4/30/2014,20.805
5/1/2014,20.8523125
5/2/2014,20.7083125
5/5/2014,20.787625
5/6/2014,21.1555
5/7/2014,20.827125
5/8/2014,20.546875
5/9/2014,20.641125
5/12/2014,20.1766875
5/13/2014,20.075625
5/14/2014,19.895625
5/15/2014,20.1246875
5/16/2014,19.9491875
5/19/2014,19.3998125
5/20/2014,19.259375
5/21/2014,19.1846875
5/22/2014,19.0258125
5/23/2014,18.998875
5/27/2014,18.778625
5/28/2014,18.8196875
5/29/2014,18.7215
5/30/2014,18.824875
6/2/2014,18.9736875
6/3/2014,19.182
6/4/2014,19.092125
6/5/2014,18.921
6/6/2014,18.792375
6/9/2014,19.571375
6/10/2014,19.0253125
6/11/2014,19.4051875
6/12/2014,19.4211875
6/13/2014,19.494875
6/16/2014,19.5933125
6/17/2014,19.346625
6/18/2014,19.2491875
6/19/2014,19.293
6/20/2014,18.9138125
6/23/2014,18.6878125
6/24/2014,18.882
6/25/2014,18.7883125
6/26/2014,18.9953125
6/27/2014,18.693375
6/30/2014,18.7303125
7/1/2014,18.716625
7/2/2014,18.810375
7/3/2014,18.828625
7/7/2014,18.9028125
7/8/2014,19.4705
7/9/2014,19.2838125
7/10/2014,19.371
7/11/2014,19.2656875
7/14/2014,18.7358125
7/15/2014,17.925
7/16/2014,17.7416875
7/17/2014,18.672375
7/18/2014,18.178875
7/21/2014,18.383625
7/22/2014,18.2586875
7/23/2014,18.270125
7/24/2014,18.5626875
7/25/2014,18.549
7/28/2014,18.8068125
7/29/2014,19.1438125
7/30/2014,19.264625
7/31/2014,20.3991875
8/1/2014,20.972
8/4/2014,21.054625
8/5/2014,21.8951875
8/6/2014,22.1016875
8/7/2014,22.3873125
8/8/2014,22.0223125
8/11/2014,21.778125
8/12/2014,21.512125
8/13/2014,21.206
8/14/2014,20.6781875
8/15/2014,20.835625
8/18/2014,19.903375
8/19/2014,19.556125
8/20/2014,19.7123125
8/21/2014,19.7743125
8/22/2014,19.835875
8/25/2014,19.615375
8/26/2014,19.6505
8/27/2014,19.7523125
8/28/2014,19.836125
8/29/2014,19.6388125
9/2/2014,19.8228125
9/3/2014,19.600625
9/4/2014,19.717125
9/5/2014,19.641375
9/8/2014,19.7533125
9/9/2014,20.027125
9/10/2014,19.986375
9/11/2014,19.9705
9/12/2014,19.9905
9/15/2014,20.0073125
9/16/2014,19.9153125
9/17/2014,19.6775
9/18/2014,19.5218125
9/19/2014,19.313625
9/22/2014,19.361875
9/23/2014,19.531
9/24/2014,19.495125
9/25/2014,19.9996875
9/26/2014,20.035125
9/29/2014,20.176875
9/30/2014,20.2906875
10/1/2014,20.6888125
10/2/2014,20.903
10/3/2014,20.386125
10/6/2014,20.5238125
10/7/2014,21.0928125
10/8/2014,20.888375
10/9/2014,21.8936875
10/10/2014,22.676125
10/13/2014,22.7271875
10/14/2014,22.97
10/15/2014,24.950875
10/16/2014,24.744
10/17/2014,23.51
10/20/2014,23.045125
10/21/2014,21.756
10/22/2014,22.377125
10/23/2014,21.851625
10/24/2014,21.6135
10/27/2014,21.61
10/28/2014,20.853375
10/29/2014,20.842375
10/30/2014,20.7191875
10/31/2014,20.31
11/3/2014,20.221625
11/4/2014,20.414875
11/5/2014,20.216125
11/6/2014,20.3145
11/7/2014,20.243125
11/10/2014,19.6576875
11/11/2014,19.720875
11/12/2014,19.948125
11/13/2014,19.6528125
11/14/2014,19.6466875
11/17/2014,19.532625
11/18/2014,19.4465
11/19/2014,19.3071875
11/20/2014,19.5721875
11/21/2014,19.142375
11/24/2014,18.841375
11/25/2014,19.158125
11/26/2014,19.2541875
11/28/2014,19.113625
12/1/2014,19.4856875
12/2/2014,19.330625
12/3/2014,19.204375
12/4/2014,19.163375
12/5/2014,19.114125
12/8/2014,19.3361875
12/9/2014,19.7488125
12/10/2014,20.6126875
12/11/2014,20.762
12/12/2014,22.130375
12/15/2014,23.121875
12/16/2014,23.3445
12/17/2014,22.846625
12/18/2014,21.511375
12/19/2014,20.7958125
12/22/2014,20.420375
12/23/2014,19.791
12/24/2014,19.669625
12/26/2014,19.6316875
12/29/2014,19.6153125
12/30/2014,19.7601875
12/31/2014,20.2365
1/2/2015,20.468125
1/5/2015,22.2665
1/6/2015,23.623625
1/7/2015,23.320625
1/8/2015,22.1841875
1/9/2015,22.6245
1/12/2015,22.889875
1/13/2015,22.910625
1/14/2015,23.021
1/15/2015,24.137625
1/16/2015,23.6686875
1/20/2015,23.583375
1/21/2015,23.160875
1/22/2015,22.0651875
1/23/2015,22.048625
1/26/2015,21.689375
1/27/2015,22.1118125
1/28/2015,22.8153125
1/29/2015,22.6743125
1/30/2015,24.1343125
2/2/2015,23.415125
2/3/2015,22.5001875
2/4/2015,22.4125
2/5/2015,21.912
2/6/2015,21.38
2/9/2015,21.8716875
2/10/2015,21.8016875
2/11/2015,22.0486875
2/12/2015,21.491
2/13/2015,21.3853125
2/17/2015,21.026125
2/18/2015,21.4456875
2/19/2015,21.4916875
2/20/2015,21.331125
2/23/2015,21.5313125
2/24/2015,20.723875
2/25/2015,20.5925
2/26/2015,20.4053125
2/27/2015,20.575625
3/2/2015,20.3928125
3/3/2015,20.380875
3/4/2015,20.2841875
3/5/2015,20.540125
3/6/2015,20.960875
3/9/2015,20.855
3/10/2015,21.554375
3/11/2015,21.53
3/12/2015,20.709125
3/13/2015,21.182125
3/16/2015,20.831375
3/17/2015,20.9365
3/18/2015,20.640875
3/19/2015,20.777625
3/20/2015,20.313125
3/23/2015,20.295875
3/24/2015,20.593125
3/25/2015,20.8528125
3/26/2015,21.318
3/27/2015,21.0615
3/30/2015,20.711875
3/31/2015,20.828875
4/1/2015,20.9338125
4/2/2015,20.833375
4/6/2015,20.589125
4/7/2015,20.719875
4/8/2015,20.674625
4/9/2015,20.480375
4/10/2015,20.0988125
4/13/2015,20.0506875
4/14/2015,19.4045
4/15/2015,18.6238125
4/16/2015,18.713
4/17/2015,19.337375
4/20/2015,19.2921875
4/21/2015,19.270625
4/22/2015,19.179875
4/23/2015,19.148375
4/24/2015,19.3741875
4/27/2015,19.929125
4/28/2015,19.701625
4/29/2015,19.6386875
4/30/2015,20.0556875
5/1/2015,20.1383125
5/4/2015,19.6076875
5/5/2015,19.960875
5/6/2015,20.631
5/7/2015,20.5918125
5/8/2015,20.269375
5/11/2015,20.1465
5/12/2015,20.13
5/13/2015,20.156375
5/14/2015,20.0896875
5/15/2015,20.1231875
5/18/2015,19.8805
5/19/2015,19.7978125
5/20/2015,20.348375
5/21/2015,20.522875
5/22/2015,20.438
5/26/2015,20.9038125
5/27/2015,20.3853125
5/28/2015,20.459375
5/29/2015,20.5448125
6/1/2015,20.4048125
6/2/2015,20.4018125
6/3/2015,20.1603125
6/4/2015,20.7146875
6/5/2015,20.3955
6/8/2015,20.696375
6/9/2015,20.6676875
6/10/2015,20.4055
6/11/2015,20.2143125
6/12/2015,20.3551875
6/15/2015,20.4876875
6/16/2015,20.6218125
6/17/2015,20.4151875
6/18/2015,20.099125
6/19/2015,19.9385
6/22/2015,19.7395
6/23/2015,19.6031875
6/24/2015,19.986375
6/25/2015,19.9095
6/26/2015,20.019875
6/29/2015,21.264875
6/30/2015,21.008625
7/1/2015,20.915
7/2/2015,21.211125
7/6/2015,21.2203125
7/7/2015,21.451375
7/8/2015,22.208625
7/9/2015,21.731625
7/10/2015,21.163875
7/13/2015,20.2638125
7/14/2015,19.613625
7/15/2015,19.3031875
7/16/2015,19.0375
7/17/2015,19.0848125
7/20/2015,19.0031875
7/21/2015,19.137625
7/22/2015,19.3018125
7/23/2015,19.527125
7/24/2015,19.8535
7/27/2015,20.382125
7/28/2015,20.119875
7/29/2015,19.656625
7/30/2015,19.678625
7/31/2015,19.726125
8/3/2015,19.715375
8/4/2015,19.537625
8/5/2015,19.620875
8/6/2015,19.8095
8/7/2015,19.9558125
8/10/2015,19.358
8/11/2015,19.9133125
8/12/2015,20.442625
8/13/2015,20.173625
8/14/2015,20.0783125
8/17/2015,19.815625
8/18/2015,19.786375
8/19/2015,20.0426875
8/20/2015,21.1285
8/21/2015,22.5553125
8/24/2015,25.5993125
8/25/2015,24.8316875
8/26/2015,23.729
8/27/2015,22.577625
8/28/2015,23.2196875
8/31/2015,23.2303125
9/1/2015,26.4156875
9/2/2015,25.0081875
9/3/2015,24.4956875
9/4/2015,25.700875
9/8/2015,24.3863125
9/9/2015,24.6673125
9/10/2015,24.6795
9/11/2015,24.485625
9/14/2015,24.6101875
9/15/2015,23.5541875
9/16/2015,22.744125
9/17/2015,22.9661875
9/18/2015,23.444375
9/21/2015,22.6626875
9/22/2015,23.250125
9/23/2015,23.263
9/24/2015,23.586625
9/25/2015,23.027125
9/28/2015,24.0533125
9/29/2015,24.414125
9/30/2015,24.127875
10/1/2015,24.2231875
10/2/2015,24.4208125
10/5/2015,23.228
10/6/2015,23.1935
10/7/2015,22.9523125
10/8/2015,22.711875
10/9/2015,22.488625
10/12/2015,22.276125
10/13/2015,22.3181875
10/14/2015,22.249125
10/15/2015,21.597375
10/16/2015,21.5645
10/19/2015,21.128125
10/20/2015,20.6441875
10/21/2015,20.9698125
10/22/2015,20.549875
10/23/2015,20.4568125
10/26/2015,20.547375
10/27/2015,20.778125
10/28/2015,20.502375
10/29/2015,21.251375
10/30/2015,21.3385
11/2/2015,21.352
11/3/2015,21.3658125
11/4/2015,21.7056875
11/5/2015,21.770375
11/6/2015,21.8205
11/9/2015,22.3768125
11/10/2015,22.244625
11/11/2015,22.424375
11/12/2015,23.239875
11/13/2015,23.653625
11/16/2015,23.326125
11/17/2015,23.198625
11/18/2015,22.526125
11/19/2015,22.5273125
11/20/2015,22.051375
11/23/2015,22.09
11/24/2015,22.193875
11/25/2015,22.034375
11/27/2015,22.2691875
11/30/2015,22.2811875
12/1/2015,22.101125
12/2/2015,22.576125
12/3/2015,23.0928125
12/4/2015,22.2068125
12/7/2015,22.7356875
12/8/2015,23.0961875
12/9/2015,23.448875
12/10/2015,23.315875
12/11/2015,24.758125
12/14/2015,24.5163125
12/15/2015,23.298125
12/16/2015,21.8985
12/17/2015,22.170625
12/18/2015,23.431
12/21/2015,23.030125
12/22/2015,22.5906875
12/23/2015,21.8143125
12/24/2015,21.7951875
12/28/2015,22.001125
12/29/2015,21.249
12/30/2015,21.518125
12/31/2015,21.6483125
1/4/2016,23.2258125
1/5/2016,22.9051875
1/6/2016,23.5413125
1/7/2016,25.2106875
1/8/2016,25.604375
1/11/2016,25.6693125
1/12/2016,25.0741875
1/13/2016,26.186625
1/14/2016,25.239625
1/15/2016,26.919
1/19/2016,26.579875
1/20/2016,28.3583125
1/21/2016,26.8218125
1/22/2016,25.627
1/25/2016,26.744
1/26/2016,25.710875
1/27/2016,25.920625
1/28/2016,25.9518125
1/29/2016,24.460125
2/1/2016,24.881375
2/2/2016,26.674
2/3/2016,27.0888125
2/4/2016,26.8098125
2/5/2016,27.623875
2/8/2016,29.9521875
2/9/2016,29.796375
2/10/2016,29.759375
2/11/2016,32.731125
2/12/2016,29.544375
2/16/2016,27.7441875
2/17/2016,26.6731875
2/18/2016,27.1138125
2/19/2016,27.1195
2/22/2016,25.8881875
2/23/2016,27.7786875
2/24/2016,28.1005
2/25/2016,27.3671875
2/26/2016,26.661375
2/29/2016,27.197375
3/1/2016,25.5155
3/2/2016,24.9511875
3/3/2016,24.722875
3/4/2016,24.462875
3/7/2016,24.5276875
3/8/2016,25.7896875
3/9/2016,25.577375
3/10/2016,25.706875
3/11/2016,23.927
3/14/2016,23.9503125
3/15/2016,23.8348125
3/16/2016,23.562375
3/17/2016,22.375625
3/18/2016,21.3851875
3/21/2016,21.3376875
3/22/2016,21.6233125
3/23/2016,22.6963125
3/24/2016,23.743875
3/28/2016,23.417
3/29/2016,23.417375
3/30/2016,22.539125
3/31/2016,22.6575
4/1/2016,22.369875
4/4/2016,22.499125
4/5/2016,23.4725
4/6/2016,23.074875
4/7/2016,24.450875
4/8/2016,23.8175
4/11/2016,23.3998125
4/12/2016,22.848625
4/13/2016,21.315375
4/14/2016,21.2586875
4/15/2016,21.619875
4/18/2016,21.3006875
4/19/2016,21.102875
4/20/2016,20.7266875
4/21/2016,21.7415
4/22/2016,21.8483125
4/25/2016,22.1781875
4/26/2016,22.014625
4/27/2016,21.6665
4/28/2016,22.164
4/29/2016,23.0151875
5/2/2016,22.682625
5/3/2016,23.334625
5/4/2016,24.4398125
5/5/2016,24.395
5/6/2016,24.043125
5/9/2016,24.1591875
5/10/2016,23.4435
5/11/2016,24.038125
5/12/2016,24.0733125
5/13/2016,24.399
5/16/2016,24.069125
5/17/2016,24.103
5/18/2016,23.3803125
5/19/2016,23.8795
5/20/2016,23.376625
5/23/2016,23.2318125
5/24/2016,22.6318125
5/25/2016,22.228625
5/26/2016,21.947125
5/27/2016,22.0588125
5/31/2016,22.0796875
6/1/2016,21.875875
6/2/2016,22.0381875
6/3/2016,22.163875
6/6/2016,21.646375
6/7/2016,21.4603125
6/8/2016,21.8046875
6/9/2016,22.3216875
6/10/2016,23.4553125
6/13/2016,24.3808125
6/14/2016,25.4153125
6/15/2016,24.7521875
6/16/2016,25.092
6/17/2016,24.554375
6/20/2016,23.767
6/21/2016,23.535
6/22/2016,23.521125
6/23/2016,22.6941875
6/24/2016,26.385875
6/27/2016,28.065375
6/28/2016,25.5646875
6/29/2016,24.562125
6/30/2016,23.5896875
7/1/2016,23.8988125
7/5/2016,25.5931875
7/6/2016,25.1765
7/7/2016,24.7115
7/8/2016,23.263375
7/11/2016,23.0653125
7/12/2016,22.3486875
7/13/2016,22.5198125
7/14/2016,22.142875
7/15/2016,22.2055
7/18/2016,22.020375
7/19/2016,22.2
7/20/2016,22.1143125
7/21/2016,22.522375
7/22/2016,22.3966875
7/25/2016,22.6526875
7/26/2016,22.7085
7/27/2016,22.685375
7/28/2016,22.8605
7/29/2016,22.8675
8/1/2016,23.056125
8/2/2016,23.7338125
8/3/2016,22.8651875
8/4/2016,22.841875
8/5/2016,22.027125
8/8/2016,21.9573125
8/9/2016,21.892625
8/10/2016,21.9943125
8/11/2016,22.176375
8/12/2016,22.4756875
8/15/2016,22.1158125
8/16/2016,22.128125
8/17/2016,22.113875
8/18/2016,21.939125
8/19/2016,22.295
8/22/2016,21.915875
8/23/2016,21.8183125
8/24/2016,22.265875
8/25/2016,22.454
8/26/2016,21.9936875
8/29/2016,21.6178125
8/30/2016,21.578625
8/31/2016,21.630375
9/1/2016,22.175875
9/2/2016,21.484375
9/6/2016,21.71
9/7/2016,21.999625
9/8/2016,21.687375
9/9/2016,22.632375
9/12/2016,22.399
9/13/2016,23.4006875
9/14/2016,23.5791875
9/15/2016,22.887625
9/16/2016,23.2811875
9/19/2016,22.9263125
9/20/2016,22.7003125
9/21/2016,22.351375
9/22/2016,21.7898125
9/23/2016,21.8921875
9/26/2016,23.223375
9/27/2016,22.6758125
9/28/2016,22.221875
9/29/2016,22.888125
9/30/2016,21.6533125
10/3/2016,22.339875
10/4/2016,21.973125
10/5/2016,21.734125
10/6/2016,21.6226875
10/7/2016,21.348375
10/10/2016,21.4826875
10/11/2016,22.141875
10/12/2016,22.138125
10/13/2016,22.1875
10/14/2016,22.43
10/17/2016,22.229
10/18/2016,21.944625
10/19/2016,21.2603125
10/20/2016,21.275875
10/21/2016,21.1376875
10/24/2016,20.6765
10/25/2016,21.0393125
10/26/2016,21.221875
10/27/2016,21.317125
10/28/2016,21.4193125
10/31/2016,21.3725
11/1/2016,22.0531875
11/2/2016,22.5171875
11/3/2016,22.811625
11/4/2016,22.9838125
11/7/2016,21.355875
11/8/2016,21.164375
11/9/2016,20.712875
11/10/2016,20.919375
11/11/2016,21.3883125
11/14/2016,22.5953125
11/15/2016,22.9665
11/16/2016,24.9521875
11/17/2016,25.2568125
11/18/2016,25.3495
11/21/2016,25.0578125
11/22/2016,24.6146875
11/23/2016,24.3658125
11/25/2016,24.2831875
11/28/2016,24.2083125
11/29/2016,24.0355
11/30/2016,23.9526875
12/1/2016,24.348875
12/2/2016,24.1353125
12/5/2016,23.9401875
12/6/2016,23.722875
12/7/2016,24.1528125
12/8/2016,24.157625
12/9/2016,23.734375
12/12/2016,23.728
12/13/2016,23.527
12/14/2016,24.037125
12/15/2016,23.9718125
12/16/2016,23.7681875
12/19/2016,23.4135
12/20/2016,23.770625
12/21/2016,23.8053125
12/22/2016,23.912
12/23/2016,24.026125
12/27/2016,23.9333125
12/28/2016,24.045875
12/29/2016,24.4798125
12/30/2016,24.6003125
1/3/2017,24.0335
1/4/2017,23.669875
1/5/2017,23.8413125
1/6/2017,23.5846875
1/9/2017,23.5436875
1/10/2017,23.7558125
1/11/2017,24.0843125
1/12/2017,24.313375
1/13/2017,23.819
1/17/2017,24.7771875
1/18/2017,24.278875
1/19/2017,24.1533125
1/20/2017,23.4378125
1/23/2017,23.373625
1/24/2017,22.966625
1/25/2017,22.6898125
1/26/2017,22.3071875
1/27/2017,22.3016875
1/30/2017,22.6903125
1/31/2017,23.0248125
2/1/2017,23.079125
2/2/2017,23.276
2/3/2017,22.8705
2/6/2017,22.924375
2/7/2017,22.987375
2/8/2017,23.2741875
2/9/2017,23.0573125
2/10/2017,22.822625
2/13/2017,23.019125
2/14/2017,22.9273125
2/15/2017,22.6216875
2/16/2017,22.809875
2/17/2017,22.803875
2/21/2017,22.514
2/22/2017,22.696625
2/23/2017,22.9871875
2/24/2017,23.144125
2/27/2017,23.189375
2/28/2017,23.1681875
3/1/2017,22.6681875
3/2/2017,23.2036875
3/3/2017,22.951375
3/6/2017,23.172875
3/7/2017,23.038875
3/8/2017,23.102625
3/9/2017,23.0416875
3/10/2017,22.8551875
3/13/2017,22.7853125
3/14/2017,22.8163125
3/15/2017,22.5265
3/16/2017,21.681125
3/17/2017,21.742625
3/20/2017,21.8106875
3/21/2017,22.636
3/22/2017,22.0616875
3/23/2017,21.916
3/24/2017,22.0778125
3/27/2017,21.8508125
3/28/2017,21.6121875
3/29/2017,21.507625
3/30/2017,21.3338125
3/31/2017,21.3856875
4/3/2017,21.8148125
4/4/2017,21.569375
4/5/2017,22.111375
4/6/2017,21.8633125
4/7/2017,21.8701875
4/10/2017,22.065125
4/11/2017,22.4993125
4/12/2017,22.5445
4/13/2017,22.064125
4/17/2017,21.5205
4/18/2017,21.769
4/19/2017,21.5566875
4/20/2017,20.881125
4/21/2017,21.1441875
4/24/2017,20.256
4/25/2017,19.8423125
4/26/2017,19.8911875
4/27/2017,19.942375
4/28/2017,19.9753125
5/1/2017,20.0023125
5/2/2017,20.118875
5/3/2017,19.999875
5/4/2017,20.013625
5/5/2017,19.8478125
5/8/2017,19.746
5/9/2017,20.033375
5/10/2017,19.7843125
5/11/2017,20.3845
5/12/2017,20.1823125
5/15/2017,20.2265
5/16/2017,20.2373125
5/17/2017,21.6893125
5/18/2017,21.6375
5/19/2017,21.2725
5/22/2017,20.9556875
5/23/2017,20.8063125
5/24/2017,20.806375
5/25/2017,20.727875
5/26/2017,20.6845
5/30/2017,21.090125
5/31/2017,20.396
6/1/2017,20.579375
6/2/2017,20.724375
6/5/2017,20.624
6/6/2017,20.958875
6/7/2017,20.888375
6/8/2017,20.7691875
6/9/2017,20.914125
6/12/2017,20.977375
6/13/2017,20.633875
6/14/2017,20.699625
6/15/2017,20.869375
6/16/2017,20.6435
6/19/2017,20.7651875
6/20/2017,21.0248125
6/21/2017,21.2051875
6/22/2017,21.423125
6/23/2017,21.3656875
6/26/2017,21.2038125
6/27/2017,21.3185
6/28/2017,21.056375
6/29/2017,20.8513125
6/30/2017,20.3751875
7/3/2017,20.556
7/5/2017,20.6283125
7/6/2017,21.0883125
7/7/2017,20.980625
7/10/2017,20.901125
7/11/2017,21.0855
7/12/2017,20.722125
7/13/2017,20.668625
7/14/2017,20.422875
7/17/2017,20.1106875
7/18/2017,20.198375
7/19/2017,19.5336875
7/20/2017,19.4461875
7/21/2017,19.312875
7/24/2017,19.255125
7/25/2017,19.113875
7/26/2017,19.3705
7/27/2017,19.4525
7/28/2017,19.1383125
7/31/2017,19.102625
8/1/2017,19.1156875
8/2/2017,19.051
8/3/2017,19.0256875
8/4/2017,19.466625
8/7/2017,19.661375
8/8/2017,19.7013125
8/9/2017,20.2936875
8/10/2017,20.9555
8/11/2017,21.1461875
8/14/2017,20.3493125
8/15/2017,20.390125
8/16/2017,20.1048125
8/17/2017,21.404875
8/18/2017,20.839125
8/21/2017,20.746875
8/22/2017,20.465625
8/23/2017,20.836
8/24/2017,20.795875
8/25/2017,20.6263125
8/28/2017,20.7966875
8/29/2017,20.680125
8/30/2017,20.5253125
8/31/2017,20.947375
9/1/2017,20.594875
9/5/2017,21.281125
9/6/2017,20.784625
9/7/2017,21.2436875
9/8/2017,21.076625
9/11/2017,20.466125
9/12/2017,20.258875
9/13/2017,20.0625
9/14/2017,20.323375
9/15/2017,20.5401875
9/18/2017,20.5956875
9/19/2017,20.232875
9/20/2017,20.182
9/21/2017,19.9755
9/22/2017,20.119875
9/25/2017,20.175
9/26/2017,20.4421875
9/27/2017,20.1698125
9/28/2017,19.920625
9/29/2017,19.7271875
10/2/2017,19.6836875
10/3/2017,19.8006875
10/4/2017,19.926125
10/5/2017,20.168
10/6/2017,20.1073125
10/9/2017,20.4601875
10/10/2017,20.1175
10/11/2017,19.9653125
10/12/2017,20.049625
10/13/2017,19.4711875
10/16/2017,19.436625
10/17/2017,19.8355
10/18/2017,19.610625
10/19/2017,19.8855
10/20/2017,19.802875
10/23/2017,20.0105
10/24/2017,20.373625
10/25/2017,20.620125
10/26/2017,20.5516875
10/27/2017,20.687125
10/30/2017,20.6798125
10/31/2017,20.7796875
11/1/2017,20.548625
11/2/2017,20.391625
11/3/2017,20.2361875
11/6/2017,20.138375
11/7/2017,20.779
11/8/2017,21.086875
11/9/2017,21.587
11/10/2017,21.6636875
11/13/2017,21.595
11/14/2017,21.5261875
11/15/2017,21.8181875
11/16/2017,21.5986875
11/17/2017,21.3663125
11/20/2017,20.9851875
11/21/2017,21.1565
11/22/2017,20.9868125
11/24/2017,20.8993125
11/27/2017,20.736375
11/28/2017,21.5021875
11/29/2017,21.3086875
11/30/2017,20.855875
12/1/2017,21.071625
12/4/2017,20.865625
12/5/2017,21.580875
12/6/2017,21.447375
12/7/2017,21.1663125
12/8/2017,21.2498125
