AMZN,
Date,12MO_PUT_IMP_VOL
12/10/2007,50.043375
12/11/2007,51.046625
12/12/2007,50.7095
12/13/2007,50.4041875
12/14/2007,50.632625
12/17/2007,51.121875
12/18/2007,51.7598125
12/19/2007,51.034875
12/20/2007,50.7121875
12/21/2007,50.383375
12/24/2007,50.321375
12/26/2007,49.162875
12/27/2007,49.864125
12/28/2007,49.612
12/31/2007,50.685125
1/2/2008,51.529125
1/3/2008,52.3646875
1/4/2008,55.3241875
1/7/2008,55.012875
1/8/2008,55.547125
1/9/2008,55.634375
1/10/2008,54.679
1/11/2008,55.1011875
1/14/2008,54.164875
1/15/2008,55.4628125
1/16/2008,56.429375
1/17/2008,56.703625
1/18/2008,58.602125
1/22/2008,57.5933125
1/23/2008,58.253625
1/24/2008,54.611375
1/25/2008,55.8465
1/28/2008,56.669625
1/29/2008,55.654875
1/30/2008,54.097625
1/31/2008,51.4321875
2/1/2008,50.020625
2/4/2008,51.0741875
2/5/2008,53.2948125
2/6/2008,53.8018125
2/7/2008,54.1173125
2/8/2008,53.275375
2/11/2008,52.920875
2/12/2008,52.883625
2/13/2008,50.413625
2/14/2008,50.1973125
2/15/2008,51.474
2/19/2008,50.9105
2/20/2008,50.4303125
2/21/2008,50.7043125
2/22/2008,50.812
2/25/2008,49.8663125
2/26/2008,49.6811875
2/27/2008,49.2743125
2/28/2008,49.726125
2/29/2008,51.043875
3/3/2008,52.324875
3/4/2008,51.767125
3/5/2008,51.5515
3/6/2008,52.687
3/7/2008,52.4423125
3/10/2008,52.9473125
3/11/2008,51.3113125
3/12/2008,51.208
3/13/2008,51.493875
3/14/2008,52.8598125
3/17/2008,53.5456875
3/18/2008,51.0565
3/19/2008,53.040625
3/20/2008,52.5366875
3/24/2008,51.996625
3/25/2008,52.1215
3/26/2008,52.306375
3/27/2008,52.364
3/28/2008,52.583375
3/31/2008,52.3125
4/1/2008,50.616875
4/2/2008,50.3301875
4/3/2008,51.0266875
4/4/2008,50.534125
4/7/2008,50.258
4/8/2008,50.2173125
4/9/2008,50.5761875
4/10/2008,50.561625
4/11/2008,52.049375
4/14/2008,52.9431875
4/15/2008,46.9228125
4/16/2008,50.8981875
4/17/2008,48.434625
4/18/2008,48.375
4/21/2008,48.9018125
4/22/2008,48.0076875
4/23/2008,48.7521875
4/24/2008,47.962375
4/25/2008,47.286125
4/28/2008,47.267875
4/29/2008,47.371125
4/30/2008,46.329625
5/1/2008,46.2508125
5/2/2008,46.552625
5/5/2008,46.953125
5/6/2008,47.045
5/7/2008,47.5438125
5/8/2008,47.4125
5/9/2008,47.6386875
5/12/2008,47.6711875
5/13/2008,47.7186875
5/14/2008,48.084875
5/15/2008,47.3495
5/16/2008,47.0378125
5/19/2008,47.485375
5/20/2008,47.612625
5/21/2008,48.4365
5/22/2008,48.5381875
5/23/2008,48.6911875
5/27/2008,48.821375
5/28/2008,48.591
5/29/2008,48.133125
5/30/2008,47.883875
6/2/2008,48.305
6/3/2008,48.560125
6/4/2008,48.2528125
6/5/2008,47.4643125
6/6/2008,49.0216875
6/9/2008,49.494125
6/10/2008,49.5446875
6/11/2008,50.4363125
6/12/2008,50.4015
6/13/2008,49.093875
6/16/2008,47.8098125
6/17/2008,48.486125
6/18/2008,48.486875
6/19/2008,48.258375
6/20/2008,49.6203125
6/23/2008,49.347875
6/24/2008,49.678375
6/25/2008,49.291125
6/26/2008,50.625625
6/27/2008,50.8266875
6/30/2008,51.1348125
7/1/2008,50.483125
7/2/2008,51.943375
7/3/2008,52.1385
7/7/2008,52.054125
7/8/2008,51.2223125
7/9/2008,52.813625
7/10/2008,53.792875
7/11/2008,54.376125
7/14/2008,54.7821875
7/15/2008,55.113375
7/16/2008,53.579375
7/17/2008,52.844125
7/18/2008,53.6275
7/21/2008,53.0175
7/22/2008,53.8271875
7/23/2008,53.1313125
7/24/2008,52.7346875
7/25/2008,52.2493125
7/28/2008,53.0738125
7/29/2008,51.4651875
7/30/2008,51.818
7/31/2008,52.3713125
8/1/2008,53.435125
8/4/2008,53.6108125
8/5/2008,52.586125
8/6/2008,52.303625
8/7/2008,52.3676875
8/8/2008,51.653625
8/11/2008,52.9343125
8/12/2008,52.4345
8/13/2008,52.662125
8/14/2008,52.247
8/15/2008,51.6725
8/18/2008,51.878875
8/19/2008,51.956375
8/20/2008,51.884625
8/21/2008,51.776875
8/22/2008,51.3093125
8/25/2008,51.784375
8/26/2008,51.7395
8/27/2008,51.678875
8/28/2008,50.994125
8/29/2008,51.4551875
9/2/2008,51.3771875
9/3/2008,51.594
9/4/2008,52.6226875
9/5/2008,52.7375
9/8/2008,52.814
9/9/2008,53.417875
9/10/2008,53.4841875
9/11/2008,53.905
9/12/2008,54.1193125
9/15/2008,55.0183125
9/16/2008,55.4903125
9/17/2008,57.3003125
9/18/2008,56.704375
9/19/2008,53.3691875
9/22/2008,55.7505
9/23/2008,55.9106875
9/24/2008,57.0105
9/25/2008,55.7741875
9/26/2008,57.475875
9/29/2008,59.857875
9/30/2008,57.4585
10/1/2008,57.619125
10/2/2008,61.988625
10/3/2008,60.3843125
10/6/2008,64.7771875
10/7/2008,63.669375
10/8/2008,69.994625
10/9/2008,70.5098125
10/10/2008,77.888625
10/13/2008,68.3676875
10/14/2008,69.405375
10/15/2008,73.0073125
10/16/2008,76.0826875
10/17/2008,72.5821875
10/20/2008,69.7631875
10/21/2008,66.9706875
10/22/2008,68.5956875
10/23/2008,72.925875
10/24/2008,74.999
10/27/2008,72.194125
10/28/2008,71.9395
10/29/2008,70.698375
10/30/2008,72.4511875
10/31/2008,71.811875
11/3/2008,72.034375
11/4/2008,70.4613125
11/5/2008,72.7383125
11/6/2008,75.626125
11/7/2008,74.705375
11/10/2008,76.338
11/11/2008,76.1373125
11/12/2008,79.0215
11/13/2008,79.9498125
11/14/2008,79.4685
11/17/2008,81.772875
11/18/2008,85.020375
11/19/2008,86.53
11/20/2008,91.485625
11/21/2008,91.4566875
11/24/2008,85.741625
11/25/2008,85.583
11/26/2008,83.9851875
11/28/2008,83.8433125
12/1/2008,86.2995
12/2/2008,89.031875
12/3/2008,85.625125
12/4/2008,84.002125
12/5/2008,84.2763125
12/8/2008,81.209625
12/9/2008,80.4353125
12/10/2008,82.020875
12/11/2008,81.3091875
12/12/2008,80.152375
12/15/2008,80.245
12/16/2008,78.236375
12/17/2008,75.896875
12/18/2008,73.7351875
12/19/2008,73.2386875
12/22/2008,70.9068125
12/23/2008,69.761
12/24/2008,69.5935
12/26/2008,68.668375
12/29/2008,69.318125
12/30/2008,68.584625
12/31/2008,67.297375
1/2/2009,64.807625
1/5/2009,65.367625
1/6/2009,65.299375
1/7/2009,65.3456875
1/8/2009,64.466625
1/9/2009,64.7538125
1/12/2009,67.391375
1/13/2009,65.766
1/14/2009,72.316375
1/15/2009,69.9866875
1/16/2009,68.7916875
1/20/2009,70.5905
1/21/2009,68.3338125
1/22/2009,68.7551875
1/23/2009,66.7311875
1/26/2009,66.017
1/27/2009,65.5898125
1/28/2009,62.9448125
1/29/2009,62.206375
1/30/2009,61.619625
2/2/2009,62.429125
2/3/2009,61.5166875
2/4/2009,60.7396875
2/5/2009,59.520375
2/6/2009,58.969125
2/9/2009,57.915125
2/10/2009,59.8838125
2/11/2009,59.6488125
2/12/2009,61.161875
2/13/2009,60.0248125
2/17/2009,61.149875
2/18/2009,61.4456875
2/19/2009,60.769625
2/20/2009,61.988625
2/23/2009,62.6623125
2/24/2009,62.01
2/25/2009,62.346625
2/26/2009,62.6473125
2/27/2009,62.722875
3/2/2009,66.344375
3/3/2009,66.695375
3/4/2009,65.520375
3/5/2009,64.930125
3/6/2009,66.623625
3/9/2009,67.062375
3/10/2009,64.744
3/11/2009,63.6951875
3/12/2009,63.093125
3/13/2009,62.313875
3/16/2009,62.203125
3/17/2009,61.3338125
3/18/2009,61.0466875
3/19/2009,62.029125
3/20/2009,62.694625
3/23/2009,61.161875
3/24/2009,60.790125
3/25/2009,61.497375
3/26/2009,60.9755
3/27/2009,61.3236875
3/30/2009,61.979375
3/31/2009,61.0336875
4/1/2009,60.777875
4/2/2009,59.1986875
4/3/2009,58.9645
4/6/2009,58.7203125
4/7/2009,59.0316875
4/8/2009,58.6508125
4/9/2009,57.483
4/13/2009,57.5036875
4/14/2009,57.660875
4/15/2009,57.822125
4/16/2009,56.644875
4/17/2009,55.466875
4/20/2009,56.4385
4/21/2009,55.9193125
4/22/2009,55.4445
4/23/2009,54.759
4/24/2009,52.9345
4/27/2009,53.7218125
4/28/2009,52.650375
4/29/2009,52.908125
4/30/2009,53.2148125
5/1/2009,53.0103125
5/4/2009,51.500875
5/5/2009,51.8171875
5/6/2009,51.4736875
5/7/2009,51.8366875
5/8/2009,50.8631875
5/11/2009,50.275125
5/12/2009,50.488125
5/13/2009,51.0823125
5/14/2009,50.8925
5/15/2009,50.6016875
5/18/2009,49.345
5/19/2009,48.105875
5/20/2009,47.9468125
5/21/2009,50.0451875
5/22/2009,49.929
5/26/2009,49.416875
5/27/2009,49.0641875
5/28/2009,49.092625
5/29/2009,48.5296875
6/1/2009,48.3338125
6/2/2009,47.998625
6/3/2009,47.923125
6/4/2009,47.8695
6/5/2009,47.9566875
6/8/2009,48.686375
6/9/2009,47.746
6/10/2009,47.1561875
6/11/2009,46.841125
6/12/2009,47.467875
6/15/2009,47.6231875
6/16/2009,47.6405
6/17/2009,47.681375
6/18/2009,47.919625
6/19/2009,47.5428125
6/22/2009,48.164375
6/23/2009,49.404
6/24/2009,48.1955
6/25/2009,47.643
6/26/2009,46.2621875
6/29/2009,45.192625
6/30/2009,45.385375
7/1/2009,45.3221875
7/2/2009,46.4081875
7/6/2009,46.6063125
7/7/2009,47.207
7/8/2009,47.558125
7/9/2009,47.0386875
7/10/2009,46.921875
7/13/2009,45.787
7/14/2009,44.8266875
7/15/2009,44.494875
7/16/2009,44.6181875
7/17/2009,44.507375
7/20/2009,44.470875
7/21/2009,44.1623125
7/22/2009,43.911
7/23/2009,43.3066875
7/24/2009,44.016625
7/27/2009,43.8046875
7/28/2009,43.5136875
7/29/2009,43.948875
7/30/2009,43.4218125
7/31/2009,43.314375
8/3/2009,43.1963125
8/4/2009,43.6286875
8/5/2009,43.258125
8/6/2009,43.5348125
8/7/2009,43.1676875
8/10/2009,43.6588125
8/11/2009,43.984625
8/12/2009,43.600375
8/13/2009,44.3015
8/14/2009,44.488875
8/17/2009,45.0188125
8/18/2009,44.503125
8/19/2009,44.1435
8/20/2009,43.66
8/21/2009,43.7685
8/24/2009,43.4055
8/25/2009,43.103625
8/26/2009,42.932625
8/27/2009,42.704125
8/28/2009,42.9483125
8/31/2009,43.587375
9/1/2009,44.313
9/2/2009,44.42
9/3/2009,44.5158125
9/4/2009,43.827125
9/8/2009,43.3336875
9/9/2009,43.2391875
9/10/2009,42.6516875
9/11/2009,42.2548125
9/14/2009,42.4791875
9/15/2009,42.3836875
9/16/2009,42.103625
9/17/2009,42.4225
9/18/2009,42.7365
9/21/2009,43.134375
9/22/2009,43.4461875
9/23/2009,43.153125
9/24/2009,43.325
9/25/2009,43.9626875
9/28/2009,43.7423125
9/29/2009,43.8726875
9/30/2009,43.9996875
10/1/2009,44.1431875
10/2/2009,44.3478125
10/5/2009,44.373625
10/6/2009,44.127
10/7/2009,44.148375
10/8/2009,43.7558125
10/9/2009,43.3028125
10/12/2009,43.3385
10/13/2009,43.1065
10/14/2009,42.627875
10/15/2009,42.531625
10/16/2009,42.347
10/19/2009,40.9811875
10/20/2009,40.9775
10/21/2009,40.8823125
10/22/2009,40.6968125
10/23/2009,40.701
10/26/2009,43.2273125
10/27/2009,43.184375
10/28/2009,44.063375
10/29/2009,43.437375
10/30/2009,44.632375
11/2/2009,44.9173125
11/3/2009,45.3425
11/4/2009,45.1916875
11/5/2009,45.045625
11/6/2009,44.953875
11/9/2009,44.240875
11/10/2009,44.147875
11/11/2009,44.2286875
11/12/2009,44.4775
11/13/2009,44.3191875
11/16/2009,43.243
11/17/2009,43.394625
11/18/2009,42.7271875
11/19/2009,42.9813125
11/20/2009,43.574
11/23/2009,43.122625
11/24/2009,42.6953125
11/25/2009,42.1875
11/27/2009,43.197875
11/30/2009,43.4201875
12/1/2009,42.9726875
12/2/2009,44.329125
12/3/2009,44.7728125
12/4/2009,45.362625
12/7/2009,44.8038125
12/8/2009,44.9051875
12/9/2009,44.9058125
12/10/2009,44.7673125
12/11/2009,45.0005
12/14/2009,45.911
12/15/2009,45.437875
12/16/2009,45.398625
12/17/2009,45.1075
12/18/2009,44.8651875
12/21/2009,44.4298125
12/22/2009,45.035625
12/23/2009,44.275625
12/24/2009,44.6501875
12/28/2009,45.0303125
12/29/2009,45.0233125
12/30/2009,45.662625
12/31/2009,45.8525
1/4/2010,45.609125
1/5/2010,45.198625
1/6/2010,44.235375
1/7/2010,44.188875
1/8/2010,43.4891875
1/11/2010,43.089125
1/12/2010,42.6953125
1/13/2010,42.0193125
1/14/2010,41.374125
1/15/2010,41.0316875
1/19/2010,40.1971875
1/20/2010,40.4916875
1/21/2010,40.4443125
1/22/2010,41.424375
1/25/2010,42.322125
1/26/2010,43.2866875
1/27/2010,43.8475
1/28/2010,43.412125
1/29/2010,41.6645
2/1/2010,43.2201875
2/2/2010,41.6618125
2/3/2010,41.336
2/4/2010,43.198
2/5/2010,44.064
2/8/2010,43.292875
2/9/2010,42.644125
2/10/2010,42.0173125
2/11/2010,41.675375
2/12/2010,41.457875
2/16/2010,41.2151875
2/17/2010,40.700875
2/18/2010,39.7045
2/19/2010,39.308625
2/22/2010,38.623
2/23/2010,38.7476875
2/24/2010,38.268375
2/25/2010,38.7226875
2/26/2010,38.2731875
3/1/2010,38.138125
3/2/2010,37.740875
3/3/2010,37.795
3/4/2010,37.6453125
3/5/2010,37.225125
3/8/2010,37.1473125
3/9/2010,37.3726875
3/10/2010,37.2973125
3/11/2010,38.1876875
3/12/2010,38.0383125
3/15/2010,37.9908125
3/16/2010,37.7171875
3/17/2010,37.439625
3/18/2010,37.168125
3/19/2010,37.3768125
3/22/2010,37.595375
3/23/2010,37.521
3/24/2010,37.723125
3/25/2010,38.0888125
3/26/2010,38.3575
3/29/2010,38.0971875
3/30/2010,38.059875
3/31/2010,37.634125
4/1/2010,37.7261875
4/5/2010,37.9383125
4/6/2010,37.5518125
4/7/2010,37.6485
4/8/2010,38.1081875
4/9/2010,37.9375
4/12/2010,37.8676875
4/13/2010,37.766375
4/14/2010,37.6588125
4/15/2010,37.531125
4/16/2010,38.6888125
4/19/2010,38.880625
4/20/2010,38.267375
4/21/2010,38.8006875
4/22/2010,39.516
4/23/2010,38.576375
4/26/2010,39.061375
4/27/2010,40.505625
4/28/2010,40.9416875
4/29/2010,40.8286875
4/30/2010,41.2926875
5/3/2010,41.487375
5/4/2010,44.405
5/5/2010,45.1378125
5/6/2010,48.282375
5/7/2010,49.4073125
5/10/2010,46.7635
5/11/2010,46.059375
5/12/2010,44.2278125
5/13/2010,43.8093125
5/14/2010,46.4711875
5/17/2010,46.6676875
5/18/2010,46.763625
5/19/2010,47.662
5/20/2010,50.1076875
5/21/2010,49.710875
5/24/2010,48.084625
5/25/2010,48.940125
5/26/2010,46.3335
5/27/2010,44.8701875
5/28/2010,44.465
6/1/2010,44.9398125
6/2/2010,44.7265
6/3/2010,43.495875
6/4/2010,45.1258125
6/7/2010,45.541125
6/8/2010,46.802625
6/9/2010,45.703125
6/10/2010,45.3245
6/11/2010,45.2676875
6/14/2010,43.9976875
6/15/2010,42.950625
6/16/2010,42.120125
6/17/2010,41.6706875
6/18/2010,40.799875
6/21/2010,40.491375
6/22/2010,41.4271875
6/23/2010,41.952625
6/24/2010,43.6615
6/25/2010,43.8165
6/28/2010,44.2005
6/29/2010,47.1276875
6/30/2010,47.2015
7/1/2010,48.5418125
7/2/2010,48.2695
7/6/2010,47.518375
7/7/2010,46.5396875
7/8/2010,46.0563125
7/9/2010,45.401625
7/12/2010,45.034875
7/13/2010,44.349375
7/14/2010,44.1423125
7/15/2010,44.4011875
7/16/2010,45.294125
7/19/2010,44.1796875
7/20/2010,43.3628125
7/21/2010,43.667625
7/22/2010,42.5371875
7/23/2010,40.359625
7/26/2010,39.929375
7/27/2010,39.4028125
7/28/2010,39.3511875
7/29/2010,38.7025
7/30/2010,38.770625
8/2/2010,38.1426875
8/3/2010,37.692875
8/4/2010,37.798375
8/5/2010,38.058625
8/6/2010,38.223625
8/9/2010,37.484875
8/10/2010,37.4551875
8/11/2010,39.346375
8/12/2010,39.6056875
8/13/2010,40.3621875
8/16/2010,40.168875
8/17/2010,39.564
8/18/2010,39.597
8/19/2010,40.477625
8/20/2010,40.490125
8/23/2010,40.578375
8/24/2010,41.5283125
8/25/2010,41.5168125
8/26/2010,41.6821875
8/27/2010,41.3411875
8/30/2010,41.859375
8/31/2010,42.3676875
9/1/2010,40.9828125
9/2/2010,40.483125
9/3/2010,39.5133125
9/7/2010,40.0436875
9/8/2010,39.987375
9/9/2010,40.148
9/10/2010,39.3921875
9/13/2010,38.789125
9/14/2010,38.4261875
9/15/2010,38.7295
9/16/2010,38.671875
9/17/2010,38.3846875
9/20/2010,39.3405
9/21/2010,38.806375
9/22/2010,39.498875
9/23/2010,40.0276875
9/24/2010,40.4688125
9/27/2010,41.126125
9/28/2010,42.387375
9/29/2010,42.6931875
9/30/2010,42.9968125
10/1/2010,43.040125
10/4/2010,42.510625
10/5/2010,42.1485
10/6/2010,42.273125
10/7/2010,42.177375
10/8/2010,41.6905
10/11/2010,41.4358125
10/12/2010,41.107375
10/13/2010,40.782
10/14/2010,41.049375
10/15/2010,41.6593125
10/18/2010,41.260125
10/19/2010,41.934875
10/20/2010,41.2928125
10/21/2010,42.427125
10/22/2010,39.278
10/25/2010,38.9691875
10/26/2010,38.9621875
10/27/2010,39.192375
10/28/2010,39.1116875
10/29/2010,39.0088125
11/1/2010,39.183875
11/2/2010,38.3735
11/3/2010,38.8176875
11/4/2010,37.9925
11/5/2010,38.140125
11/8/2010,38.058375
11/9/2010,37.292
11/10/2010,37.096375
11/11/2010,37.439875
11/12/2010,38.4216875
11/15/2010,38.324125
11/16/2010,39.136
11/17/2010,39.057375
11/18/2010,37.695
11/19/2010,37.892125
11/22/2010,37.1256875
11/23/2010,37.588625
11/24/2010,37.474125
11/26/2010,38.3131875
11/29/2010,38.7398125
11/30/2010,39.240875
12/1/2010,38.656625
12/2/2010,38.006
12/3/2010,37.8021875
12/6/2010,37.4898125
12/7/2010,37.005625
12/8/2010,36.7776875
12/9/2010,36.6681875
12/10/2010,36.502625
12/13/2010,36.342875
12/14/2010,36.397
12/15/2010,36.144625
12/16/2010,35.978375
12/17/2010,35.7258125
12/20/2010,35.5035
12/21/2010,35.512
12/22/2010,35.361
12/23/2010,35.744625
12/27/2010,36.1306875
12/28/2010,36.1401875
12/29/2010,35.9985
12/30/2010,36.2621875
12/31/2010,36.520625
1/3/2011,36.3498125
1/4/2011,36.4886875
1/5/2011,36.3795
1/6/2011,36.4675
1/7/2011,36.305125
1/10/2011,35.977375
1/11/2011,35.7373125
1/12/2011,35.2085
1/13/2011,34.881625
1/14/2011,34.4098125
1/18/2011,34.2738125
1/19/2011,34.168125
1/20/2011,35.161375
1/21/2011,35.1745
1/24/2011,35.0626875
1/25/2011,35.4963125
1/26/2011,35.0705
1/27/2011,34.008625
1/28/2011,34.83
1/31/2011,34.5393125
2/1/2011,33.7473125
2/2/2011,33.386875
2/3/2011,33.4481875
2/4/2011,33.236125
2/7/2011,32.960875
2/8/2011,32.7085
2/9/2011,32.941625
2/10/2011,33.067
2/11/2011,33.2633125
2/14/2011,33.3138125
2/15/2011,33.6476875
2/16/2011,33.804875
2/17/2011,34.3236875
2/18/2011,34.3545
2/22/2011,35.524
2/23/2011,36.6563125
2/24/2011,36.784
2/25/2011,35.8828125
2/28/2011,36.247875
3/1/2011,36.519125
3/2/2011,35.9255
3/3/2011,35.4026875
3/4/2011,35.681875
3/7/2011,36.379625
3/8/2011,35.785875
3/9/2011,36.0096875
3/10/2011,36.722
3/11/2011,36.6466875
3/14/2011,37.076
3/15/2011,37.2335
3/16/2011,38.5641875
3/17/2011,37.8241875
3/18/2011,36.7576875
3/21/2011,35.6958125
3/22/2011,35.8011875
3/23/2011,35.801125
3/24/2011,35.5005
3/25/2011,35.3125
3/28/2011,35.582875
3/29/2011,35.5655
3/30/2011,35.5875
3/31/2011,35.424125
4/1/2011,35.231875
4/4/2011,35.2131875
4/5/2011,34.9863125
4/6/2011,35.181875
4/7/2011,35.062375
4/8/2011,35.122875
4/11/2011,34.6993125
4/12/2011,34.967625
4/13/2011,35.098625
4/14/2011,35.0653125
4/15/2011,34.5973125
4/18/2011,34.9146875
4/19/2011,34.6318125
4/20/2011,34.1021875
4/21/2011,33.9958125
4/25/2011,33.583125
4/26/2011,33.127375
4/27/2011,31.9118125
4/28/2011,32.445625
4/29/2011,32.255
5/2/2011,32.8055
5/3/2011,33.4986875
5/4/2011,33.943125
5/5/2011,34.1805
5/6/2011,34.4093125
5/9/2011,34.2918125
5/10/2011,33.766
5/11/2011,34.0746875
5/12/2011,34.0246875
5/13/2011,34.3135
5/16/2011,35.581875
5/17/2011,35.7285
5/18/2011,34.9803125
5/19/2011,35.2318125
5/20/2011,34.8771875
5/23/2011,35.851875
5/24/2011,35.361875
5/25/2011,35.1785
5/26/2011,34.739375
5/27/2011,34.4311875
5/31/2011,34.2595
6/1/2011,34.8091875
6/2/2011,34.709875
6/3/2011,34.964875
6/6/2011,35.2291875
6/7/2011,35.147875
6/8/2011,35.302
6/9/2011,34.8468125
6/10/2011,35.306875
6/13/2011,35.2875
6/14/2011,34.7548125
6/15/2011,35.917375
6/16/2011,37.203625
6/17/2011,36.713625
6/20/2011,36.455125
6/21/2011,35.6125
6/22/2011,35.4003125
6/23/2011,35.939875
6/24/2011,35.7706875
6/27/2011,36.374875
6/28/2011,35.9998125
6/29/2011,35.4498125
6/30/2011,35.115
7/1/2011,34.4278125
7/5/2011,34.6988125
7/6/2011,34.3728125
7/7/2011,34.073875
7/8/2011,34.436
7/11/2011,35.3876875
7/12/2011,35.3486875
7/13/2011,35.5221875
7/14/2011,36.3445
7/15/2011,36.200125
7/18/2011,36.970625
7/19/2011,36.182125
7/20/2011,36.2856875
7/21/2011,35.666
7/22/2011,35.891
7/25/2011,36.378125
7/26/2011,36.638875
7/27/2011,36.3218125
7/28/2011,35.941625
7/29/2011,36.417
8/1/2011,37.215125
8/2/2011,36.8685
8/3/2011,37.586125
8/4/2011,38.8831875
8/5/2011,40.064625
8/8/2011,44.7745
8/9/2011,43.289625
8/10/2011,42.376
8/11/2011,42.2945
8/12/2011,40.854375
8/15/2011,40.0731875
8/16/2011,40.2276875
8/17/2011,39.836375
8/18/2011,42.884625
8/19/2011,44.7833125
8/22/2011,44.931
8/23/2011,43.9633125
8/24/2011,43.6106875
8/25/2011,43.6753125
8/26/2011,42.082625
8/29/2011,41.123125
8/30/2011,40.882125
8/31/2011,40.8893125
9/1/2011,40.691625
9/2/2011,41.777625
9/6/2011,42.2711875
9/7/2011,41.525625
9/8/2011,41.7341875
9/9/2011,43.759125
9/12/2011,44.452375
9/13/2011,43.7141875
9/14/2011,43.3888125
9/15/2011,42.7068125
9/16/2011,42.1153125
9/19/2011,43.8081875
9/20/2011,43.800625
9/21/2011,44.9098125
9/22/2011,47.6671875
9/23/2011,48.1635
9/26/2011,47.410875
9/27/2011,46.3973125
9/28/2011,47.222125
9/29/2011,49.070375
9/30/2011,49.209375
10/3/2011,51.0471875
10/4/2011,52.614
10/5/2011,49.563125
10/6/2011,48.5831875
10/7/2011,47.4973125
10/10/2011,46.014375
10/11/2011,45.8313125
10/12/2011,44.832625
10/13/2011,44.7998125
10/14/2011,43.876125
10/17/2011,44.679875
10/18/2011,44.4356875
10/19/2011,44.8951875
10/20/2011,45.3233125
10/21/2011,44.5361875
10/24/2011,43.4031875
10/25/2011,45.0246875
10/26/2011,44.5205
10/27/2011,41.56
10/28/2011,41.0908125
10/31/2011,41.647375
11/1/2011,43.128125
11/2/2011,43.336625
11/3/2011,42.5725
11/4/2011,42.280375
11/7/2011,42.397875
11/8/2011,41.688625
11/9/2011,43.9248125
11/10/2011,43.5498125
11/11/2011,42.4298125
11/14/2011,42.839375
11/15/2011,42.7481875
11/16/2011,43.1405
11/17/2011,45.7351875
11/18/2011,46.4208125
11/21/2011,47.2566875
11/22/2011,46.2771875
11/23/2011,47.122625
11/25/2011,48.000375
11/28/2011,46.527
11/29/2011,46.396875
11/30/2011,45.410625
12/1/2011,44.5345
12/2/2011,43.5815
12/5/2011,43.508375
12/6/2011,43.319375
12/7/2011,43.8753125
12/8/2011,44.275625
12/9/2011,43.243875
12/12/2011,44.1228125
12/13/2011,43.968375
12/14/2011,44.918
12/15/2011,43.9905
12/16/2011,43.222375
12/19/2011,43.081875
12/20/2011,41.9845
12/21/2011,42.314125
12/22/2011,40.912375
12/23/2011,40.672125
12/27/2011,40.725125
12/28/2011,41.3113125
12/29/2011,41.358875
12/30/2011,41.318125
1/3/2012,40.1701875
1/4/2012,40.139
1/5/2012,39.400625
1/6/2012,39.026375
1/9/2012,38.8951875
1/10/2012,38.202375
1/11/2012,38.7563125
1/12/2012,38.8085
1/13/2012,39.0485
1/17/2012,38.569875
1/18/2012,38.1531875
1/19/2012,37.763875
1/20/2012,37.0801875
1/23/2012,36.529125
1/24/2012,36.4965
1/25/2012,36.3643125
1/26/2012,35.949625
1/27/2012,36.556375
1/30/2012,37.358125
1/31/2012,37.991375
2/1/2012,36.6236875
2/2/2012,36.958625
2/3/2012,36.2486875
2/6/2012,36.2575
2/7/2012,35.8716875
2/8/2012,35.445625
2/9/2012,35.627
2/10/2012,36.739125
2/13/2012,36.2835
2/14/2012,37.318375
2/15/2012,38.0105
2/16/2012,38.261
2/17/2012,37.522125
2/21/2012,37.5228125
2/22/2012,37.5361875
2/23/2012,37.475375
2/24/2012,37.059375
2/27/2012,37.0423125
2/28/2012,36.909625
2/29/2012,37.118
3/1/2012,37.1788125
3/2/2012,37.070875
3/5/2012,37.7631875
3/6/2012,38.1971875
3/7/2012,37.6531875
3/8/2012,37.4771875
3/9/2012,36.810875
3/12/2012,36.4148125
3/13/2012,36.084125
3/14/2012,35.8246875
3/15/2012,36.2146875
3/16/2012,35.339375
3/19/2012,35.2298125
3/20/2012,35.6871875
3/21/2012,35.387625
3/22/2012,35.5133125
3/23/2012,35.386375
3/26/2012,34.468625
3/27/2012,34.707
3/28/2012,35.6235
3/29/2012,35.5526875
3/30/2012,35.266375
4/2/2012,34.6645
4/3/2012,35.0816875
4/4/2012,35.8423125
4/5/2012,35.768625
4/9/2012,36.437125
4/10/2012,37.790625
4/11/2012,37.547
4/12/2012,37.147
4/13/2012,37.1618125
4/16/2012,36.9775
4/17/2012,36.5776875
4/18/2012,36.6888125
4/19/2012,36.825625
4/20/2012,36.118625
4/23/2012,36.6333125
4/24/2012,36.330625
4/25/2012,36.0181875
4/26/2012,36.1261875
4/27/2012,35.670375
4/30/2012,35.3921875
5/1/2012,35.2388125
5/2/2012,35.309375
5/3/2012,35.3395
5/4/2012,35.768625
5/7/2012,35.754625
5/8/2012,36.515875
5/9/2012,36.7135
5/10/2012,36.266125
5/11/2012,36.4208125
5/14/2012,36.7973125
5/15/2012,37.1385
5/16/2012,37.939375
5/17/2012,39.314375
5/18/2012,40.6703125
5/21/2012,38.8621875
5/22/2012,38.9135
5/23/2012,39.6646875
5/24/2012,40.5536875
5/25/2012,39.835875
5/29/2012,39.5633125
5/30/2012,40.1653125
5/31/2012,40.0571875
6/1/2012,41.366625
6/4/2012,40.9236875
6/5/2012,40.358875
6/6/2012,39.357
6/7/2012,38.385375
6/8/2012,38.3641875
6/11/2012,38.556875
6/12/2012,38.8975
6/13/2012,39.379375
6/14/2012,39.629125
6/15/2012,38.5686875
6/18/2012,37.0403125
6/19/2012,36.0981875
6/20/2012,36.3058125
6/21/2012,36.999125
6/22/2012,36.742875
6/25/2012,37.1601875
6/26/2012,36.9198125
6/27/2012,37.055375
6/28/2012,37.4073125
6/29/2012,36.034875
7/2/2012,35.7796875
7/3/2012,35.2323125
7/5/2012,35.4146875
7/6/2012,35.664625
7/9/2012,35.653
7/10/2012,35.945625
7/11/2012,36.155625
7/12/2012,36.0296875
7/13/2012,35.1028125
7/16/2012,35.1343125
7/17/2012,34.429375
7/18/2012,34.4886875
7/19/2012,34.857375
7/20/2012,35.0338125
7/23/2012,35.5371875
7/24/2012,36.1436875
7/25/2012,36.734125
7/26/2012,37.3725
7/27/2012,35.4458125
7/30/2012,35.474375
7/31/2012,35.8593125
8/1/2012,35.863625
8/2/2012,35.9751875
8/3/2012,35.2311875
8/6/2012,34.8193125
8/7/2012,34.3833125
8/8/2012,34.863375
8/9/2012,34.327
8/10/2012,33.9568125
8/13/2012,33.9368125
8/14/2012,33.922625
8/15/2012,33.8495
8/16/2012,34.089625
8/17/2012,33.8361875
8/20/2012,34.8448125
8/21/2012,35.1081875
8/22/2012,36.2486875
8/23/2012,36.7931875
8/24/2012,36.7578125
8/27/2012,36.7528125
8/28/2012,36.94
8/29/2012,36.9678125
8/30/2012,37.8493125
8/31/2012,37.6198125
9/4/2012,37.9465
9/5/2012,37.6931875
9/6/2012,37.0051875
9/7/2012,36.5881875
9/10/2012,36.045625
9/11/2012,36.345875
9/12/2012,36.2495
9/13/2012,35.506875
9/14/2012,35.524375
9/17/2012,35.5428125
9/18/2012,35.324875
9/19/2012,34.762625
9/20/2012,34.885375
9/21/2012,34.624375
9/24/2012,34.824625
9/25/2012,34.749625
9/26/2012,35.4108125
9/27/2012,35.0168125
9/28/2012,35.154
10/1/2012,35.1241875
10/2/2012,35.236375
10/3/2012,34.7921875
10/4/2012,34.570625
10/5/2012,34.291625
10/8/2012,34.6541875
10/9/2012,35.3273125
10/10/2012,35.5856875
10/11/2012,35.3025
10/12/2012,35.024625
10/15/2012,34.399875
10/16/2012,33.9338125
10/17/2012,33.8243125
10/18/2012,34.5376875
10/19/2012,34.9361875
10/22/2012,35.776875
10/23/2012,35.916625
10/24/2012,35.945125
10/25/2012,36.641375
10/26/2012,35.2811875
10/31/2012,35.688
11/1/2012,35.3121875
11/2/2012,34.987125
11/5/2012,35.1031875
11/6/2012,34.676125
11/7/2012,35.2695
11/8/2012,35.3346875
11/9/2012,35.2991875
11/12/2012,35.1446875
11/13/2012,34.648625
11/14/2012,34.684875
11/15/2012,35.5433125
11/16/2012,35.6138125
11/19/2012,34.745375
11/20/2012,34.477
11/21/2012,33.9808125
11/23/2012,34.190125
11/26/2012,34.023625
11/27/2012,33.7071875
11/28/2012,33.561625
11/29/2012,33.2116875
11/30/2012,33.284125
12/3/2012,33.4926875
12/4/2012,34.1661875
12/5/2012,33.875625
12/6/2012,33.8825
12/7/2012,33.807
12/10/2012,34.2185
12/11/2012,33.690375
12/12/2012,33.594625
12/13/2012,34.086625
12/14/2012,34.454875
12/17/2012,34.040125
12/18/2012,33.9675
12/19/2012,34.081375
12/20/2012,33.8753125
12/21/2012,34.17
12/24/2012,33.917125
12/26/2012,34.5121875
12/27/2012,35.123375
12/28/2012,35.0581875
12/31/2012,34.713875
1/2/2013,33.2276875
1/3/2013,33.132875
1/4/2013,32.4741875
1/7/2013,32.6388125
1/8/2013,32.827375
1/9/2013,32.712375
1/10/2013,32.7968125
1/11/2013,32.831
1/14/2013,32.951125
1/15/2013,32.669625
1/16/2013,32.661625
1/17/2013,32.6865
1/18/2013,32.573625
1/22/2013,32.096125
1/23/2013,32.0146875
1/24/2013,32.1425
1/25/2013,31.8561875
1/28/2013,32.0403125
1/29/2013,33.128375
1/30/2013,31.2015
1/31/2013,31.341375
2/1/2013,31.432
2/4/2013,31.764375
2/5/2013,31.775125
2/6/2013,32.0706875
2/7/2013,32.068
2/8/2013,32.119
2/11/2013,32.3971875
2/12/2013,32.0136875
2/13/2013,31.845625
2/14/2013,31.5495
2/15/2013,31.612375
2/19/2013,31.7478125
2/20/2013,31.531875
2/21/2013,32.0733125
2/22/2013,31.7703125
2/25/2013,31.9991875
2/26/2013,32.753
2/27/2013,32.000625
2/28/2013,31.9376875
3/1/2013,31.9163125
3/4/2013,31.702625
3/5/2013,31.4516875
3/6/2013,31.288875
3/7/2013,31.453375
3/8/2013,31.216
3/11/2013,31.148875
3/12/2013,31.2751875
3/13/2013,31.3251875
3/14/2013,31.3005
3/15/2013,31.122625
3/18/2013,31.431125
3/19/2013,32.090875
3/20/2013,31.954125
3/21/2013,32.062875
3/22/2013,31.812625
3/25/2013,31.663
3/26/2013,31.4568125
3/27/2013,31.282875
3/28/2013,31.0718125
4/1/2013,31.1366875
4/2/2013,31.0165
4/3/2013,31.103875
4/4/2013,31.2731875
4/5/2013,31.653875
4/8/2013,31.417625
4/9/2013,31.171875
4/10/2013,31.3183125
4/11/2013,31.2556875
4/12/2013,31.267
4/15/2013,31.879625
4/16/2013,31.808375
4/17/2013,32.342875
4/18/2013,33.111375
4/19/2013,32.394625
4/22/2013,32.1511875
4/23/2013,32.444
4/24/2013,32.6321875
4/25/2013,32.1875
4/26/2013,31.284375
4/29/2013,31.9851875
4/30/2013,31.5701875
5/1/2013,32.2115
5/2/2013,31.995625
5/3/2013,31.3406875
5/6/2013,31.4785
5/7/2013,31.047125
5/8/2013,30.936375
5/9/2013,30.602
5/10/2013,30.6611875
5/13/2013,30.6973125
5/14/2013,30.4601875
5/15/2013,30.920625
5/16/2013,31.0758125
5/17/2013,31.043125
5/20/2013,31.257625
5/21/2013,31.1645
5/22/2013,31.1686875
5/23/2013,31.2696875
5/24/2013,31.2793125
5/28/2013,31.393875
5/29/2013,31.445375
5/30/2013,31.3081875
5/31/2013,31.3285
6/3/2013,31.641625
6/4/2013,31.844
6/5/2013,32.012625
6/6/2013,32.2083125
6/7/2013,31.662875
6/10/2013,32.424625
6/11/2013,32.5605
6/12/2013,32.9578125
6/13/2013,32.836875
6/14/2013,32.9333125
6/17/2013,32.787875
6/18/2013,32.330625
6/19/2013,32.137625
6/20/2013,33.0451875
6/21/2013,31.6605
6/24/2013,31.9601875
6/25/2013,31.514625
6/26/2013,31.0215
6/27/2013,31.302375
6/28/2013,31.106
7/1/2013,31.297625
7/2/2013,31.012125
7/3/2013,30.7326875
7/5/2013,30.6153125
7/8/2013,30.297
7/9/2013,29.7663125
7/10/2013,29.507
7/11/2013,29.243125
7/12/2013,29.441625
7/15/2013,29.5101875
7/16/2013,29.2423125
7/17/2013,29.058375
7/18/2013,28.8278125
7/19/2013,28.7538125
7/22/2013,28.694375
7/23/2013,28.673875
7/24/2013,28.9726875
7/25/2013,29.199625
7/26/2013,28.175625
7/29/2013,28.1621875
7/30/2013,28.542
7/31/2013,28.466
8/1/2013,28.437125
8/2/2013,28.135125
8/5/2013,28.2576875
8/6/2013,28.2803125
8/7/2013,28.452125
8/8/2013,28.4618125
8/9/2013,28.3045
8/12/2013,28.326125
8/13/2013,28.294
8/14/2013,28.3676875
8/15/2013,28.840375
8/16/2013,28.848375
8/19/2013,28.7238125
8/20/2013,28.606875
8/21/2013,29.0818125
8/22/2013,29.153
8/23/2013,29.2668125
8/26/2013,29.585
8/27/2013,30.176125
8/28/2013,30.0356875
8/29/2013,29.973875
8/30/2013,30.428375
9/3/2013,30.3676875
9/4/2013,30.1825
9/5/2013,30.156
9/6/2013,30.196375
9/9/2013,29.972625
9/10/2013,29.709125
9/11/2013,29.474625
9/12/2013,29.4761875
9/13/2013,29.4378125
9/16/2013,29.251875
9/17/2013,29.1416875
9/18/2013,28.4683125
9/19/2013,28.5146875
9/20/2013,28.7013125
9/23/2013,28.8488125
9/24/2013,28.7603125
9/25/2013,28.9483125
9/26/2013,28.984375
9/27/2013,28.9695
9/30/2013,29.227875
10/1/2013,29.082625
10/2/2013,29.5363125
10/3/2013,30.0556875
10/4/2013,30.043
10/7/2013,30.2995
10/8/2013,31.281
10/9/2013,31.5956875
10/10/2013,31.068625
10/11/2013,30.6881875
10/14/2013,30.6795
10/15/2013,30.749125
10/16/2013,30.3563125
10/17/2013,29.929125
10/18/2013,29.424375
10/21/2013,30.042375
10/22/2013,29.877375
10/23/2013,30.277125
10/24/2013,30.1911875
10/25/2013,29.4236875
10/28/2013,29.630625
10/29/2013,29.781
10/30/2013,29.839
10/31/2013,29.8018125
11/1/2013,30.0305
11/4/2013,29.837
11/5/2013,29.939
11/6/2013,30.457125
11/7/2013,30.713125
11/8/2013,30.5483125
11/11/2013,30.4056875
11/12/2013,30.4935
11/13/2013,30.500375
11/14/2013,30.287375
11/15/2013,30.448875
11/18/2013,30.505375
11/19/2013,30.880375
11/20/2013,30.9388125
11/21/2013,30.9325
11/22/2013,30.866625
11/25/2013,30.6818125
11/26/2013,30.8146875
11/27/2013,30.7508125
11/29/2013,30.9881875
12/2/2013,31.4431875
12/3/2013,31.599375
12/4/2013,31.708875
12/5/2013,31.9268125
12/6/2013,31.76
12/9/2013,31.685
12/10/2013,31.6923125
12/11/2013,31.805625
12/12/2013,31.959
12/13/2013,32.0466875
12/16/2013,32.0515
12/17/2013,32.189375
12/18/2013,32.067375
12/19/2013,31.9398125
12/20/2013,32.0565
12/23/2013,31.8075
12/24/2013,31.774875
12/26/2013,31.659625
12/27/2013,31.5883125
12/30/2013,31.654875
12/31/2013,31.661375
1/2/2014,31.8156875
1/3/2014,31.1716875
1/6/2014,30.7233125
1/7/2014,29.9558125
1/8/2014,29.858625
1/9/2014,29.707125
1/10/2014,29.729875
1/13/2014,30.5568125
1/14/2014,31.370875
1/15/2014,30.8375
1/16/2014,30.7421875
1/17/2014,30.8148125
1/21/2014,30.753375
1/22/2014,30.5085
1/23/2014,30.7381875
1/24/2014,31.0635
1/27/2014,30.751875
1/28/2014,31.0091875
1/29/2014,31.681875
1/30/2014,31.766125
1/31/2014,31.258
2/3/2014,32.212375
2/4/2014,31.1248125
2/5/2014,31.234875
2/6/2014,31.087
2/7/2014,30.947875
2/10/2014,30.3623125
2/11/2014,30.1108125
2/12/2014,30.573625
2/13/2014,29.851875
2/14/2014,29.7108125
2/18/2014,29.530375
2/19/2014,29.7311875
2/20/2014,29.7991875
2/21/2014,27.7935
2/24/2014,29.336875
2/25/2014,29.741625
2/26/2014,29.6066875
2/27/2014,29.4303125
2/28/2014,29.3611875
3/3/2014,29.7915
3/4/2014,29.3885
3/5/2014,29.375
3/6/2014,29.1121875
3/7/2014,28.961125
3/10/2014,29.0461875
3/11/2014,29.131125
3/12/2014,29.0448125
3/13/2014,29.3235
3/14/2014,29.234625
3/17/2014,29.4393125
3/18/2014,29.3796875
3/19/2014,29.787625
3/20/2014,29.874625
3/21/2014,29.6508125
3/24/2014,30.281375
3/25/2014,30.206625
3/26/2014,30.3795
3/27/2014,30.731125
3/28/2014,30.6515
3/31/2014,30.680375
4/1/2014,30.4313125
4/2/2014,30.386375
4/3/2014,30.9583125
4/4/2014,31.407
4/7/2014,31.071875
4/8/2014,30.014625
4/9/2014,30.805625
4/10/2014,32.2205
4/11/2014,32.181375
4/14/2014,32.0411875
4/15/2014,31.8113125
4/16/2014,31.2838125
4/17/2014,30.6453125
4/21/2014,30.862875
4/22/2014,30.883125
4/23/2014,30.9123125
4/24/2014,30.6601875
4/25/2014,30.8155
4/28/2014,31.8026875
4/29/2014,31.245125
4/30/2014,30.956625
5/1/2014,30.922125
5/2/2014,30.818875
5/5/2014,30.6776875
5/6/2014,30.6863125
5/7/2014,31.063375
5/8/2014,31.402875
5/9/2014,30.836625
5/12/2014,30.3333125
5/13/2014,30.2326875
5/14/2014,30.014125
5/15/2014,29.854875
5/16/2014,30.0575
5/19/2014,29.6301875
5/20/2014,29.1896875
5/21/2014,29.1586875
5/22/2014,29.2538125
5/23/2014,29.031125
5/27/2014,28.849125
5/28/2014,28.9373125
5/29/2014,29.2633125
5/30/2014,29.3021875
6/2/2014,29.7516875
6/3/2014,29.749
6/4/2014,29.720375
6/5/2014,30.477625
6/6/2014,30.517875
6/9/2014,30.471125
6/10/2014,30.1856875
6/11/2014,30.433
6/12/2014,30.7268125
6/13/2014,30.8946875
6/16/2014,31.1853125
6/17/2014,30.9875
6/18/2014,31.1945
6/19/2014,31.1888125
6/20/2014,30.8638125
6/23/2014,30.908625
6/24/2014,30.825125
6/25/2014,30.928
6/26/2014,30.543875
6/27/2014,30.496375
6/30/2014,30.5846875
7/1/2014,30.096
7/2/2014,30.009125
7/3/2014,30.229
7/7/2014,29.713125
7/8/2014,30.025875
7/9/2014,30.306875
7/10/2014,30.0328125
7/11/2014,29.7281875
7/14/2014,29.6728125
7/15/2014,29.3511875
7/16/2014,29.2635
7/17/2014,29.3645
7/18/2014,29.759125
7/21/2014,29.814125
7/22/2014,28.832375
7/23/2014,29.083375
7/24/2014,29.4473125
7/25/2014,29.3051875
7/28/2014,29.120375
7/29/2014,29.24
7/30/2014,29.5471875
7/31/2014,30.3363125
8/1/2014,31.309875
8/4/2014,30.356875
8/5/2014,30.7566875
8/6/2014,31.0545
8/7/2014,30.8475
8/8/2014,30.809375
8/11/2014,30.664875
8/12/2014,30.706
8/13/2014,30.1878125
8/14/2014,29.7741875
8/15/2014,29.8275
8/18/2014,29.5003125
8/19/2014,29.110875
8/20/2014,29.157625
8/21/2014,28.8858125
8/22/2014,28.5371875
8/25/2014,28.9921875
8/26/2014,28.708375
8/27/2014,28.9116875
8/28/2014,28.622125
8/29/2014,28.939625
9/2/2014,28.4625
9/3/2014,28.921875
9/4/2014,28.7588125
9/5/2014,28.803625
9/8/2014,28.881625
9/9/2014,29.1306875
9/10/2014,29.840125
9/11/2014,29.8383125
9/12/2014,29.7555
9/15/2014,30.4455
9/16/2014,30.4693125
9/17/2014,30.1125
9/18/2014,30.024625
9/19/2014,29.4295
9/22/2014,29.878875
9/23/2014,29.517875
9/24/2014,29.636875
9/25/2014,29.538875
9/26/2014,29.497625
9/29/2014,29.387125
9/30/2014,29.824625
10/1/2014,30.3403125
10/2/2014,29.598375
10/3/2014,29.129375
10/6/2014,29.155625
10/7/2014,29.6081875
10/8/2014,29.2836875
10/9/2014,29.7793125
10/10/2014,29.8295
10/13/2014,31.1301875
10/14/2014,31.177125
10/15/2014,31.687875
10/16/2014,31.542875
10/17/2014,30.633375
10/20/2014,30.153375
10/21/2014,29.8285
10/22/2014,29.2553125
10/23/2014,29.5876875
10/24/2014,29.1016875
10/27/2014,29.2186875
10/28/2014,28.1301875
10/29/2014,29.1045
10/30/2014,28.923625
10/31/2014,28.193625
11/3/2014,27.998125
11/4/2014,28.3986875
11/5/2014,28.8716875
11/6/2014,28.909875
11/7/2014,29.0538125
11/10/2014,28.7985
11/11/2014,28.5775
11/12/2014,28.9895
11/13/2014,29.598
11/14/2014,29.9908125
11/17/2014,30.378625
11/18/2014,30.784875
11/19/2014,30.5233125
11/20/2014,30.291
11/21/2014,30.3191875
11/24/2014,29.6411875
11/25/2014,29.4661875
11/26/2014,29.888375
11/28/2014,30.0006875
12/1/2014,30.1183125
12/2/2014,29.9196875
12/3/2014,30.3156875
12/4/2014,30.468875
12/5/2014,30.5493125
12/8/2014,30.9628125
12/9/2014,31.277125
12/10/2014,31.6086875
12/11/2014,31.896875
12/12/2014,32.9386875
12/15/2014,32.9153125
12/16/2014,32.988625
12/17/2014,33.2085
12/18/2014,32.672375
12/19/2014,32.8321875
12/22/2014,31.377875
12/23/2014,30.958875
12/24/2014,31.2303125
12/26/2014,31.409625
12/29/2014,30.8555
12/30/2014,30.5411875
12/31/2014,30.4793125
1/2/2015,31.515875
1/5/2015,31.854
1/6/2015,31.658375
1/7/2015,32.035375
1/8/2015,30.555
1/9/2015,30.6196875
1/12/2015,30.7236875
1/13/2015,31.739125
1/14/2015,31.943625
1/15/2015,31.752
1/16/2015,30.804
1/20/2015,31.4613125
1/21/2015,30.6233125
1/22/2015,29.363875
1/23/2015,29.9636875
1/26/2015,30.7198125
1/27/2015,30.4773125
1/28/2015,31.8303125
1/29/2015,30.7845
1/30/2015,30.9756875
2/2/2015,31.348375
2/3/2015,30.5708125
2/4/2015,30.7383125
2/5/2015,30.5526875
2/6/2015,30.588875
2/9/2015,30.571125
2/10/2015,30.719375
2/11/2015,31.027
2/12/2015,30.563
2/13/2015,30.3545
2/17/2015,30.4551875
2/18/2015,30.4885
2/19/2015,30.616125
2/20/2015,30.218625
2/23/2015,30.303625
2/24/2015,29.9755
2/25/2015,29.7565
2/26/2015,29.854
2/27/2015,29.623125
3/2/2015,29.753125
3/3/2015,29.991375
3/4/2015,29.8331875
3/5/2015,29.8053125
3/6/2015,30.1198125
3/9/2015,30.0078125
3/10/2015,30.4886875
3/11/2015,30.444125
3/12/2015,30.299
3/13/2015,30.033125
3/16/2015,30.2035
3/17/2015,30.1458125
3/18/2015,29.9313125
3/19/2015,29.8116875
3/20/2015,29.5935
3/23/2015,29.4435
3/24/2015,29.497
3/25/2015,29.584625
3/26/2015,29.9515
3/27/2015,29.609375
3/30/2015,29.758125
3/31/2015,29.6491875
4/1/2015,30.2653125
4/2/2015,29.8748125
4/6/2015,30.016625
4/7/2015,29.856125
4/8/2015,29.6736875
4/9/2015,30.1293125
4/10/2015,30.04
4/13/2015,30.0943125
4/14/2015,30.096125
4/15/2015,29.873875
4/16/2015,30.0878125
4/17/2015,30.5805
4/20/2015,31.0125
4/21/2015,30.637625
4/22/2015,30.504875
4/23/2015,30.5123125
4/24/2015,28.988125
4/27/2015,28.9625
4/28/2015,29.171875
4/29/2015,29.6461875
4/30/2015,29.757625
5/1/2015,29.911375
5/4/2015,29.654375
5/5/2015,29.7366875
5/6/2015,30.2055
5/7/2015,30.1356875
5/8/2015,29.7593125
5/11/2015,29.763875
5/12/2015,29.9461875
5/13/2015,30.253375
5/14/2015,29.8958125
5/15/2015,30.0123125
5/18/2015,29.9585
5/19/2015,29.955125
5/20/2015,30.218625
5/21/2015,29.856375
5/22/2015,30.1621875
5/26/2015,30.2948125
5/27/2015,30.094125
5/28/2015,30.399125
5/29/2015,30.558125
6/1/2015,29.9103125
6/2/2015,30.041
6/3/2015,30.288625
6/4/2015,30.1426875
6/5/2015,30.607375
6/8/2015,30.719375
6/9/2015,30.7416875
6/10/2015,30.3328125
6/11/2015,30.3618125
6/12/2015,30.194875
6/15/2015,30.705875
6/16/2015,30.531375
6/17/2015,30.591125
6/18/2015,30.334375
6/19/2015,30.030375
6/22/2015,29.841375
6/23/2015,30.047125
6/24/2015,29.6958125
6/25/2015,29.7075
6/26/2015,30.295125
6/29/2015,31.267625
6/30/2015,30.858875
7/1/2015,30.7018125
7/2/2015,30.5926875
7/6/2015,30.676875
7/7/2015,30.6481875
7/8/2015,31.400875
7/9/2015,31.328125
7/10/2015,30.9868125
7/13/2015,30.584875
7/14/2015,30.3365
7/15/2015,29.8505
7/16/2015,29.9421875
7/17/2015,30.2641875
7/20/2015,31.504125
7/21/2015,31.9913125
7/22/2015,31.8363125
7/23/2015,32.0171875
7/24/2015,31.5868125
7/27/2015,31.6168125
7/28/2015,30.9781875
7/29/2015,31.175
7/30/2015,31.3985
7/31/2015,31.346625
8/3/2015,31.3663125
8/4/2015,31.3276875
8/5/2015,31.8423125
8/6/2015,32.5006875
8/7/2015,32.4443125
8/10/2015,31.907
8/11/2015,32.2788125
8/12/2015,32.5281875
8/13/2015,32.735
8/14/2015,32.7128125
8/17/2015,32.777
8/18/2015,32.7516875
8/19/2015,32.8143125
8/20/2015,33.947125
8/21/2015,35.239875
8/24/2015,38.990375
8/25/2015,37.527875
8/26/2015,36.2045
8/27/2015,35.6641875
8/28/2015,35.373
8/31/2015,35.250875
9/1/2015,37.764125
9/2/2015,37.194125
9/3/2015,36.7196875
9/4/2015,37.8773125
9/8/2015,37.0831875
9/9/2015,36.838375
9/10/2015,36.5953125
9/11/2015,36.647
9/14/2015,36.2541875
9/15/2015,35.758
9/16/2015,35.0045
9/17/2015,34.5823125
9/18/2015,33.7298125
9/21/2015,33.5195
9/22/2015,34.112
9/23/2015,34.062
9/24/2015,34.1675
9/25/2015,34.1475
9/28/2015,36.8146875
9/29/2015,38.3536875
9/30/2015,37.221
10/1/2015,37.2111875
10/2/2015,35.9936875
10/5/2015,35.052
10/6/2015,36.2323125
10/7/2015,35.443
10/8/2015,36.564625
10/9/2015,36.849375
10/12/2015,35.778375
10/13/2015,35.6805
10/14/2015,35.5183125
10/15/2015,34.07
10/16/2015,33.8878125
10/19/2015,33.727
10/20/2015,33.5613125
10/21/2015,34.8601875
10/22/2015,33.6281875
10/23/2015,32.1923125
10/26/2015,31.5376875
10/27/2015,30.9275
10/28/2015,31.355125
10/29/2015,31.335375
10/30/2015,31.7438125
11/2/2015,31.890125
11/3/2015,32.2621875
11/4/2015,31.809375
11/5/2015,32.5581875
11/6/2015,32.9646875
11/9/2015,33.5348125
11/10/2015,33.655625
11/11/2015,33.5071875
11/12/2015,33.23
11/13/2015,34.1451875
11/16/2015,34.6318125
11/17/2015,34.4838125
11/18/2015,34.2458125
11/19/2015,34.0091875
11/20/2015,34.1335
11/23/2015,34.3038125
11/24/2015,34.554875
11/25/2015,34.472875
11/27/2015,34.403875
11/30/2015,34.41
12/1/2015,34.0575
12/2/2015,33.597
12/3/2015,33.863
12/4/2015,33.670125
12/7/2015,33.9408125
12/8/2015,34.2708125
12/9/2015,34.6956875
12/10/2015,34.632625
12/11/2015,35.803625
12/14/2015,36.7536875
12/15/2015,35.4556875
12/16/2015,34.6395
12/17/2015,34.6316875
12/18/2015,34.8883125
12/21/2015,34.765625
12/22/2015,34.273625
12/23/2015,33.894125
12/24/2015,33.619875
12/28/2015,34.3723125
12/29/2015,34.1006875
12/30/2015,33.834125
12/31/2015,34.4286875
1/4/2016,35.9155
1/5/2016,36.440875
1/6/2016,35.772375
1/7/2016,36.7376875
1/8/2016,36.2048125
1/11/2016,36.0491875
1/12/2016,35.7996875
1/13/2016,36.3226875
1/14/2016,36.477125
1/15/2016,36.705875
1/19/2016,36.9606875
1/20/2016,37.374
1/21/2016,36.6866875
1/22/2016,35.5248125
1/25/2016,36.8113125
1/26/2016,36.667625
1/27/2016,37.9793125
1/28/2016,38.628125
1/29/2016,36.2423125
2/1/2016,36.1463125
2/2/2016,36.3833125
2/3/2016,36.7436875
2/4/2016,36.801
2/5/2016,37.654625
2/8/2016,39.309
2/9/2016,38.9863125
2/10/2016,39.0721875
2/11/2016,39.836375
2/12/2016,38.755625
2/16/2016,37.603375
2/17/2016,37.6278125
2/18/2016,37.7403125
2/19/2016,36.827625
2/22/2016,36.738
2/23/2016,37.136875
2/24/2016,37.264125
2/25/2016,37.2941875
2/26/2016,37.2548125
2/29/2016,36.939375
3/1/2016,36.093375
3/2/2016,35.5318125
3/3/2016,35.344
3/4/2016,35.0421875
3/7/2016,35.602875
3/8/2016,36.2481875
3/9/2016,35.907625
3/10/2016,36.6045
3/11/2016,35.222375
3/14/2016,34.7663125
3/15/2016,34.8791875
3/16/2016,34.369125
3/17/2016,35.1586875
3/18/2016,35.156875
3/21/2016,35.075375
3/22/2016,34.7195
3/23/2016,35.190625
3/24/2016,34.89
3/28/2016,35.320625
3/29/2016,34.5131875
3/30/2016,33.848875
3/31/2016,33.679375
4/1/2016,33.5056875
4/4/2016,33.5515
4/5/2016,33.757875
4/6/2016,33.7808125
4/7/2016,34.2846875
4/8/2016,34.2015
4/11/2016,34.1911875
4/12/2016,34.090625
4/13/2016,33.4855
4/14/2016,32.999125
4/15/2016,32.794625
4/18/2016,32.230125
4/19/2016,32.366875
4/20/2016,32.102
4/21/2016,32.015875
4/22/2016,32.304125
4/25/2016,32.4746875
4/26/2016,32.7465
4/27/2016,33.0233125
4/28/2016,32.820125
4/29/2016,31.7636875
5/2/2016,31.2218125
5/3/2016,32.1235
5/4/2016,32.519625
5/5/2016,34.220625
5/6/2016,33.660375
5/9/2016,33.415875
5/10/2016,32.854625
5/11/2016,33.517625
5/12/2016,34.0263125
5/13/2016,33.6428125
5/16/2016,33.5171875
5/17/2016,33.9603125
5/18/2016,33.772375
5/19/2016,33.979625
5/20/2016,33.5093125
5/23/2016,33.4003125
5/24/2016,33.051
5/25/2016,32.797875
5/26/2016,32.630125
5/27/2016,32.3148125
5/31/2016,32.475375
6/1/2016,32.828375
6/2/2016,33.283875
6/3/2016,33.133
6/6/2016,33.1133125
6/7/2016,33.1568125
6/8/2016,32.852875
6/9/2016,33.079625
6/10/2016,33.634375
6/13/2016,34.285875
6/14/2016,34.116625
6/15/2016,33.985125
6/16/2016,34.191875
6/17/2016,34.303
6/20/2016,32.7618125
6/21/2016,32.658875
6/22/2016,32.3496875
6/23/2016,31.3888125
6/24/2016,33.4028125
6/27/2016,33.978875
6/28/2016,33.0525
6/29/2016,32.585
6/30/2016,32.5613125
7/1/2016,32.5213125
7/5/2016,33.0348125
7/6/2016,33.0701875
7/7/2016,33.0011875
7/8/2016,31.8918125
7/11/2016,31.318875
7/12/2016,31.5725
7/13/2016,31.6156875
7/14/2016,31.1966875
7/15/2016,31.3295
7/18/2016,31.038125
7/19/2016,31.0198125
7/20/2016,30.894
7/21/2016,31.253625
7/22/2016,31.3108125
7/25/2016,31.217125
7/26/2016,31.299375
7/27/2016,31.5653125
7/28/2016,31.574875
7/29/2016,29.6058125
8/1/2016,29.5471875
8/2/2016,29.6073125
8/3/2016,29.764625
8/4/2016,29.7746875
8/5/2016,29.8273125
8/8/2016,29.664125
8/9/2016,29.627
8/10/2016,29.697125
8/11/2016,29.4525
8/12/2016,29.5218125
8/15/2016,29.537125
8/16/2016,29.744375
8/17/2016,29.9221875
8/18/2016,29.850875
8/19/2016,29.827125
8/22/2016,29.657875
8/23/2016,29.3825
8/24/2016,29.712875
8/25/2016,29.9008125
8/26/2016,29.8981875
8/29/2016,29.5605
8/30/2016,29.271625
8/31/2016,29.2325
9/1/2016,29.0323125
9/2/2016,28.801
9/6/2016,28.789125
9/7/2016,28.6646875
9/8/2016,28.233
9/9/2016,28.917375
9/12/2016,28.8975
9/13/2016,29.484125
9/14/2016,29.5428125
9/15/2016,29.120625
9/16/2016,29.0586875
9/19/2016,28.8863125
9/20/2016,28.716625
9/21/2016,29.002125
9/22/2016,28.6286875
9/23/2016,28.786625
9/26/2016,29.2048125
9/27/2016,28.9055
9/28/2016,29.2451875
9/29/2016,29.6435
9/30/2016,29.4916875
10/3/2016,29.484
10/4/2016,29.557125
10/5/2016,29.728375
10/6/2016,29.8495
10/7/2016,29.793875
10/10/2016,29.7055
10/11/2016,30.124
10/12/2016,30.1575
10/13/2016,30.5173125
10/14/2016,30.21
10/17/2016,30.5051875
10/18/2016,30.501625
10/19/2016,30.600375
10/20/2016,30.3888125
10/21/2016,30.5508125
10/24/2016,30.2123125
10/25/2016,30.3983125
10/26/2016,30.5986875
10/27/2016,30.373
10/28/2016,29.3981875
10/31/2016,28.6163125
11/1/2016,29.433375
11/2/2016,29.6281875
11/3/2016,29.7801875
11/4/2016,29.8541875
11/7/2016,29.218875
11/8/2016,29.1978125
11/9/2016,29.244
11/10/2016,30.88
11/11/2016,30.9828125
11/14/2016,31.8611875
11/15/2016,30.28
11/16/2016,30.0661875
11/17/2016,29.686875
11/18/2016,29.224875
11/21/2016,29.142125
11/22/2016,29.310375
11/23/2016,30.2311875
11/25/2016,29.825875
11/28/2016,30.487875
11/29/2016,30.254
11/30/2016,30.5823125
12/1/2016,31.048875
12/2/2016,30.7568125
12/5/2016,29.935
12/6/2016,29.759625
12/7/2016,29.765375
12/8/2016,29.714875
12/9/2016,30.042125
12/12/2016,29.907
12/13/2016,30.0141875
12/14/2016,30.7223125
12/15/2016,30.390125
12/16/2016,30.4323125
12/19/2016,29.9108125
12/20/2016,29.646875
12/21/2016,29.5648125
12/22/2016,30.284125
12/23/2016,30.109875
12/27/2016,29.929125
12/28/2016,30.051625
12/29/2016,30.073
12/30/2016,30.674375
1/3/2017,29.9285
1/4/2017,29.5628125
1/5/2017,29.1875
1/6/2017,29.169
1/9/2017,29.3658125
1/10/2017,29.476125
1/11/2017,29.6135
1/12/2017,29.4806875
1/13/2017,29.285125
1/17/2017,29.351125
1/18/2017,29.1215
1/19/2017,29.377625
1/20/2017,29.3886875
1/23/2017,29.2033125
1/24/2017,28.6971875
1/25/2017,28.0985
1/26/2017,28.381875
1/27/2017,28.716875
1/30/2017,29.159625
1/31/2017,29.521875
2/1/2017,28.9558125
2/2/2017,28.819
2/3/2017,28.098625
2/6/2017,27.389125
2/7/2017,27.0253125
2/8/2017,27.195125
2/9/2017,26.771375
2/10/2017,26.3005
2/13/2017,26.1685
2/14/2017,26.2165
2/15/2017,25.9535
2/16/2017,26.290875
2/17/2017,26.574375
2/21/2017,26.3076875
2/22/2017,26.2143125
2/23/2017,26.208375
2/24/2017,26.472
2/27/2017,26.348125
2/28/2017,26.342125
3/1/2017,26.2835
3/2/2017,26.4386875
3/3/2017,26.572625
3/6/2017,26.730625
3/7/2017,26.5631875
3/8/2017,26.4253125
3/9/2017,26.453
3/10/2017,26.1216875
3/13/2017,26.1086875
3/14/2017,25.9131875
3/15/2017,25.8036875
3/16/2017,25.748
3/17/2017,25.6391875
3/20/2017,25.626375
3/21/2017,25.886875
3/22/2017,25.607625
3/23/2017,25.148
3/24/2017,24.980875
3/27/2017,25.142375
3/28/2017,24.939625
3/29/2017,24.831875
3/30/2017,24.8245
3/31/2017,24.8551875
4/3/2017,25.037625
4/4/2017,25.074625
4/5/2017,25.187875
4/6/2017,25.084375
4/7/2017,24.9266875
4/10/2017,25.360125
4/11/2017,25.472875
4/12/2017,25.9095
4/13/2017,25.5573125
4/17/2017,25.562625
4/18/2017,25.4976875
4/19/2017,25.600375
4/20/2017,25.4348125
4/21/2017,25.577875
4/24/2017,25.1006875
4/25/2017,25.1573125
4/26/2017,25.144625
4/27/2017,25.0701875
4/28/2017,24.006875
5/1/2017,24.0836875
5/2/2017,24.087
5/3/2017,24.353625
5/4/2017,24.322375
5/5/2017,24.4576875
5/8/2017,25.051875
5/9/2017,25.2643125
5/10/2017,25.515375
5/11/2017,25.516625
5/12/2017,25.498625
5/15/2017,26.097375
5/16/2017,25.9426875
5/17/2017,26.4478125
5/18/2017,26.8108125
5/19/2017,26.002375
5/22/2017,26.4616875
5/23/2017,26.5588125
5/24/2017,26.8345
5/25/2017,25.8265
5/26/2017,25.6613125
5/30/2017,26.1383125
5/31/2017,25.7951875
6/1/2017,25.798625
6/2/2017,25.4835
6/5/2017,25.5745
6/6/2017,25.6036875
6/7/2017,25.286
6/8/2017,25.6286875
6/9/2017,26.744625
6/12/2017,26.101625
6/13/2017,26.352125
6/14/2017,26.781125
6/15/2017,26.4968125
6/16/2017,26.2908125
6/19/2017,26.601375
6/20/2017,26.7608125
6/21/2017,26.2966875
6/22/2017,26.455875
6/23/2017,26.4478125
6/26/2017,27.160625
6/27/2017,27.447375
6/28/2017,26.9398125
6/29/2017,27.188625
6/30/2017,26.774
7/3/2017,26.932625
7/5/2017,26.3025
7/6/2017,26.238125
7/7/2017,25.4976875
7/10/2017,25.453875
7/11/2017,25.754125
7/12/2017,25.7285
7/13/2017,25.753875
7/14/2017,25.784875
7/17/2017,25.7166875
7/18/2017,26.217375
7/19/2017,26.3083125
7/20/2017,26.5293125
7/21/2017,26.2486875
7/24/2017,26.3741875
7/25/2017,26.517375
7/26/2017,26.3266875
7/27/2017,27.0536875
7/28/2017,26.967125
7/31/2017,27.1081875
8/1/2017,26.8121875
8/2/2017,26.7836875
8/3/2017,26.781875
8/4/2017,26.615125
8/7/2017,26.575625
8/8/2017,26.700875
8/9/2017,27.116375
8/10/2017,27.641625
8/11/2017,27.595625
8/14/2017,26.876875
8/15/2017,26.829625
8/16/2017,26.5623125
8/17/2017,26.936125
8/18/2017,26.509
8/21/2017,26.3306875
8/22/2017,25.7126875
8/23/2017,25.890625
8/24/2017,26.0926875
8/25/2017,25.978
8/28/2017,25.6876875
8/29/2017,25.503
8/30/2017,25.759125
8/31/2017,25.8556875
9/1/2017,26.023625
9/5/2017,26.1103125
9/6/2017,26.033375
9/7/2017,26.2711875
9/8/2017,26.4448125
9/11/2017,26.0795
9/12/2017,26.204875
9/13/2017,26.267125
9/14/2017,26.3798125
9/15/2017,26.211375
9/18/2017,26.59
9/19/2017,26.3531875
9/20/2017,26.2125
9/21/2017,25.988875
9/22/2017,25.964
9/25/2017,26.5058125
9/26/2017,26.5595
9/27/2017,26.4901875
9/28/2017,26.4525
9/29/2017,26.089375
10/2/2017,26.0171875
10/3/2017,26.2446875
10/4/2017,26.348125
10/5/2017,26.1773125
10/6/2017,25.9636875
10/9/2017,26.0723125
10/10/2017,26.330625
10/11/2017,26.3695
10/12/2017,26.269125
10/13/2017,26.299625
10/16/2017,26.4178125
10/17/2017,26.449125
10/18/2017,26.618875
10/19/2017,26.555875
10/20/2017,26.369
10/23/2017,26.474
10/24/2017,26.2093125
10/25/2017,26.2328125
10/26/2017,26.056
10/27/2017,25.48
10/30/2017,25.5608125
10/31/2017,25.4496875
11/1/2017,25.5201875
11/2/2017,25.715875
11/3/2017,26.269625
11/6/2017,26.4695
11/7/2017,26.55
11/8/2017,26.5096875
11/9/2017,26.741875
11/10/2017,26.8841875
11/13/2017,27.1511875
11/14/2017,27.284125
11/15/2017,27.522875
11/16/2017,27.0248125
11/17/2017,27.1498125
11/20/2017,26.9718125
11/21/2017,26.7385
11/22/2017,26.5541875
11/24/2017,26.6628125
11/27/2017,27.0055
11/28/2017,26.702
11/29/2017,27.486125
11/30/2017,27.3043125
12/1/2017,27.354375
12/4/2017,28.673625
12/5/2017,27.9273125
12/6/2017,27.325875
12/7/2017,27.271
12/8/2017,27.2983125
