KO,
Date,12MO_PUT_IMP_VOL
12/10/2007,19.8521875
12/11/2007,19.8783125
12/12/2007,19.572875
12/13/2007,19.5968125
12/14/2007,19.9776875
12/17/2007,20.6313125
12/18/2007,20.407375
12/19/2007,20.1438125
12/20/2007,20.4938125
12/21/2007,20.0163125
12/24/2007,19.939
12/26/2007,19.6441875
12/27/2007,19.921
12/28/2007,20.1558125
12/31/2007,19.898625
1/2/2008,20.9535
1/3/2008,20.6521875
1/4/2008,21.024375
1/7/2008,21.023125
1/8/2008,21.2306875
1/9/2008,21.079875
1/10/2008,21.024
1/11/2008,21.758
1/14/2008,21.442625
1/15/2008,21.977
1/16/2008,22.1521875
1/17/2008,23.078875
1/18/2008,22.9688125
1/22/2008,23.295375
1/23/2008,23.809
1/24/2008,22.726125
1/25/2008,23.5691875
1/28/2008,22.623
1/29/2008,22.835875
1/30/2008,23.284125
1/31/2008,22.7136875
2/1/2008,22.7406875
2/4/2008,22.848375
2/5/2008,23.486
2/6/2008,23.711125
2/7/2008,23.845375
2/8/2008,23.906625
2/11/2008,24.248875
2/12/2008,23.941625
2/13/2008,23.907875
2/14/2008,23.7951875
2/15/2008,23.637125
2/19/2008,23.2928125
2/20/2008,23.332625
2/21/2008,23.364625
2/22/2008,23.212875
2/25/2008,22.595625
2/26/2008,22.1401875
2/27/2008,21.936
2/28/2008,22.2503125
2/29/2008,23.354875
3/3/2008,23.2573125
3/4/2008,23.2765
3/5/2008,22.7691875
3/6/2008,23.4128125
3/7/2008,23.7531875
3/10/2008,24.2708125
3/11/2008,23.253125
3/12/2008,23.3638125
3/13/2008,23.7235
3/14/2008,24.956375
3/17/2008,24.7978125
3/18/2008,23.0693125
3/19/2008,23.297
3/20/2008,23.1976875
3/24/2008,22.4186875
3/25/2008,22.0561875
3/26/2008,22.2233125
3/27/2008,22.1763125
3/28/2008,22.355375
3/31/2008,22.1316875
4/1/2008,21.604625
4/2/2008,21.996125
4/3/2008,21.9916875
4/4/2008,21.880375
4/7/2008,21.8865
4/8/2008,21.653625
4/9/2008,21.7188125
4/10/2008,21.6796875
4/11/2008,21.9865
4/14/2008,22.023625
4/15/2008,21.954625
4/16/2008,21.3178125
4/17/2008,21.1148125
4/18/2008,20.7746875
4/21/2008,20.8236875
4/22/2008,20.8658125
4/23/2008,20.775875
4/24/2008,20.7336875
4/25/2008,20.6045
4/28/2008,20.432375
4/29/2008,20.339
4/30/2008,20.025375
5/1/2008,20.0151875
5/2/2008,19.9938125
5/5/2008,20.1513125
5/6/2008,20.457125
5/7/2008,20.786875
5/8/2008,21.2268125
5/9/2008,21.3465
5/12/2008,21.372875
5/13/2008,21.6053125
5/14/2008,21.2415
5/15/2008,21.049125
5/16/2008,21.2036875
5/19/2008,20.818875
5/20/2008,21.0098125
5/21/2008,21.4901875
5/22/2008,20.994875
5/23/2008,20.730375
5/27/2008,20.487125
5/28/2008,20.669125
5/29/2008,20.531625
5/30/2008,20.5376875
6/2/2008,21.127875
6/3/2008,21.685875
6/4/2008,21.454625
6/5/2008,21.3706875
6/6/2008,21.537375
6/9/2008,21.767875
6/10/2008,21.0983125
6/11/2008,21.4125
6/12/2008,21.4831875
6/13/2008,22.5958125
6/16/2008,22.7823125
6/17/2008,22.629875
6/18/2008,22.962375
6/19/2008,22.853125
6/20/2008,22.9608125
6/23/2008,22.873375
6/24/2008,22.8158125
6/25/2008,21.8315
6/26/2008,22.4816875
6/27/2008,23.2426875
6/30/2008,23.1903125
7/1/2008,23.1581875
7/2/2008,23.177125
7/3/2008,23.1685
7/7/2008,23.3675
7/8/2008,23.1463125
7/9/2008,23.381875
7/10/2008,23.646375
7/11/2008,23.7565
7/14/2008,23.571875
7/15/2008,23.5828125
7/16/2008,23.2778125
7/17/2008,23.530125
7/18/2008,23.3755
7/21/2008,23.802375
7/22/2008,23.0995
7/23/2008,22.8501875
7/24/2008,23.289375
7/25/2008,23.023625
7/28/2008,23.4748125
7/29/2008,23.303625
7/30/2008,22.9386875
7/31/2008,23.005875
8/1/2008,22.593375
8/4/2008,22.2113125
8/5/2008,21.9815
8/6/2008,21.4796875
8/7/2008,22.567875
8/8/2008,21.9521875
8/11/2008,22.0703125
8/12/2008,22.2786875
8/13/2008,22.310125
8/14/2008,22.4595
8/15/2008,22.2781875
8/18/2008,22.403875
8/19/2008,22.540625
8/20/2008,22.515
8/21/2008,22.866375
8/22/2008,22.6805
8/25/2008,22.9665
8/26/2008,22.821625
8/27/2008,22.5476875
8/28/2008,22.8161875
8/29/2008,23.3465
9/2/2008,23.444875
9/3/2008,23.543875
9/4/2008,24.031125
9/5/2008,23.780875
9/8/2008,23.292375
9/9/2008,23.372
9/10/2008,23.471375
9/11/2008,23.625625
9/12/2008,23.6673125
9/15/2008,23.951625
9/16/2008,24.2478125
9/17/2008,25.5975
9/18/2008,26.445875
9/19/2008,25.463875
9/22/2008,25.703
9/23/2008,26.1096875
9/24/2008,26.4933125
9/25/2008,25.735125
9/26/2008,25.907
9/29/2008,27.1081875
9/30/2008,25.593
10/1/2008,25.413
10/2/2008,28.748375
10/3/2008,27.1385
10/6/2008,29.3145
10/7/2008,29.236375
10/8/2008,31.722625
10/9/2008,32.987875
10/10/2008,43.360125
10/13/2008,35.8851875
10/14/2008,37.198
10/15/2008,38.3381875
10/16/2008,40.509375
10/17/2008,38.784875
10/20/2008,37.1731875
10/21/2008,36.879875
10/22/2008,37.417875
10/23/2008,40.7328125
10/24/2008,43.1815
10/27/2008,43.189
10/28/2008,43.605375
10/29/2008,42.625375
10/30/2008,42.416125
10/31/2008,40.9955
11/3/2008,40.781875
11/4/2008,39.6561875
11/5/2008,40.122
11/6/2008,41.4518125
11/7/2008,40.7715
11/10/2008,41.4716875
11/11/2008,41.5148125
11/12/2008,43.362625
11/13/2008,43.2308125
11/14/2008,43.084125
11/17/2008,43.5153125
11/18/2008,45.2141875
11/19/2008,45.744
11/20/2008,48.1288125
11/21/2008,49.1201875
11/24/2008,44.384125
11/25/2008,43.4918125
11/26/2008,42.206625
11/28/2008,39.8255
12/1/2008,41.9638125
12/2/2008,44.044
12/3/2008,43.514375
12/4/2008,43.594125
12/5/2008,45.609375
12/8/2008,43.1035
12/9/2008,43.9455
12/10/2008,44.5121875
12/11/2008,44.197125
12/12/2008,43.941625
12/15/2008,43.375625
12/16/2008,42.306375
12/17/2008,41.2066875
12/18/2008,39.5271875
12/19/2008,39.344
12/22/2008,38.6381875
12/23/2008,38.903375
12/24/2008,38.5593125
12/26/2008,37.8018125
12/29/2008,37.602125
12/30/2008,36.162
12/31/2008,35.3805
1/2/2009,34.281375
1/5/2009,33.5716875
1/6/2009,33.295375
1/7/2009,33.323625
1/8/2009,33.921875
1/9/2009,33.610125
1/12/2009,34.365375
1/13/2009,34.8326875
1/14/2009,38.081875
1/15/2009,38.1506875
1/16/2009,36.2545
1/20/2009,36.650375
1/21/2009,36.469875
1/22/2009,36.5168125
1/23/2009,36.406875
1/26/2009,35.565375
1/27/2009,34.305875
1/28/2009,33.414375
1/29/2009,33.072
1/30/2009,34.2936875
2/2/2009,35.5
2/3/2009,33.9823125
2/4/2009,33.3713125
2/5/2009,33.1875
2/6/2009,32.510125
2/9/2009,32.8645
2/10/2009,33.719625
2/11/2009,33.587875
2/12/2009,32.567375
2/13/2009,32.3593125
2/17/2009,33.3306875
2/18/2009,34.0625
2/19/2009,33.6261875
2/20/2009,34.290875
2/23/2009,33.844875
2/24/2009,33.6161875
2/25/2009,33.6775
2/26/2009,33.197125
2/27/2009,34.3845
3/2/2009,35.211125
3/3/2009,35.806
3/4/2009,35.2435
3/5/2009,35.682125
3/6/2009,36.0645
3/9/2009,35.9016875
3/10/2009,36.0215
3/11/2009,35.3556875
3/12/2009,34.361
3/13/2009,33.9965
3/16/2009,32.9208125
3/17/2009,33.0101875
3/18/2009,32.8315
3/19/2009,32.591375
3/20/2009,32.6306875
3/23/2009,31.9271875
3/24/2009,31.603875
3/25/2009,31.6223125
3/26/2009,30.932
3/27/2009,31.0655
3/30/2009,32.3483125
3/31/2009,31.7146875
4/1/2009,31.4438125
4/2/2009,30.5951875
4/3/2009,31.1668125
4/6/2009,31.2503125
4/7/2009,31.594375
4/8/2009,31.5315
4/9/2009,31.2545
4/13/2009,31.110375
4/14/2009,31.375125
4/15/2009,31.2498125
4/16/2009,30.989625
4/17/2009,30.2493125
4/20/2009,30.668625
4/21/2009,30.830125
4/22/2009,30.9553125
4/23/2009,30.956875
4/24/2009,30.764
4/27/2009,30.787625
4/28/2009,30.6046875
4/29/2009,30.1396875
4/30/2009,30.2845
5/1/2009,30.2665
5/4/2009,30.3126875
5/5/2009,30.104875
5/6/2009,29.77
5/7/2009,29.8218125
5/8/2009,28.8438125
5/11/2009,28.735375
5/12/2009,27.9731875
5/13/2009,28.2746875
5/14/2009,27.4553125
5/15/2009,27.3658125
5/18/2009,26.189875
5/19/2009,24.931125
5/20/2009,24.6808125
5/21/2009,24.7511875
5/22/2009,24.662125
5/26/2009,24.8726875
5/27/2009,25.031875
5/28/2009,24.9548125
5/29/2009,24.496875
6/1/2009,25.0598125
6/2/2009,24.5683125
6/3/2009,25.276125
6/4/2009,25.427875
6/5/2009,25.5083125
6/8/2009,25.960625
6/9/2009,25.7803125
6/10/2009,26.2028125
6/11/2009,25.7656875
6/12/2009,25.7301875
6/15/2009,26.0288125
6/16/2009,26.025375
6/17/2009,26.342375
6/18/2009,25.845
6/19/2009,25.935125
6/22/2009,26.6586875
6/23/2009,26.884
6/24/2009,26.6233125
6/25/2009,26.341875
6/26/2009,25.7916875
6/29/2009,25.4018125
6/30/2009,25.233375
7/1/2009,24.849125
7/2/2009,25.295125
7/6/2009,25.752125
7/7/2009,25.865
7/8/2009,26.6175
7/9/2009,26.1756875
7/10/2009,26.481625
7/13/2009,25.956625
7/14/2009,25.645125
7/15/2009,24.914875
7/16/2009,24.5868125
7/17/2009,24.4598125
7/20/2009,23.9791875
7/21/2009,23.6108125
7/22/2009,23.800125
7/23/2009,23.937125
7/24/2009,23.9243125
7/27/2009,23.957125
7/28/2009,23.9038125
7/29/2009,24.240875
7/30/2009,23.8278125
7/31/2009,23.845125
8/3/2009,24.2948125
8/4/2009,24.2451875
8/5/2009,24.4333125
8/6/2009,24.547875
8/7/2009,24.4
8/10/2009,24.401875
8/11/2009,24.4323125
8/12/2009,24.3178125
8/13/2009,24.467875
8/14/2009,24.4115
8/17/2009,24.5798125
8/18/2009,24.358
8/19/2009,24.2518125
8/20/2009,23.849375
8/21/2009,23.265875
8/24/2009,23.2505
8/25/2009,22.8065
8/26/2009,22.7603125
8/27/2009,22.735
8/28/2009,23.087
8/31/2009,23.4701875
9/1/2009,23.489375
9/2/2009,23.4455
9/3/2009,23.8618125
9/4/2009,23.5071875
9/8/2009,23.341
9/9/2009,23.049625
9/10/2009,23.1145
9/11/2009,23.424625
9/14/2009,22.8398125
9/15/2009,22.5658125
9/16/2009,22.525875
9/17/2009,22.5506875
9/18/2009,22.283375
9/21/2009,22.5345
9/22/2009,22.476
9/23/2009,22.118625
9/24/2009,22.3961875
9/25/2009,22.231875
9/28/2009,22.2286875
9/29/2009,22.0505
9/30/2009,21.9086875
10/1/2009,22.2601875
10/2/2009,22.2358125
10/5/2009,22.3315
10/6/2009,21.856625
10/7/2009,21.5068125
10/8/2009,21.378
10/9/2009,21.164125
10/12/2009,20.8471875
10/13/2009,20.7636875
10/14/2009,20.613375
10/15/2009,20.7883125
10/16/2009,20.5781875
10/19/2009,20.3193125
10/20/2009,20.211
10/21/2009,20.071875
10/22/2009,20.5543125
10/23/2009,20.813625
10/26/2009,21.127625
10/27/2009,21.068375
10/28/2009,21.5893125
10/29/2009,21.4581875
10/30/2009,22.3835
11/2/2009,22.371375
11/3/2009,22.875625
11/4/2009,22.2388125
11/5/2009,22.2588125
11/6/2009,21.9873125
11/9/2009,21.7076875
11/10/2009,21.703875
11/11/2009,21.405875
11/12/2009,21.7088125
11/13/2009,21.670125
11/16/2009,21.604125
11/17/2009,21.3811875
11/18/2009,21.2926875
11/19/2009,21.4693125
11/20/2009,20.972875
11/23/2009,20.7576875
11/24/2009,20.6005
11/25/2009,20.286875
11/27/2009,21.315125
11/30/2009,21.6581875
12/1/2009,21.1506875
12/2/2009,21.2198125
12/3/2009,21.498375
12/4/2009,21.749375
12/7/2009,21.637375
12/8/2009,22.113125
12/9/2009,22.1456875
12/10/2009,21.7398125
12/11/2009,21.570625
12/14/2009,21.6133125
12/15/2009,21.471625
12/16/2009,21.377375
12/17/2009,21.9001875
12/18/2009,21.839125
12/21/2009,21.0986875
12/22/2009,20.8323125
12/23/2009,20.682375
12/24/2009,20.491125
12/28/2009,20.588125
12/29/2009,20.1991875
12/30/2009,20.2238125
12/31/2009,20.257
1/4/2010,20.3748125
1/5/2010,20.363125
1/6/2010,19.8563125
1/7/2010,19.6681875
1/8/2010,19.8288125
1/11/2010,19.4043125
1/12/2010,19.398125
1/13/2010,19.0585
1/14/2010,18.884625
1/15/2010,19.1871875
1/19/2010,18.488625
1/20/2010,18.818
1/21/2010,19.099125
1/22/2010,19.544375
1/25/2010,20.0275
1/26/2010,20.111625
1/27/2010,20.4323125
1/28/2010,20.6853125
1/29/2010,20.4531875
2/1/2010,20.3956875
2/2/2010,19.8548125
2/3/2010,19.9341875
2/4/2010,21.067125
2/5/2010,22.376375
2/8/2010,21.940625
2/9/2010,21.3015
2/10/2010,21.4593125
2/11/2010,21.184125
2/12/2010,21.292
2/16/2010,20.827
2/17/2010,20.3786875
2/18/2010,19.980375
2/19/2010,19.8318125
2/22/2010,19.3478125
2/23/2010,19.69
2/24/2010,19.266625
2/25/2010,20.168625
2/26/2010,19.7325
3/1/2010,19.5918125
3/2/2010,19.4718125
3/3/2010,19.1915
3/4/2010,19.203625
3/5/2010,18.8635
3/8/2010,18.890875
3/9/2010,18.814
3/10/2010,18.822875
3/11/2010,19.732125
3/12/2010,19.498125
3/15/2010,19.487625
3/16/2010,19.2561875
3/17/2010,19.0903125
3/18/2010,19.050125
3/19/2010,19.103375
3/22/2010,19.3265
3/23/2010,18.957
3/24/2010,19.1041875
3/25/2010,19.1756875
3/26/2010,19.5576875
3/29/2010,19.4138125
3/30/2010,19.355
3/31/2010,19.1923125
4/1/2010,19.0643125
4/5/2010,19.295
4/6/2010,19.484125
4/7/2010,19.6716875
4/8/2010,19.645375
4/9/2010,19.5295
4/12/2010,19.394625
4/13/2010,19.3103125
4/14/2010,19.2793125
4/15/2010,19.619375
4/16/2010,19.7635
4/19/2010,19.9616875
4/20/2010,19.732
4/21/2010,19.8586875
4/22/2010,19.982
4/23/2010,20.297375
4/26/2010,20.1571875
4/27/2010,20.794
4/28/2010,21.3245
4/29/2010,20.891
4/30/2010,21.026875
5/3/2010,21.0778125
5/4/2010,22.388125
5/5/2010,22.4005
5/6/2010,23.648625
5/7/2010,26.4616875
5/10/2010,24.532625
5/11/2010,23.957375
5/12/2010,22.138875
5/13/2010,22.0816875
5/14/2010,23.1631875
5/17/2010,23.465
5/18/2010,23.3953125
5/19/2010,24.601875
5/20/2010,26.546125
5/21/2010,27.0903125
5/24/2010,25.6856875
5/25/2010,27.269125
5/26/2010,25.2288125
5/27/2010,24.088875
5/28/2010,24.129875
6/1/2010,23.843
6/2/2010,23.702875
6/3/2010,22.9415
6/4/2010,24.0923125
6/7/2010,24.4696875
6/8/2010,24.5371875
6/9/2010,24.051375
6/10/2010,23.4976875
6/11/2010,23.9315
6/14/2010,23.2285
6/15/2010,22.2655
6/16/2010,22.2376875
6/17/2010,22.062125
6/18/2010,21.524625
6/21/2010,20.867125
6/22/2010,21.010625
6/23/2010,21.600875
6/24/2010,22.376375
6/25/2010,23.3571875
6/28/2010,23.363875
6/29/2010,24.623875
6/30/2010,24.8665
7/1/2010,26.243
7/2/2010,25.7891875
7/6/2010,25.010375
7/7/2010,24.3088125
7/8/2010,23.7156875
7/9/2010,23.6221875
7/12/2010,23.6536875
7/13/2010,23.395125
7/14/2010,23.9205
7/15/2010,23.952
7/16/2010,24.5406875
7/19/2010,24.3975
7/20/2010,23.658625
7/21/2010,22.740125
7/22/2010,22.1416875
7/23/2010,21.6691875
7/26/2010,21.659125
7/27/2010,21.259625
7/28/2010,20.9948125
7/29/2010,20.452
7/30/2010,20.5373125
8/2/2010,19.6595
8/3/2010,19.7896875
8/4/2010,19.8856875
8/5/2010,20.214125
8/6/2010,20.357375
8/9/2010,19.6111875
8/10/2010,19.766375
8/11/2010,21.1673125
8/12/2010,21.7093125
8/13/2010,21.760375
8/16/2010,22.062625
8/17/2010,21.7735
8/18/2010,21.8896875
8/19/2010,22.4185
8/20/2010,22.344125
8/23/2010,21.679
8/24/2010,22.1725
8/25/2010,22.764
8/26/2010,22.842
8/27/2010,21.9988125
8/30/2010,22.045875
8/31/2010,22.2211875
9/1/2010,21.3053125
9/2/2010,21.201625
9/3/2010,20.7525
9/7/2010,20.687875
9/8/2010,20.5585
9/9/2010,20.259375
9/10/2010,20.2495
9/13/2010,20.5125
9/14/2010,20.4381875
9/15/2010,20.567125
9/16/2010,20.671875
9/17/2010,20.438
9/20/2010,20.370875
9/21/2010,20.091625
9/22/2010,20.171125
9/23/2010,20.2133125
9/24/2010,19.840625
9/27/2010,19.815625
9/28/2010,19.792
9/29/2010,20.133375
9/30/2010,20.2991875
10/1/2010,20.278875
10/4/2010,20.673125
10/5/2010,20.0163125
10/6/2010,20.0053125
10/7/2010,20.199375
10/8/2010,20.034125
10/11/2010,19.8156875
10/12/2010,19.8993125
10/13/2010,19.572125
10/14/2010,19.8826875
10/15/2010,20.120125
10/18/2010,19.473375
10/19/2010,19.1933125
10/20/2010,19.0311875
10/21/2010,18.785875
10/22/2010,18.4681875
10/25/2010,18.3956875
10/26/2010,18.5935
10/27/2010,18.876
10/28/2010,18.4296875
10/29/2010,18.300875
11/1/2010,17.902625
11/2/2010,17.7461875
11/3/2010,17.7636875
11/4/2010,17.017125
11/5/2010,17.0631875
11/8/2010,16.9996875
11/9/2010,16.9235
11/10/2010,17.0398125
11/11/2010,17.4276875
11/12/2010,17.906
11/15/2010,18.292125
11/16/2010,19.2228125
11/17/2010,19.018875
11/18/2010,18.7806875
11/19/2010,19.1811875
11/22/2010,18.866625
11/23/2010,18.824375
11/24/2010,18.26
11/26/2010,18.7398125
11/29/2010,19.3806875
11/30/2010,19.582875
12/1/2010,19.1565
12/2/2010,18.7675
12/3/2010,18.594125
12/6/2010,18.4198125
12/7/2010,18.054
12/8/2010,18.1826875
12/9/2010,17.927
12/10/2010,17.8228125
12/13/2010,17.4505
12/14/2010,17.6781875
12/15/2010,17.514875
12/16/2010,17.3201875
12/17/2010,17.1645
12/20/2010,17.133625
12/21/2010,17.0906875
12/22/2010,17.1911875
12/23/2010,17.3525
12/27/2010,17.6408125
12/28/2010,17.598375
12/29/2010,17.341875
12/30/2010,17.641875
12/31/2010,17.551875
1/3/2011,17.81
1/4/2011,18.231
1/5/2011,18.2158125
1/6/2011,18.362375
1/7/2011,18.338
1/10/2011,18.3431875
1/11/2011,18.272125
1/12/2011,17.9083125
1/13/2011,17.7171875
1/14/2011,17.5658125
1/18/2011,17.3716875
1/19/2011,17.417875
1/20/2011,17.6841875
1/21/2011,17.5743125
1/24/2011,17.2415
1/25/2011,17.4891875
1/26/2011,17.0716875
1/27/2011,16.956375
1/28/2011,17.2156875
1/31/2011,17.086
2/1/2011,16.6418125
2/2/2011,16.819125
2/3/2011,16.7931875
2/4/2011,16.752
2/7/2011,16.6283125
2/8/2011,16.3233125
2/9/2011,16.1418125
2/10/2011,15.885375
2/11/2011,15.8171875
2/14/2011,15.967875
2/15/2011,15.9061875
2/16/2011,15.7036875
2/17/2011,15.5935
2/18/2011,15.6805
2/22/2011,16.590375
2/23/2011,16.98
2/24/2011,17.4095
2/25/2011,17.002625
2/28/2011,16.919125
3/1/2011,17.033625
3/2/2011,17.229375
3/3/2011,16.6966875
3/4/2011,17.3616875
3/7/2011,17.551
3/8/2011,17.3233125
3/9/2011,17.333375
3/10/2011,17.7788125
3/11/2011,17.8628125
3/14/2011,18.3511875
3/15/2011,18.911625
3/16/2011,20.422375
3/17/2011,19.825375
3/18/2011,19.3678125
3/21/2011,18.491375
3/22/2011,18.349375
3/23/2011,17.888875
3/24/2011,17.6916875
3/25/2011,17.4376875
3/28/2011,17.319875
3/29/2011,17.190125
3/30/2011,16.898375
3/31/2011,16.890125
4/1/2011,16.4923125
4/4/2011,16.596125
4/5/2011,16.6928125
4/6/2011,16.676125
4/7/2011,17.0843125
4/8/2011,17.0605
4/11/2011,17.263125
4/12/2011,17.6838125
4/13/2011,17.6668125
4/14/2011,17.2938125
4/15/2011,17.306875
4/18/2011,17.703625
4/19/2011,17.5563125
4/20/2011,17.1346875
4/21/2011,17.0935
4/25/2011,17.121125
4/26/2011,16.7366875
4/27/2011,16.710875
4/28/2011,16.5301875
4/29/2011,16.3085
5/2/2011,16.3458125
5/3/2011,16.603125
5/4/2011,16.8186875
5/5/2011,17.070125
5/6/2011,17.201375
5/9/2011,17.065125
5/10/2011,16.800125
5/11/2011,16.995875
5/12/2011,16.6785
5/13/2011,16.9308125
5/16/2011,17.0355
5/17/2011,17.201375
5/18/2011,16.801625
5/19/2011,16.6656875
5/20/2011,16.564
5/23/2011,17.248625
5/24/2011,16.9823125
5/25/2011,17.1333125
5/26/2011,17.0406875
5/27/2011,16.590125
5/31/2011,16.392
6/1/2011,16.379375
6/2/2011,16.814125
6/3/2011,16.844
6/6/2011,17.0305
6/7/2011,16.9263125
6/8/2011,16.6961875
6/9/2011,16.2658125
6/10/2011,16.585875
6/13/2011,16.712375
6/14/2011,16.455625
6/15/2011,16.987375
6/16/2011,17.411875
6/17/2011,17.6816875
6/20/2011,17.357625
6/21/2011,16.8846875
6/22/2011,16.486625
6/23/2011,17.6805
6/24/2011,17.529875
6/27/2011,17.399125
6/28/2011,17.2308125
6/29/2011,16.764625
6/30/2011,16.3761875
7/1/2011,15.8181875
7/5/2011,15.965625
7/6/2011,15.918375
7/7/2011,15.5788125
7/8/2011,15.8405
7/11/2011,16.3023125
7/12/2011,16.2468125
7/13/2011,16.6343125
7/14/2011,17.0865
7/15/2011,16.853125
7/18/2011,17.2926875
7/19/2011,16.752125
7/20/2011,16.575625
7/21/2011,16.255375
7/22/2011,16.1848125
7/25/2011,16.3011875
7/26/2011,16.2825
7/27/2011,16.701125
7/28/2011,16.526125
7/29/2011,17.0371875
8/1/2011,17.1085
8/2/2011,17.024125
8/3/2011,16.9565
8/4/2011,18.4871875
8/5/2011,19.8518125
8/8/2011,22.181875
8/9/2011,21.616625
8/10/2011,21.3193125
8/11/2011,20.7833125
8/12/2011,19.9863125
8/15/2011,19.116
8/16/2011,19.167125
8/17/2011,18.9521875
8/18/2011,20.784875
8/19/2011,21.073
8/22/2011,20.797625
8/23/2011,20.496375
8/24/2011,20.279625
8/25/2011,21.1938125
8/26/2011,20.4543125
8/29/2011,19.5838125
8/30/2011,19.7718125
8/31/2011,19.747375
9/1/2011,19.7973125
9/2/2011,20.5996875
9/6/2011,21.156875
9/7/2011,20.189875
9/8/2011,20.3875
9/9/2011,21.995
9/12/2011,22.3956875
9/13/2011,21.961
9/14/2011,21.538625
9/15/2011,20.8128125
9/16/2011,20.6195
9/19/2011,20.956625
9/20/2011,20.3566875
9/21/2011,20.864625
9/22/2011,22.5571875
9/23/2011,23.3048125
9/26/2011,22.4673125
9/27/2011,21.595625
9/28/2011,22.444875
9/29/2011,23.436625
9/30/2011,23.609125
10/3/2011,25.1726875
10/4/2011,26.165125
10/5/2011,24.604
10/6/2011,23.600875
10/7/2011,23.0643125
10/10/2011,22.356875
10/11/2011,22.297125
10/12/2011,20.8763125
10/13/2011,21.0578125
10/14/2011,20.531625
10/17/2011,20.952125
10/18/2011,20.998875
10/19/2011,20.9083125
10/20/2011,21.3021875
10/21/2011,20.576625
10/24/2011,19.9841875
10/25/2011,20.0775
10/26/2011,20.088625
10/27/2011,18.638375
10/28/2011,18.225
10/31/2011,18.2648125
11/1/2011,19.9
11/2/2011,19.523
11/3/2011,19.058375
11/4/2011,19.154875
11/7/2011,18.944875
11/8/2011,18.6025
11/9/2011,20.130125
11/10/2011,20.120875
11/11/2011,19.5351875
11/14/2011,19.9626875
11/15/2011,19.516
11/16/2011,19.937625
11/17/2011,21.3225
11/18/2011,20.7508125
11/21/2011,21.587
11/22/2011,21.323625
11/23/2011,21.989375
11/25/2011,22.1398125
11/28/2011,21.244875
11/29/2011,20.765125
11/30/2011,20.1326875
12/1/2011,19.826625
12/2/2011,19.3481875
12/5/2011,19.070375
12/6/2011,18.5576875
12/7/2011,18.8826875
12/8/2011,19.181125
12/9/2011,18.5236875
12/12/2011,18.943875
12/13/2011,18.679
12/14/2011,19.2015
12/15/2011,18.7468125
12/16/2011,18.600875
12/19/2011,18.4526875
12/20/2011,17.8523125
12/21/2011,17.6456875
12/22/2011,17.5118125
12/23/2011,17.104
12/27/2011,17.3186875
12/28/2011,17.6336875
12/29/2011,17.493625
12/30/2011,17.6146875
1/3/2012,17.157875
1/4/2012,17.2375
1/5/2012,17.018625
1/6/2012,16.9585
1/9/2012,16.6295
1/10/2012,16.3378125
1/11/2012,16.658125
1/12/2012,16.912125
1/13/2012,17.2723125
1/17/2012,16.9176875
1/18/2012,16.964125
1/19/2012,16.871
1/20/2012,16.1865
1/23/2012,15.862625
1/24/2012,15.8166875
1/25/2012,15.7435
1/26/2012,15.855875
1/27/2012,16.0795
1/30/2012,16.333375
1/31/2012,16.1803125
2/1/2012,15.916
2/2/2012,15.904375
2/3/2012,15.5268125
2/6/2012,15.531125
2/7/2012,15.208125
2/8/2012,15.346125
2/9/2012,15.4911875
2/10/2012,16.1995
2/13/2012,15.7761875
2/14/2012,16.0548125
2/15/2012,16.200625
2/16/2012,15.9893125
2/17/2012,15.8488125
2/21/2012,15.744375
2/22/2012,15.5963125
2/23/2012,15.4413125
2/24/2012,15.4451875
2/27/2012,15.3685
2/28/2012,15.487
2/29/2012,15.2663125
3/1/2012,15.4591875
3/2/2012,15.6175
3/5/2012,15.626125
3/6/2012,16.2013125
3/7/2012,15.783875
3/8/2012,15.4685
3/9/2012,15.367875
3/12/2012,15.149625
3/13/2012,14.7616875
3/14/2012,14.7471875
3/15/2012,14.815625
3/16/2012,14.145125
3/19/2012,13.8053125
3/20/2012,13.773
3/21/2012,13.5848125
3/22/2012,13.785875
3/23/2012,13.9141875
3/26/2012,13.801375
3/27/2012,13.950375
3/28/2012,14.127125
3/29/2012,14.0906875
3/30/2012,13.8843125
4/2/2012,14.089875
4/3/2012,14.210625
4/4/2012,14.3375
4/5/2012,14.4276875
4/9/2012,14.5651875
4/10/2012,15.1955
4/11/2012,15.1318125
4/12/2012,14.933375
4/13/2012,14.982625
4/16/2012,14.9563125
4/17/2012,14.650625
4/18/2012,14.6188125
4/19/2012,14.878125
4/20/2012,14.5075
4/23/2012,14.8063125
4/24/2012,14.6795
4/25/2012,14.3051875
4/26/2012,14.3113125
4/27/2012,14.5543125
4/30/2012,14.9855
5/1/2012,14.501
5/2/2012,14.5575
5/3/2012,14.5595
5/4/2012,14.992125
5/7/2012,15.1006875
5/8/2012,15.445625
5/9/2012,15.5873125
5/10/2012,15.3288125
5/11/2012,15.3693125
5/14/2012,15.733375
5/15/2012,16.044875
5/16/2012,16.451625
5/17/2012,16.9738125
5/18/2012,17.491125
5/21/2012,16.595
5/22/2012,16.474875
5/23/2012,16.999875
5/24/2012,16.9746875
5/25/2012,16.812375
5/29/2012,16.585
5/30/2012,16.731375
5/31/2012,16.945875
6/1/2012,17.900125
6/4/2012,17.7596875
6/5/2012,17.559125
6/6/2012,16.8651875
6/7/2012,16.432
6/8/2012,16.0235
6/11/2012,16.3051875
6/12/2012,16.764125
6/13/2012,16.948375
6/14/2012,16.987375
6/15/2012,16.392125
6/18/2012,16.0651875
6/19/2012,15.8078125
6/20/2012,15.7143125
6/21/2012,16.096125
6/22/2012,15.9958125
6/25/2012,16.2806875
6/26/2012,16.0558125
6/27/2012,15.8616875
6/28/2012,16.064375
6/29/2012,15.2388125
7/2/2012,15.183
7/3/2012,14.9591875
7/5/2012,15.179125
7/6/2012,15.3685
7/9/2012,15.4183125
7/10/2012,15.5313125
7/11/2012,15.769625
7/12/2012,15.8105
7/13/2012,15.512
7/16/2012,15.6898125
7/17/2012,15.1785
7/18/2012,15.3315
7/19/2012,15.2855
7/20/2012,15.43
7/23/2012,15.8526875
7/24/2012,16.2116875
7/25/2012,16.174
7/26/2012,15.8528125
7/27/2012,15.4996875
7/30/2012,15.6361875
7/31/2012,15.777
8/1/2012,15.7951875
8/2/2012,16.1491875
8/3/2012,15.762375
8/6/2012,15.6703125
8/7/2012,15.7895
8/8/2012,15.8103125
8/9/2012,15.6716875
8/10/2012,15.5941875
8/13/2012,15.7676875
8/14/2012,15.734875
8/15/2012,15.943
8/16/2012,16.333625
8/17/2012,16.088
8/20/2012,16.1635
8/21/2012,16.3048125
8/22/2012,16.3656875
8/23/2012,16.969125
8/24/2012,16.7368125
8/27/2012,16.8586875
8/28/2012,17.141375
8/29/2012,17.508625
8/30/2012,18.1626875
8/31/2012,17.943
9/4/2012,18.107
9/5/2012,18.070125
9/6/2012,17.557
9/7/2012,17.7063125
9/10/2012,17.3473125
9/11/2012,17.2695
9/12/2012,17.274875
9/13/2012,16.9068125
9/14/2012,17.1143125
9/17/2012,17.168625
9/18/2012,17.150875
9/19/2012,17.3525
9/20/2012,17.419625
9/21/2012,17.461125
9/24/2012,17.5081875
9/25/2012,17.8266875
9/26/2012,18.4186875
9/27/2012,18.3723125
9/28/2012,18.938125
10/1/2012,18.8063125
10/2/2012,18.8123125
10/3/2012,18.7261875
10/4/2012,18.5256875
10/5/2012,18.454625
10/8/2012,18.4631875
10/9/2012,18.6148125
10/10/2012,18.7586875
10/11/2012,18.405
10/12/2012,18.3475
10/15/2012,17.993
10/16/2012,17.637625
10/17/2012,17.4455
10/18/2012,17.5363125
10/19/2012,17.719875
10/22/2012,17.8238125
10/23/2012,18.1901875
10/24/2012,17.9623125
10/25/2012,18.1246875
10/26/2012,18.0858125
10/31/2012,18.387625
11/1/2012,17.987875
11/2/2012,18.214375
11/5/2012,18.342875
11/6/2012,18.117875
11/7/2012,18.6591875
11/8/2012,18.4901875
11/9/2012,18.276875
11/12/2012,18.24
11/13/2012,18.108375
11/14/2012,17.9568125
11/15/2012,17.987875
11/16/2012,17.6523125
11/19/2012,16.8513125
11/20/2012,16.7583125
11/21/2012,16.4663125
11/23/2012,16.2753125
11/26/2012,16.296875
11/27/2012,16.2941875
11/28/2012,16.3765
11/29/2012,16.059625
11/30/2012,16.258375
12/3/2012,16.4463125
12/4/2012,16.7951875
12/5/2012,16.7291875
12/6/2012,16.7053125
12/7/2012,16.649875
12/10/2012,16.769875
12/11/2012,16.628625
12/12/2012,16.6583125
12/13/2012,16.8995
12/14/2012,16.9053125
12/17/2012,16.949875
12/18/2012,16.6231875
12/19/2012,16.9695
12/20/2012,16.955375
12/21/2012,17.1203125
12/24/2012,17.3626875
12/26/2012,17.617875
12/27/2012,17.7815
12/28/2012,17.905875
12/31/2012,18.0345
1/2/2013,17.031875
1/3/2013,16.652125
1/4/2013,16.3535
1/7/2013,16.5398125
1/8/2013,16.5053125
1/9/2013,16.3035
1/10/2013,16.2718125
1/11/2013,16.396
1/14/2013,16.315125
1/15/2013,16.179875
1/16/2013,16.0963125
1/17/2013,15.7141875
1/18/2013,15.5186875
1/22/2013,15.1795
1/23/2013,14.833625
1/24/2013,14.916375
1/25/2013,14.8146875
1/28/2013,14.826625
1/29/2013,14.7855
1/30/2013,14.8745
1/31/2013,14.986125
2/1/2013,14.8685
2/4/2013,15.162
2/5/2013,15.1431875
2/6/2013,15.2603125
2/7/2013,15.248625
2/8/2013,15.275625
2/11/2013,15.3026875
2/12/2013,15.2463125
2/13/2013,15.5058125
2/14/2013,15.503375
2/15/2013,15.5815
2/19/2013,15.391125
2/20/2013,15.3856875
2/21/2013,15.663
2/22/2013,15.527
2/25/2013,15.9095
2/26/2013,16.3288125
2/27/2013,15.919125
2/28/2013,15.7111875
3/1/2013,15.8536875
3/4/2013,15.8041875
3/5/2013,15.6806875
3/6/2013,15.5026875
3/7/2013,15.4316875
3/8/2013,15.24
3/11/2013,15.156875
3/12/2013,15.09
3/13/2013,15.480375
3/14/2013,15.366125
3/15/2013,15.490125
3/18/2013,15.464875
3/19/2013,15.7053125
3/20/2013,15.470875
3/21/2013,15.567125
3/22/2013,15.6151875
3/25/2013,15.518375
3/26/2013,15.3375
3/27/2013,15.461625
3/28/2013,15.4001875
4/1/2013,15.5678125
4/2/2013,15.450125
4/3/2013,15.668875
4/4/2013,15.778
4/5/2013,16.0361875
4/8/2013,15.93
4/9/2013,16.035375
4/10/2013,15.8811875
4/11/2013,15.9555
4/12/2013,16.025875
4/15/2013,16.432375
4/16/2013,16.01
4/17/2013,16.505
4/18/2013,16.646
4/19/2013,16.4428125
4/22/2013,16.143375
4/23/2013,16.1551875
4/24/2013,16.182875
4/25/2013,16.0995
4/26/2013,16.176625
4/29/2013,16.095625
4/30/2013,16.1951875
5/1/2013,16.275375
5/2/2013,16.3463125
5/3/2013,16.187
5/6/2013,16.325375
5/7/2013,16.203875
5/8/2013,16.294875
5/9/2013,16.4438125
5/10/2013,16.5573125
5/13/2013,16.5806875
5/14/2013,16.634125
5/15/2013,16.8993125
5/16/2013,16.9016875
5/17/2013,17.1253125
5/20/2013,17.3265
5/21/2013,17.3945
5/22/2013,17.9515
5/23/2013,18.074375
5/24/2013,18.339125
5/28/2013,18.2833125
5/29/2013,18.779875
5/30/2013,18.978125
5/31/2013,19.215875
6/3/2013,19.392875
6/4/2013,19.357875
6/5/2013,19.7168125
6/6/2013,19.8086875
6/7/2013,19.202625
6/10/2013,19.413125
6/11/2013,19.931125
6/12/2013,20.203625
6/13/2013,20.1886875
6/14/2013,20.0641875
6/17/2013,19.9601875
6/18/2013,19.922875
6/19/2013,19.5921875
6/20/2013,21.3848125
6/21/2013,20.6061875
6/24/2013,20.310875
6/25/2013,20.099375
6/26/2013,19.725875
6/27/2013,19.6811875
6/28/2013,19.594375
7/1/2013,19.644625
7/2/2013,19.639875
7/3/2013,19.5273125
7/5/2013,19.362625
7/8/2013,19.379875
7/9/2013,19.089125
7/10/2013,19.020625
7/11/2013,18.5768125
7/12/2013,18.6048125
7/15/2013,18.516625
7/16/2013,18.2988125
7/17/2013,18.2036875
7/18/2013,18.156375
7/19/2013,18.1561875
7/22/2013,18.225625
7/23/2013,18.012
7/24/2013,18.165
7/25/2013,18.204125
7/26/2013,18.3188125
7/29/2013,18.3361875
7/30/2013,18.2563125
7/31/2013,18.0853125
8/1/2013,18.005
8/2/2013,18.0166875
8/5/2013,17.956625
8/6/2013,17.9083125
8/7/2013,17.944375
8/8/2013,17.8088125
8/9/2013,17.8143125
8/12/2013,18.011625
8/13/2013,17.9346875
8/14/2013,17.8715
8/15/2013,18.133
8/16/2013,17.518
8/19/2013,17.5195
8/20/2013,17.556125
8/21/2013,17.653625
8/22/2013,17.7751875
8/23/2013,17.6943125
8/26/2013,17.8275
8/27/2013,18.0561875
8/28/2013,18.062
8/29/2013,18.0578125
8/30/2013,18.355375
9/3/2013,18.4623125
9/4/2013,18.269375
9/5/2013,18.336
9/6/2013,18.2376875
9/9/2013,18.155
9/10/2013,17.9715
9/11/2013,17.757
9/12/2013,17.8051875
9/13/2013,17.7396875
9/16/2013,17.7268125
9/17/2013,17.6966875
9/18/2013,17.563125
9/19/2013,17.8355
9/20/2013,17.9493125
9/23/2013,18.291
9/24/2013,18.238125
9/25/2013,18.357625
9/26/2013,18.3206875
9/27/2013,18.5941875
9/30/2013,18.8881875
10/1/2013,18.780625
10/2/2013,19.0051875
10/3/2013,19.1825
10/4/2013,19.087
10/7/2013,19.0723125
10/8/2013,19.6176875
10/9/2013,19.5031875
10/10/2013,19.0528125
10/11/2013,18.8195
10/14/2013,18.581125
10/15/2013,18.6453125
10/16/2013,18.408
10/17/2013,17.9638125
10/18/2013,17.7415
10/21/2013,17.8236875
10/22/2013,17.4968125
10/23/2013,17.485625
10/24/2013,17.4743125
10/25/2013,17.318125
10/28/2013,17.277125
10/29/2013,17.1751875
10/30/2013,17.2526875
10/31/2013,17.0125
11/1/2013,17.0918125
11/4/2013,17.064875
11/5/2013,16.910875
11/6/2013,16.922625
11/7/2013,17.058
11/8/2013,16.978875
11/11/2013,17.083375
11/12/2013,17.0118125
11/13/2013,17.0436875
11/14/2013,16.8553125
11/15/2013,16.7736875
11/18/2013,16.756
11/19/2013,16.7368125
11/20/2013,16.7436875
11/21/2013,16.5841875
11/22/2013,16.6678125
11/25/2013,16.567375
11/26/2013,16.537375
11/27/2013,16.7021875
11/29/2013,16.8208125
12/2/2013,16.776625
12/3/2013,16.916
12/4/2013,16.998375
12/5/2013,17.1471875
12/6/2013,17.057125
12/9/2013,16.9146875
12/10/2013,17.204
12/11/2013,17.2578125
12/12/2013,17.675
12/13/2013,17.732375
12/16/2013,17.693125
12/17/2013,17.793875
12/18/2013,17.5723125
12/19/2013,17.483625
12/20/2013,17.407875
12/23/2013,17.1815
12/24/2013,17.06
12/26/2013,16.9693125
12/27/2013,16.9135
12/30/2013,17.0283125
12/31/2013,17.028
1/2/2014,17.2991875
1/3/2014,17.205875
1/6/2014,17.1708125
1/7/2014,17.063375
1/8/2014,17.053
1/9/2014,17.219375
1/10/2014,17.1095
1/13/2014,17.1751875
1/14/2014,17.196
1/15/2014,17.1055
1/16/2014,17.1605
1/17/2014,17.2078125
1/21/2014,16.940125
1/22/2014,16.8506875
1/23/2014,17.2348125
1/24/2014,17.3138125
1/27/2014,17.342125
1/28/2014,17.3276875
1/29/2014,17.832125
1/30/2014,17.531
1/31/2014,17.670625
2/3/2014,18.4336875
2/4/2014,18.344375
2/5/2014,18.4165
2/6/2014,18.199125
2/7/2014,17.943625
2/10/2014,17.7276875
2/11/2014,17.4845
2/12/2014,17.439875
2/13/2014,17.3115
2/14/2014,17.0788125
2/18/2014,16.8978125
2/19/2014,16.965625
2/20/2014,16.8865
2/21/2014,16.4141875
2/24/2014,16.428125
2/25/2014,16.3348125
2/26/2014,16.4018125
2/27/2014,16.306
2/28/2014,16.097875
3/3/2014,16.3691875
3/4/2014,16.131875
3/5/2014,16.0756875
3/6/2014,16.023125
3/7/2014,16.0701875
3/10/2014,16.149125
3/11/2014,15.8873125
3/12/2014,15.834375
3/13/2014,16.0141875
3/14/2014,16.3078125
3/17/2014,16.178
3/18/2014,16.0303125
3/19/2014,15.934375
3/20/2014,15.854
3/21/2014,15.407
3/24/2014,15.832625
3/25/2014,15.7291875
3/26/2014,15.470625
3/27/2014,15.4756875
3/28/2014,15.353875
3/31/2014,15.1986875
4/1/2014,15.1448125
4/2/2014,15.1116875
4/3/2014,15.199875
4/4/2014,15.1333125
4/7/2014,15.375
4/8/2014,15.3598125
4/9/2014,15.089625
4/10/2014,15.169375
4/11/2014,15.4218125
4/14/2014,15.2418125
4/15/2014,14.6935
4/16/2014,14.555375
4/17/2014,14.385125
4/21/2014,14.2568125
4/22/2014,14.2298125
4/23/2014,14.337375
4/24/2014,14.399625
4/25/2014,14.680875
4/28/2014,15.0518125
4/29/2014,14.9585
4/30/2014,14.8595
5/1/2014,14.8856875
5/2/2014,14.861875
5/5/2014,15.021125
5/6/2014,15.1493125
5/7/2014,14.993875
5/8/2014,15.071625
5/9/2014,14.8961875
5/12/2014,14.7256875
5/13/2014,14.792
5/14/2014,14.8461875
5/15/2014,15.041625
5/16/2014,14.84
5/19/2014,14.7826875
5/20/2014,14.8226875
5/21/2014,14.776
5/22/2014,14.6776875
5/23/2014,14.701125
5/27/2014,14.693875
5/28/2014,14.766625
5/29/2014,14.7831875
5/30/2014,14.915625
6/2/2014,15.0255
6/3/2014,15.0898125
6/4/2014,15.1566875
6/5/2014,15.0528125
6/6/2014,14.891125
6/9/2014,14.8913125
6/10/2014,14.8916875
6/11/2014,15.045125
6/12/2014,15.217875
6/13/2014,15.479625
6/16/2014,15.5208125
6/17/2014,15.4886875
6/18/2014,15.3828125
6/19/2014,15.414875
6/20/2014,15.3658125
6/23/2014,15.215875
6/24/2014,15.281
6/25/2014,15.1426875
6/26/2014,15.1841875
6/27/2014,15.1206875
6/30/2014,14.961375
7/1/2014,14.9655
7/2/2014,14.9546875
7/3/2014,14.942125
7/7/2014,15.0281875
7/8/2014,15.0655
7/9/2014,14.951125
7/10/2014,15.057125
7/11/2014,15.0973125
7/14/2014,15.0405
7/15/2014,15.0821875
7/16/2014,14.96
7/17/2014,15.125875
7/18/2014,14.968
7/21/2014,15.180375
7/22/2014,14.6106875
7/23/2014,14.5835
7/24/2014,14.760375
7/25/2014,14.896875
7/28/2014,15.0566875
7/29/2014,15.2856875
7/30/2014,15.3583125
7/31/2014,15.778875
8/1/2014,16.0435
8/4/2014,15.927875
8/5/2014,16.1826875
8/6/2014,16.378375
8/7/2014,16.7473125
8/8/2014,16.6218125
8/11/2014,16.5396875
8/12/2014,16.4175
8/13/2014,16.0708125
8/14/2014,15.817125
8/15/2014,15.9755
8/18/2014,15.539
8/19/2014,15.4146875
8/20/2014,15.327625
8/21/2014,15.3036875
8/22/2014,15.267625
8/25/2014,15.248125
8/26/2014,15.176
8/27/2014,15.0656875
8/28/2014,15.079
8/29/2014,14.9528125
9/2/2014,15.1665
9/3/2014,15.0593125
9/4/2014,15.1931875
9/5/2014,15.065
9/8/2014,15.0383125
9/9/2014,15.040625
9/10/2014,15.068125
9/11/2014,15.146625
9/12/2014,15.384
9/15/2014,15.4413125
9/16/2014,15.299625
9/17/2014,15.49
9/18/2014,15.258375
9/19/2014,15.6061875
9/22/2014,15.519625
9/23/2014,15.5286875
9/24/2014,15.662625
9/25/2014,15.970375
9/26/2014,15.873
9/29/2014,16.0073125
9/30/2014,16.155
10/1/2014,16.522625
10/2/2014,16.5791875
10/3/2014,16.420375
10/6/2014,16.5728125
10/7/2014,16.9146875
10/8/2014,16.7158125
10/9/2014,16.9991875
10/10/2014,17.275
10/13/2014,17.5106875
10/14/2014,17.327
10/15/2014,17.8073125
10/16/2014,17.868125
10/17/2014,17.2101875
10/20/2014,17.1395
10/21/2014,17.018625
10/22/2014,16.7118125
10/23/2014,16.5581875
10/24/2014,16.509125
10/27/2014,16.576
10/28/2014,16.2823125
10/29/2014,16.369375
10/30/2014,16.410625
10/31/2014,16.557
11/3/2014,16.5898125
11/4/2014,16.666375
11/5/2014,16.7331875
11/6/2014,16.6916875
11/7/2014,16.615875
11/10/2014,16.4168125
11/11/2014,16.387875
11/12/2014,16.403875
11/13/2014,16.3986875
11/14/2014,16.3548125
11/17/2014,16.353875
11/18/2014,16.8455
11/19/2014,16.9703125
11/20/2014,17.0461875
11/21/2014,16.964
11/24/2014,16.7088125
11/25/2014,16.712375
11/26/2014,16.722625
11/28/2014,17.290375
12/1/2014,16.8061875
12/2/2014,16.6883125
12/3/2014,16.752625
12/4/2014,16.6841875
12/5/2014,16.575125
12/8/2014,16.840375
12/9/2014,17.110875
12/10/2014,17.508875
12/11/2014,17.3816875
12/12/2014,18.074
12/15/2014,18.566875
12/16/2014,18.6813125
12/17/2014,18.311875
12/18/2014,17.8416875
12/19/2014,17.4106875
12/22/2014,17.3183125
12/23/2014,17.3683125
12/24/2014,17.2053125
12/26/2014,17.356
12/29/2014,17.487875
12/30/2014,17.576875
12/31/2014,17.5238125
1/2/2015,17.7376875
1/5/2015,18.3685
1/6/2015,18.587
1/7/2015,18.7728125
1/8/2015,18.1676875
1/9/2015,18.224875
1/12/2015,18.1815
1/13/2015,18.114625
1/14/2015,18.4045
1/15/2015,18.548125
1/16/2015,17.877625
1/20/2015,17.6448125
1/21/2015,17.3291875
1/22/2015,16.9155
1/23/2015,16.7315
1/26/2015,16.824125
1/27/2015,17.380875
1/28/2015,17.454125
1/29/2015,17.5285
1/30/2015,18.0843125
2/2/2015,18.0818125
2/3/2015,17.603
2/4/2015,17.7623125
2/5/2015,17.0726875
2/6/2015,17.182375
2/9/2015,17.962875
2/10/2015,16.958375
2/11/2015,17.036375
2/12/2015,16.8291875
2/13/2015,16.2163125
2/17/2015,16.1133125
2/18/2015,16.0091875
2/19/2015,16.516375
2/20/2015,16.572625
2/23/2015,16.4981875
2/24/2015,16.988625
2/25/2015,17.072
2/26/2015,17.086125
2/27/2015,17.069375
3/2/2015,17.0025
3/3/2015,17.1141875
3/4/2015,17.313125
3/5/2015,17.2633125
3/6/2015,17.763
3/9/2015,17.6441875
3/10/2015,18.2215
3/11/2015,18.2055
3/12/2015,18.345375
3/13/2015,18.247125
3/16/2015,18.195375
3/17/2015,17.986125
3/18/2015,17.826625
3/19/2015,18.075625
3/20/2015,17.6681875
3/23/2015,17.22
3/24/2015,17.2061875
3/25/2015,17.300875
3/26/2015,17.705
3/27/2015,17.6468125
3/30/2015,17.4073125
3/31/2015,17.512875
4/1/2015,17.5073125
4/2/2015,17.521
4/6/2015,17.2871875
4/7/2015,17.3103125
4/8/2015,17.2425
4/9/2015,17.02
4/10/2015,16.9573125
4/13/2015,16.953875
4/14/2015,16.876625
4/15/2015,16.547375
4/16/2015,16.419375
4/17/2015,16.6203125
4/20/2015,16.423875
4/21/2015,16.2453125
4/22/2015,15.6478125
4/23/2015,15.8195
4/24/2015,15.8991875
4/27/2015,16.117
4/28/2015,16.069625
4/29/2015,16.0768125
4/30/2015,16.495125
5/1/2015,16.41
5/4/2015,16.069625
5/5/2015,15.985125
5/6/2015,16.3503125
5/7/2015,16.462375
5/8/2015,15.998
5/11/2015,15.9056875
5/12/2015,16.132
5/13/2015,15.954375
5/14/2015,15.826
5/15/2015,15.7683125
5/18/2015,15.4406875
5/19/2015,15.2986875
5/20/2015,15.4088125
5/21/2015,15.3408125
5/22/2015,15.2755
5/26/2015,15.5996875
5/27/2015,15.5186875
5/28/2015,15.4845
5/29/2015,15.604125
6/1/2015,15.6076875
6/2/2015,15.6256875
6/3/2015,15.5191875
6/4/2015,15.8078125
6/5/2015,15.9958125
6/8/2015,16.035875
6/9/2015,16.011125
6/10/2015,15.780625
6/11/2015,15.603625
6/12/2015,15.747625
6/15/2015,15.8266875
6/16/2015,15.962125
6/17/2015,16.199125
6/18/2015,15.9213125
6/19/2015,15.833875
6/22/2015,15.631125
6/23/2015,15.645125
6/24/2015,15.699875
6/25/2015,15.6425
6/26/2015,15.661375
6/29/2015,16.2535
6/30/2015,16.254875
7/1/2015,15.996375
7/2/2015,15.888125
7/6/2015,16.1095
7/7/2015,16.0186875
7/8/2015,16.4805
7/9/2015,16.236125
7/10/2015,16.390375
7/13/2015,15.9475
7/14/2015,15.780875
7/15/2015,15.630125
7/16/2015,15.4105
7/17/2015,15.2985
7/20/2015,15.106125
7/21/2015,15.1118125
7/22/2015,15.151375
7/23/2015,15.214
7/24/2015,15.2826875
7/27/2015,15.452875
7/28/2015,15.2963125
7/29/2015,15.135
7/30/2015,15.1273125
7/31/2015,15.1891875
8/3/2015,15.0325
8/4/2015,15.113125
8/5/2015,15.0173125
8/6/2015,15.2435
8/7/2015,15.436
8/10/2015,15.085
8/11/2015,15.358375
8/12/2015,15.429
8/13/2015,15.397
8/14/2015,15.3031875
8/17/2015,15.2141875
8/18/2015,15.183875
8/19/2015,15.393875
8/20/2015,15.8285
8/21/2015,17.104625
8/24/2015,19.1666875
8/25/2015,19.030875
8/26/2015,18.1533125
8/27/2015,17.477875
8/28/2015,17.6321875
8/31/2015,17.703
9/1/2015,19.092375
9/2/2015,18.620125
9/3/2015,18.3158125
9/4/2015,18.958125
9/8/2015,18.3871875
9/9/2015,18.816875
9/10/2015,18.889
9/11/2015,18.835125
9/14/2015,18.987
9/15/2015,18.3093125
9/16/2015,17.8698125
9/17/2015,17.594125
9/18/2015,17.899625
9/21/2015,17.490125
9/22/2015,18.0291875
9/23/2015,18.0728125
9/24/2015,17.9938125
9/25/2015,17.854125
9/28/2015,18.363125
9/29/2015,18.2288125
9/30/2015,18.082125
10/1/2015,17.9131875
10/2/2015,17.7991875
10/5/2015,17.1213125
10/6/2015,17.135125
10/7/2015,16.899125
10/8/2015,16.3661875
10/9/2015,16.4186875
10/12/2015,16.0571875
10/13/2015,16.2005
10/14/2015,16.2308125
10/15/2015,16.0835
10/16/2015,15.737875
10/19/2015,15.6213125
10/20/2015,15.5198125
10/21/2015,15.4065
10/22/2015,15.2365
10/23/2015,15.2375
10/26/2015,15.451
10/27/2015,15.6426875
10/28/2015,15.8918125
10/29/2015,15.485375
10/30/2015,15.185375
11/2/2015,15.4701875
11/3/2015,15.4811875
11/4/2015,15.1328125
11/5/2015,15.6758125
11/6/2015,15.342375
11/9/2015,15.7175
11/10/2015,15.4191875
11/11/2015,15.427875
11/12/2015,16.004875
11/13/2015,16.335625
11/16/2015,15.851125
11/17/2015,16.1868125
11/18/2015,15.8151875
11/19/2015,16.007
11/20/2015,15.8325
11/23/2015,15.8973125
11/24/2015,15.7945
11/25/2015,15.7021875
11/27/2015,15.7863125
11/30/2015,15.924375
12/1/2015,15.7083125
12/2/2015,15.901
12/3/2015,16.234875
12/4/2015,15.723875
12/7/2015,15.8665
12/8/2015,16.1231875
12/9/2015,16.427125
12/10/2015,16.4238125
12/11/2015,17.2426875
12/14/2015,17.2685
12/15/2015,16.8401875
12/16/2015,16.1963125
12/17/2015,16.144875
12/18/2015,16.855625
12/21/2015,16.5341875
12/22/2015,16.1416875
12/23/2015,15.866375
12/24/2015,15.7598125
12/28/2015,15.9011875
12/29/2015,15.6078125
12/30/2015,15.7198125
12/31/2015,15.947375
1/4/2016,16.706
1/5/2016,16.5243125
1/6/2016,16.957375
1/7/2016,17.5325
1/8/2016,17.924625
1/11/2016,17.618625
1/12/2016,17.4168125
1/13/2016,17.8503125
1/14/2016,17.567125
1/15/2016,18.6228125
1/19/2016,17.8288125
1/20/2016,18.76
1/21/2016,18.265375
1/22/2016,17.4746875
1/25/2016,17.761625
1/26/2016,17.446625
1/27/2016,17.3901875
1/28/2016,17.316875
1/29/2016,16.7463125
2/1/2016,16.6293125
2/2/2016,17.2295
2/3/2016,17.2741875
2/4/2016,17.3033125
2/5/2016,17.6963125
2/8/2016,18.5945
2/9/2016,18.621
2/10/2016,18.5046875
2/11/2016,19.1115
2/12/2016,18.736
2/16/2016,17.8948125
2/17/2016,17.0806875
2/18/2016,16.816
2/19/2016,16.64
2/22/2016,16.179875
2/23/2016,16.2493125
2/24/2016,16.2845
2/25/2016,16.1075
2/26/2016,16.584
2/29/2016,16.4781875
3/1/2016,15.9921875
3/2/2016,15.831625
3/3/2016,15.575625
3/4/2016,15.584125
3/7/2016,15.3225
3/8/2016,15.244
3/9/2016,15.134
3/10/2016,15.026875
3/11/2016,14.8328125
3/14/2016,14.736875
3/15/2016,14.929
3/16/2016,14.6368125
3/17/2016,14.588
3/18/2016,14.700375
3/21/2016,14.858
3/22/2016,15.381625
3/23/2016,15.474625
3/24/2016,15.562
3/28/2016,15.4915
3/29/2016,15.169375
3/30/2016,15.042875
3/31/2016,15.246875
4/1/2016,15.0441875
4/4/2016,15.1395
4/5/2016,15.798125
4/6/2016,15.514625
4/7/2016,16.113625
4/8/2016,15.8623125
4/11/2016,16.1983125
4/12/2016,16.112
4/13/2016,16.156875
4/14/2016,16.0568125
4/15/2016,15.8995
4/18/2016,15.724
4/19/2016,15.544125
4/20/2016,16.0598125
4/21/2016,16.267625
4/22/2016,16.2133125
4/25/2016,16.366125
4/26/2016,16.411625
4/27/2016,16.3353125
4/28/2016,16.6161875
4/29/2016,16.7983125
5/2/2016,16.72
5/3/2016,16.966875
5/4/2016,17.1333125
5/5/2016,17.4535
5/6/2016,17.2195
5/9/2016,17.135125
5/10/2016,16.817625
5/11/2016,16.975625
5/12/2016,16.946
5/13/2016,17.1773125
5/16/2016,16.8411875
5/17/2016,16.99
5/18/2016,16.895
5/19/2016,16.9815
5/20/2016,16.792
5/23/2016,16.517125
5/24/2016,16.0611875
5/25/2016,15.894625
5/26/2016,15.7025
5/27/2016,15.6743125
5/31/2016,15.7525
6/1/2016,15.7743125
6/2/2016,15.701
6/3/2016,15.6143125
6/6/2016,15.5988125
6/7/2016,15.702375
6/8/2016,15.735
6/9/2016,15.9405
6/10/2016,16.413125
6/13/2016,17.443
6/14/2016,17.699625
6/15/2016,17.4606875
6/16/2016,17.4461875
6/17/2016,17.313
6/20/2016,16.997625
6/21/2016,16.808
6/22/2016,16.7821875
6/23/2016,16.3646875
6/24/2016,17.4488125
6/27/2016,17.8035
6/28/2016,17.1546875
6/29/2016,16.752
6/30/2016,16.417125
7/1/2016,16.0173125
7/5/2016,16.4088125
7/6/2016,16.6805
7/7/2016,16.493375
7/8/2016,15.823
7/11/2016,15.6715
7/12/2016,15.857375
7/13/2016,15.885375
7/14/2016,15.835125
7/15/2016,15.780875
7/18/2016,15.7188125
7/19/2016,15.9358125
7/20/2016,15.851375
7/21/2016,15.9075
7/22/2016,15.998375
7/25/2016,16.0606875
7/26/2016,16.286625
7/27/2016,16.0888125
7/28/2016,16.1331875
7/29/2016,16.008375
8/1/2016,16.2523125
8/2/2016,16.358875
8/3/2016,16.3356875
8/4/2016,16.273125
8/5/2016,16.0991875
8/8/2016,16.072375
8/9/2016,15.971375
8/10/2016,15.8735
8/11/2016,15.820625
8/12/2016,15.9171875
8/15/2016,15.7356875
8/16/2016,15.927875
8/17/2016,15.759
8/18/2016,15.768
8/19/2016,15.9411875
8/22/2016,15.910125
8/23/2016,15.933875
8/24/2016,16.247
8/25/2016,16.351375
8/26/2016,16.5723125
8/29/2016,16.4651875
8/30/2016,16.5968125
8/31/2016,16.637625
9/1/2016,16.6956875
9/2/2016,16.5503125
9/6/2016,16.535625
9/7/2016,16.5433125
9/8/2016,16.5441875
9/9/2016,17.6465
9/12/2016,17.3748125
9/13/2016,17.9485
9/14/2016,18.139125
9/15/2016,17.7445
9/16/2016,17.7543125
9/19/2016,17.6108125
9/20/2016,17.586625
9/21/2016,17.124
9/22/2016,16.8708125
9/23/2016,16.9726875
9/26/2016,17.247125
9/27/2016,16.845625
9/28/2016,16.868125
9/29/2016,17.024625
9/30/2016,16.606375
10/3/2016,16.825875
10/4/2016,16.943875
10/5/2016,16.922875
10/6/2016,16.981
10/7/2016,16.809
10/10/2016,16.7986875
10/11/2016,17.0105
10/12/2016,16.942625
10/13/2016,16.9585
10/14/2016,16.8735
10/17/2016,16.952125
10/18/2016,16.771875
10/19/2016,16.641375
10/20/2016,16.632125
10/21/2016,16.529
10/24/2016,16.2896875
10/25/2016,16.506875
10/26/2016,16.043875
10/27/2016,16.1011875
10/28/2016,16.397625
10/31/2016,16.3785
11/1/2016,16.7151875
11/2/2016,16.737375
11/3/2016,16.949625
11/4/2016,16.8895
11/7/2016,16.2745
11/8/2016,16.034125
11/9/2016,15.995875
11/10/2016,16.360875
11/11/2016,16.3636875
11/14/2016,16.4543125
11/15/2016,16.186125
11/16/2016,15.988
11/17/2016,16.009625
11/18/2016,16.036125
11/21/2016,15.7588125
11/22/2016,15.7363125
11/23/2016,15.871875
11/25/2016,15.7441875
11/28/2016,15.882125
11/29/2016,16.071125
11/30/2016,16.4256875
12/1/2016,16.797375
12/2/2016,16.7105
12/5/2016,16.4676875
12/6/2016,16.565625
12/7/2016,16.38
12/8/2016,16.493875
12/9/2016,16.492375
12/12/2016,16.7028125
12/13/2016,16.874375
12/14/2016,16.908375
12/15/2016,16.7985
12/16/2016,16.652875
12/19/2016,16.319375
12/20/2016,16.3488125
12/21/2016,16.3775
12/22/2016,16.552625
12/23/2016,16.483625
12/27/2016,16.511375
12/28/2016,16.609625
12/29/2016,16.6131875
12/30/2016,16.794
1/3/2017,16.6795
1/4/2017,16.543375
1/5/2017,16.3558125
1/6/2017,16.1988125
1/9/2017,16.1916875
1/10/2017,16.270375
1/11/2017,16.2236875
1/12/2017,16.148
1/13/2017,16.092625
1/17/2017,16.089125
1/18/2017,15.959
1/19/2017,15.7881875
1/20/2017,15.538625
1/23/2017,15.2833125
1/24/2017,14.939875
1/25/2017,14.8663125
1/26/2017,14.86
1/27/2017,15.0695
1/30/2017,15.191875
1/31/2017,15.342625
2/1/2017,15.461125
2/2/2017,15.472
2/3/2017,15.401125
2/6/2017,15.249875
2/7/2017,15.161375
2/8/2017,15.346375
2/9/2017,15.014125
2/10/2017,14.9768125
2/13/2017,15.140875
2/14/2017,15.204125
2/15/2017,14.994125
2/16/2017,15.085375
2/17/2017,15.19
2/21/2017,15.0685
2/22/2017,15.1755
2/23/2017,15.164875
2/24/2017,15.2925
2/27/2017,15.300625
2/28/2017,15.237375
3/1/2017,15.0745
3/2/2017,15.2353125
3/3/2017,15.1513125
3/6/2017,15.083
3/7/2017,15.2171875
3/8/2017,14.9736875
3/9/2017,15.117625
3/10/2017,14.9696875
3/13/2017,14.957125
3/14/2017,14.958875
3/15/2017,14.650625
3/16/2017,14.812875
3/17/2017,14.2841875
3/20/2017,14.451625
3/21/2017,14.615375
3/22/2017,14.334625
3/23/2017,14.374375
3/24/2017,14.429875
3/27/2017,14.485625
3/28/2017,14.369
3/29/2017,14.196125
3/30/2017,14.079875
3/31/2017,13.813875
4/3/2017,14.0348125
4/4/2017,14.106
4/5/2017,13.9441875
4/6/2017,14.037625
4/7/2017,14.0908125
4/10/2017,14.1185
4/11/2017,14.036625
4/12/2017,14.199125
4/13/2017,14.194125
4/17/2017,14.1108125
4/18/2017,14.0918125
4/19/2017,14.254625
4/20/2017,14.0261875
4/21/2017,14.044625
4/24/2017,13.924375
4/25/2017,13.7248125
4/26/2017,13.6541875
4/27/2017,13.393125
4/28/2017,13.5473125
5/1/2017,13.3755
5/2/2017,13.3523125
5/3/2017,13.394625
5/4/2017,13.2878125
5/5/2017,13.338125
5/8/2017,13.3318125
5/9/2017,13.588125
5/10/2017,13.6235
5/11/2017,13.5963125
5/12/2017,13.7275
5/15/2017,13.678375
5/16/2017,13.6563125
5/17/2017,14.1888125
5/18/2017,14.2985
5/19/2017,14.317125
5/22/2017,14.118125
5/23/2017,14.1508125
5/24/2017,14.2883125
5/25/2017,14.3673125
5/26/2017,14.4025
5/30/2017,14.4993125
5/31/2017,14.3068125
6/1/2017,14.4383125
6/2/2017,14.3018125
6/5/2017,14.2118125
6/6/2017,14.2461875
6/7/2017,14.1601875
6/8/2017,14.1686875
6/9/2017,14.029625
6/12/2017,14.1041875
6/13/2017,14.0351875
6/14/2017,14.044125
6/15/2017,14.087875
6/16/2017,14.168875
6/19/2017,13.9181875
6/20/2017,13.9478125
6/21/2017,13.9798125
6/22/2017,14.0485
6/23/2017,13.8441875
6/26/2017,13.815
6/27/2017,14.19
6/28/2017,13.994875
6/29/2017,14.255375
6/30/2017,14.194625
7/3/2017,14.1833125
7/5/2017,14.1116875
7/6/2017,14.202625
7/7/2017,14.192875
7/10/2017,14.1703125
7/11/2017,14.239375
7/12/2017,14.0738125
7/13/2017,13.972625
7/14/2017,13.841625
7/17/2017,13.829875
7/18/2017,13.756125
7/19/2017,13.6656875
7/20/2017,13.6721875
7/21/2017,13.683
7/24/2017,13.6725
7/25/2017,13.448125
7/26/2017,13.5365
7/27/2017,13.5756875
7/28/2017,13.4595
7/31/2017,13.363
8/1/2017,13.356375
8/2/2017,13.446625
8/3/2017,13.3401875
8/4/2017,13.3341875
8/7/2017,13.346375
8/8/2017,13.571625
8/9/2017,13.553625
8/10/2017,13.764875
8/11/2017,13.807
8/14/2017,13.3785
8/15/2017,13.373125
8/16/2017,13.135375
8/17/2017,13.6768125
8/18/2017,13.4601875
8/21/2017,13.270875
8/22/2017,13.207375
8/23/2017,13.306125
8/24/2017,13.3665
8/25/2017,13.2271875
8/28/2017,13.2836875
8/29/2017,13.2491875
8/30/2017,13.4085
8/31/2017,13.156875
9/1/2017,13.1276875
9/5/2017,13.3106875
9/6/2017,13.3013125
9/7/2017,13.328875
9/8/2017,13.3896875
9/11/2017,13.2055
9/12/2017,13.1275
9/13/2017,13.1356875
9/14/2017,13.5026875
9/15/2017,13.482
9/18/2017,13.330125
9/19/2017,13.4203125
9/20/2017,13.387375
9/21/2017,13.287875
9/22/2017,13.265125
9/25/2017,13.453
9/26/2017,13.374875
9/27/2017,13.7333125
9/28/2017,13.7503125
9/29/2017,13.523875
10/2/2017,13.6621875
10/3/2017,13.732
10/4/2017,13.8471875
10/5/2017,13.719875
10/6/2017,13.742875
10/9/2017,13.694
10/10/2017,13.885125
10/11/2017,13.8175
10/12/2017,13.815875
10/13/2017,13.661625
10/16/2017,13.6705
10/17/2017,13.711
10/18/2017,13.6801875
10/19/2017,13.5951875
10/20/2017,13.6043125
10/23/2017,13.777875
10/24/2017,13.782625
10/25/2017,13.736
10/26/2017,13.6286875
10/27/2017,13.5351875
10/30/2017,13.646
10/31/2017,13.7431875
11/1/2017,13.711
11/2/2017,13.6981875
11/3/2017,13.6471875
11/6/2017,13.764125
11/7/2017,13.8235
11/8/2017,13.892875
11/9/2017,14.1433125
11/10/2017,14.125375
11/13/2017,13.9796875
11/14/2017,14.1605
11/15/2017,14.390125
11/16/2017,14.063
11/17/2017,14.7746875
11/20/2017,14.637125
11/21/2017,14.5136875
11/22/2017,14.310625
11/24/2017,14.229125
11/27/2017,14.190625
11/28/2017,14.136625
11/29/2017,14.2963125
11/30/2017,14.420625
12/1/2017,14.421
12/4/2017,14.4853125
12/5/2017,14.408125
12/6/2017,14.1595
12/7/2017,14.1395
12/8/2017,14.4216875
