MSFT,
Date,12MO_PUT_IMP_VOL
12/10/2007,27.010375
12/11/2007,26.5661875
12/12/2007,26.473875
12/13/2007,26.4103125
12/14/2007,25.4028125
12/17/2007,25.9736875
12/18/2007,25.590625
12/19/2007,25.1165
12/20/2007,24.7695
12/21/2007,24.3838125
12/24/2007,24.181125
12/26/2007,24.061125
12/27/2007,24.233875
12/28/2007,24.302375
12/31/2007,24.688375
1/2/2008,25.499375
1/3/2008,25.3076875
1/4/2008,26.758
1/7/2008,26.6123125
1/8/2008,27.1615
1/9/2008,26.937875
1/10/2008,26.7536875
1/11/2008,27.514625
1/14/2008,27.1505
1/15/2008,27.3686875
1/16/2008,27.890125
1/17/2008,28.523625
1/18/2008,28.142
1/22/2008,28.5015
1/23/2008,29.156875
1/24/2008,28.868625
1/25/2008,27.695
1/28/2008,27.723
1/29/2008,27.1278125
1/30/2008,26.913875
1/31/2008,26.7605
2/1/2008,28.3541875
2/4/2008,28.2191875
2/5/2008,30.402375
2/6/2008,31.4503125
2/7/2008,32.4705
2/8/2008,31.5811875
2/11/2008,31.849375
2/12/2008,31.5241875
2/13/2008,30.7115
2/14/2008,30.787875
2/15/2008,30.820125
2/19/2008,30.1526875
2/20/2008,29.842
2/21/2008,29.998375
2/22/2008,30.3283125
2/25/2008,29.757125
2/26/2008,28.9156875
2/27/2008,29.261625
2/28/2008,30.5083125
2/29/2008,31.8965
3/3/2008,31.787125
3/4/2008,31.624
3/5/2008,30.3615
3/6/2008,30.815625
3/7/2008,31.1906875
3/10/2008,31.599125
3/11/2008,30.407875
3/12/2008,31.189
3/13/2008,31.5983125
3/14/2008,33.624625
3/17/2008,33.962875
3/18/2008,31.2453125
3/19/2008,31.9515
3/20/2008,32.010375
3/24/2008,31.6275
3/25/2008,31.572625
3/26/2008,32.3366875
3/27/2008,33.021625
3/28/2008,33.161875
3/31/2008,32.7006875
4/1/2008,30.401
4/2/2008,30.599375
4/3/2008,30.3935
4/4/2008,30.0483125
4/7/2008,30.1058125
4/8/2008,30.378375
4/9/2008,30.3211875
4/10/2008,29.4375
4/11/2008,31.292375
4/14/2008,31.708625
4/15/2008,31.154625
4/16/2008,30.4753125
4/17/2008,30.279625
4/18/2008,29.0815
4/21/2008,28.177
4/22/2008,27.967
4/23/2008,27.101125
4/24/2008,27.5671875
4/25/2008,27.888
4/28/2008,28.689875
4/29/2008,28.9228125
4/30/2008,28.616
5/1/2008,27.838125
5/2/2008,27.9113125
5/5/2008,28.153
5/6/2008,27.2826875
5/7/2008,28.2656875
5/8/2008,28.4953125
5/9/2008,28.4293125
5/12/2008,27.4173125
5/13/2008,27.565
5/14/2008,27.0701875
5/15/2008,25.742875
5/16/2008,26.5546875
5/19/2008,27.114
5/20/2008,28.710125
5/21/2008,29.4106875
5/22/2008,29.358
5/23/2008,30.131875
5/27/2008,29.653625
5/28/2008,29.936375
5/29/2008,29.289125
5/30/2008,28.5913125
6/2/2008,29.243875
6/3/2008,30.118625
6/4/2008,30.685
6/5/2008,29.443
6/6/2008,31.2825
6/9/2008,30.871375
6/10/2008,30.518375
6/11/2008,32.133875
6/12/2008,31.207125
6/13/2008,29.619
6/16/2008,29.6621875
6/17/2008,29.359
6/18/2008,29.6048125
6/19/2008,28.933875
6/20/2008,29.731125
6/23/2008,30.1105
6/24/2008,30.2475
6/25/2008,29.247375
6/26/2008,30.350375
6/27/2008,30.593625
6/30/2008,30.509
7/1/2008,31.5835
7/2/2008,33.4215
7/3/2008,33.723125
7/7/2008,33.0028125
7/8/2008,32.207
7/9/2008,33.2096875
7/10/2008,33.197625
7/11/2008,34.1541875
7/14/2008,34.2745
7/15/2008,33.8663125
7/16/2008,32.0948125
7/17/2008,32.247
7/18/2008,32.363625
7/21/2008,31.5883125
7/22/2008,31.1368125
7/23/2008,30.684375
7/24/2008,32.391375
7/25/2008,31.229875
7/28/2008,32.3881875
7/29/2008,31.334875
7/30/2008,31.711875
7/31/2008,31.868875
8/1/2008,32.3951875
8/4/2008,32.5655
8/5/2008,31.344125
8/6/2008,30.697125
8/7/2008,31.224625
8/8/2008,30.318625
8/11/2008,30.8688125
8/12/2008,30.0386875
8/13/2008,30.544625
8/14/2008,30.3968125
8/15/2008,29.974875
8/18/2008,30.082125
8/19/2008,30.5625
8/20/2008,30.5363125
8/21/2008,30.3801875
8/22/2008,29.754875
8/25/2008,30.1551875
8/26/2008,30.6895
8/27/2008,30.1116875
8/28/2008,29.8778125
8/29/2008,30.335625
9/2/2008,30.9238125
9/3/2008,31.414625
9/4/2008,32.496625
9/5/2008,33.0283125
9/8/2008,32.814125
9/9/2008,32.5086875
9/10/2008,32.0548125
9/11/2008,31.8776875
9/12/2008,31.3866875
9/15/2008,32.2575
9/16/2008,33.897375
9/17/2008,36.7336875
9/18/2008,38.824375
9/19/2008,35.942375
9/22/2008,35.753625
9/23/2008,35.427375
9/24/2008,35.3556875
9/25/2008,33.5725
9/26/2008,32.870125
9/29/2008,36.2278125
9/30/2008,35.354875
10/1/2008,35.0365
10/2/2008,35.939
10/3/2008,35.630625
10/6/2008,41.340875
10/7/2008,41.1275
10/8/2008,45.0206875
10/9/2008,43.3141875
10/10/2008,53.980125
10/13/2008,39.746125
10/14/2008,41.399625
10/15/2008,46.319625
10/16/2008,47.796125
10/17/2008,44.2973125
10/20/2008,44.3343125
10/21/2008,42.990125
10/22/2008,49.8656875
10/23/2008,54.847375
10/24/2008,52.387375
10/27/2008,50.114875
10/28/2008,52.6051875
10/29/2008,48.485
10/30/2008,51.1576875
10/31/2008,50.871625
11/3/2008,50.0906875
11/4/2008,46.809375
11/5/2008,47.6738125
11/6/2008,51.827125
11/7/2008,50.1335
11/10/2008,49.875625
11/11/2008,51.33
11/12/2008,53.317
11/13/2008,56.9063125
11/14/2008,55.336
11/17/2008,56.8403125
11/18/2008,62.0626875
11/19/2008,64.323625
11/20/2008,67.3525
11/21/2008,66.9383125
11/24/2008,58.9993125
11/25/2008,60.0661875
11/26/2008,58.569
11/28/2008,57.4515
12/1/2008,60.6725
12/2/2008,61.8946875
12/3/2008,59.4513125
12/4/2008,59.733875
12/5/2008,61.0053125
12/8/2008,55.713875
12/9/2008,58.207875
12/10/2008,58.032
12/11/2008,58.336375
12/12/2008,59.627625
12/15/2008,59.5086875
12/16/2008,57.0455
12/17/2008,55.658125
12/18/2008,54.524375
12/19/2008,52.346125
12/22/2008,52.233375
12/23/2008,53.196125
12/24/2008,51.882125
12/26/2008,51.51
12/29/2008,51.073375
12/30/2008,49.5695
12/31/2008,49.481625
1/2/2009,48.5088125
1/5/2009,46.4821875
1/6/2009,45.612
1/7/2009,48.093125
1/8/2009,48.659125
1/9/2009,48.089125
1/12/2009,48.632
1/13/2009,48.492625
1/14/2009,49.7743125
1/15/2009,49.6181875
1/16/2009,46.9546875
1/20/2009,50.3711875
1/21/2009,49.364875
1/22/2009,47.8708125
1/23/2009,47.4508125
1/26/2009,47.3066875
1/27/2009,46.3033125
1/28/2009,45.1436875
1/29/2009,47.3033125
1/30/2009,48.5563125
2/2/2009,48.274875
2/3/2009,46.763125
2/4/2009,46.127375
2/5/2009,45.397625
2/6/2009,44.275125
2/9/2009,44.309625
2/10/2009,46.6271875
2/11/2009,46.749
2/12/2009,47.394
2/13/2009,45.4765
2/17/2009,47.6123125
2/18/2009,47.4993125
2/19/2009,47.038
2/20/2009,47.779
2/23/2009,48.009125
2/24/2009,48.923625
2/25/2009,48.635
2/26/2009,48.444875
2/27/2009,48.591625
3/2/2009,50.3343125
3/3/2009,47.953
3/4/2009,47.406125
3/5/2009,48.057125
3/6/2009,48.7233125
3/9/2009,49.3373125
3/10/2009,47.101
3/11/2009,46.3988125
3/12/2009,46.0666875
3/13/2009,46.197125
3/16/2009,45.9181875
3/17/2009,44.630375
3/18/2009,45.2193125
3/19/2009,45.7138125
3/20/2009,48.573125
3/23/2009,46.3526875
3/24/2009,46.3645
3/25/2009,47.330375
3/26/2009,45.9761875
3/27/2009,46.295
3/30/2009,47.9195
3/31/2009,46.259
4/1/2009,47.6645
4/2/2009,47.360375
4/3/2009,47.1096875
4/6/2009,46.753125
4/7/2009,47.161
4/8/2009,46.626625
4/9/2009,46.2173125
4/13/2009,46.111125
4/14/2009,46.4398125
4/15/2009,46.9495
4/16/2009,44.959375
4/17/2009,42.9825
4/20/2009,44.3686875
4/21/2009,43.27
4/22/2009,41.7961875
4/23/2009,42.5591875
4/24/2009,39.786375
4/27/2009,41.497375
4/28/2009,42.5996875
4/29/2009,40.9891875
4/30/2009,41.0025
5/1/2009,41.072125
5/4/2009,40.656875
5/5/2009,41.139
5/6/2009,40.1678125
5/7/2009,40.498125
5/8/2009,38.740125
5/11/2009,39.805
5/12/2009,39.6091875
5/13/2009,39.319625
5/14/2009,38.205625
5/15/2009,36.3058125
5/18/2009,35.9993125
5/19/2009,35.3835
5/20/2009,34.7931875
5/21/2009,36.785125
5/22/2009,36.4205
5/26/2009,36.1758125
5/27/2009,36.363625
5/28/2009,36.326875
5/29/2009,36.0496875
6/1/2009,36.066
6/2/2009,36.416125
6/3/2009,37.063125
6/4/2009,36.6975
6/5/2009,36.241125
6/8/2009,36.7363125
6/9/2009,35.767
6/10/2009,35.5046875
6/11/2009,34.6481875
6/12/2009,34.6378125
6/15/2009,34.942875
6/16/2009,35.247125
6/17/2009,35.0651875
6/18/2009,35.134
6/19/2009,34.2028125
6/22/2009,35.640875
6/23/2009,36.4015
6/24/2009,35.8915
6/25/2009,35.253625
6/26/2009,34.6118125
6/29/2009,34.1708125
6/30/2009,34.8325
7/1/2009,33.9988125
7/2/2009,35.1766875
7/6/2009,35.264625
7/7/2009,35.909875
7/8/2009,36.7248125
7/9/2009,36.0313125
7/10/2009,35.7346875
7/13/2009,34.799125
7/14/2009,34.377375
7/15/2009,33.556625
7/16/2009,32.969625
7/17/2009,32.468
7/20/2009,32.343875
7/21/2009,31.8376875
7/22/2009,31.7278125
7/23/2009,30.6986875
7/24/2009,31.2806875
7/27/2009,32.3431875
7/28/2009,31.871125
7/29/2009,32.1311875
7/30/2009,31.516
7/31/2009,31.651125
8/3/2009,31.807375
8/4/2009,31.9495
8/5/2009,31.7168125
8/6/2009,31.979125
8/7/2009,31.510375
8/10/2009,31.7318125
8/11/2009,32.0363125
8/12/2009,31.879875
8/13/2009,31.978625
8/14/2009,32.0955
8/17/2009,33.1395
8/18/2009,32.6088125
8/19/2009,32.5833125
8/20/2009,32.2201875
8/21/2009,31.4893125
8/24/2009,31.305875
8/25/2009,30.8636875
8/26/2009,30.7676875
8/27/2009,30.7598125
8/28/2009,30.930125
8/31/2009,31.8231875
9/1/2009,32.438375
9/2/2009,32.7748125
9/3/2009,33.279125
9/4/2009,31.9753125
9/8/2009,32.1493125
9/9/2009,31.6668125
9/10/2009,30.815625
9/11/2009,30.4126875
9/14/2009,30.1598125
9/15/2009,29.796
9/16/2009,29.8471875
9/17/2009,30.241625
9/18/2009,29.992
9/21/2009,30.1425
9/22/2009,29.5065
9/23/2009,28.886625
9/24/2009,29.5066875
9/25/2009,29.7991875
9/28/2009,29.512625
9/29/2009,29.5085
9/30/2009,29.5613125
10/1/2009,30.623
10/2/2009,30.843125
10/5/2009,31.277125
10/6/2009,30.8273125
10/7/2009,30.7493125
10/8/2009,29.779625
10/9/2009,29.7193125
10/12/2009,29.2596875
10/13/2009,29.035125
10/14/2009,29.193
10/15/2009,27.648
10/16/2009,27.298875
10/19/2009,26.913625
10/20/2009,27.170125
10/21/2009,27.220375
10/22/2009,27.961875
10/23/2009,26.758875
10/26/2009,27.389
10/27/2009,27.553375
10/28/2009,29.0646875
10/29/2009,28.721
10/30/2009,30.3338125
11/2/2009,30.5643125
11/3/2009,30.683125
11/4/2009,29.9066875
11/5/2009,29.6068125
11/6/2009,29.7146875
11/9/2009,29.308
11/10/2009,29.008
11/11/2009,29.272625
11/12/2009,29.2903125
11/13/2009,29.2225
11/16/2009,29.320625
11/17/2009,28.740375
11/18/2009,27.9811875
11/19/2009,28.0896875
11/20/2009,28.197375
11/23/2009,27.7823125
11/24/2009,27.5951875
11/25/2009,27.197
11/27/2009,28.629625
11/30/2009,28.650375
12/1/2009,28.1898125
12/2/2009,28.284375
12/3/2009,28.4501875
12/4/2009,28.592625
12/7/2009,28.8335
12/8/2009,29.478875
12/9/2009,29.7771875
12/10/2009,29.4831875
12/11/2009,29.423875
12/14/2009,28.985375
12/15/2009,28.920875
12/16/2009,28.5233125
12/17/2009,28.892875
12/18/2009,28.4578125
12/21/2009,27.675875
12/22/2009,26.977375
12/23/2009,26.9048125
12/24/2009,26.7788125
12/28/2009,26.739
12/29/2009,26.49
12/30/2009,26.7955
12/31/2009,27.018625
1/4/2010,27.0433125
1/5/2010,27.016875
1/6/2010,26.2903125
1/7/2010,26.1905
1/8/2010,25.7121875
1/11/2010,25.859125
1/12/2010,25.695
1/13/2010,24.7928125
1/14/2010,24.5661875
1/15/2010,24.7185
1/19/2010,24.0531875
1/20/2010,24.297
1/21/2010,25.084375
1/22/2010,26.3325
1/25/2010,26.6988125
1/26/2010,26.610625
1/27/2010,27.0075
1/28/2010,27.618
1/29/2010,26.7201875
2/1/2010,26.821125
2/2/2010,25.6921875
2/3/2010,25.462875
2/4/2010,27.414125
2/5/2010,28.2525
2/8/2010,27.7278125
2/9/2010,27.104375
2/10/2010,27.209375
2/11/2010,26.7303125
2/12/2010,27.1775
2/16/2010,26.9133125
2/17/2010,26.4803125
2/18/2010,25.8308125
2/19/2010,25.1593125
2/22/2010,24.9713125
2/23/2010,25.428625
2/24/2010,24.7693125
2/25/2010,24.9938125
2/26/2010,24.6025
3/1/2010,24.674875
3/2/2010,24.5181875
3/3/2010,24.4203125
3/4/2010,24.682125
3/5/2010,24.411
3/8/2010,24.199875
3/9/2010,23.986875
3/10/2010,24.3998125
3/11/2010,25.480875
3/12/2010,25.437875
3/15/2010,25.3545
3/16/2010,24.9686875
3/17/2010,24.892125
3/18/2010,24.9375
3/19/2010,25.094375
3/22/2010,25.027625
3/23/2010,24.9975
3/24/2010,25.070125
3/25/2010,24.884125
3/26/2010,25.041375
3/29/2010,24.9981875
3/30/2010,24.8105
3/31/2010,24.8398125
4/1/2010,25.6295
4/5/2010,25.5071875
4/6/2010,25.385625
4/7/2010,25.6055
4/8/2010,25.503125
4/9/2010,25.4885
4/12/2010,25.326375
4/13/2010,24.9886875
4/14/2010,24.4028125
4/15/2010,24.6276875
4/16/2010,24.8245
4/19/2010,24.7675
4/20/2010,24.4653125
4/21/2010,24.515125
4/22/2010,24.804125
4/23/2010,25.042125
4/26/2010,24.938
4/27/2010,25.7683125
4/28/2010,25.6006875
4/29/2010,25.0678125
4/30/2010,25.5111875
5/3/2010,25.3696875
5/4/2010,27.3433125
5/5/2010,27.869
5/6/2010,29.6881875
5/7/2010,32.6956875
5/10/2010,30.4631875
5/11/2010,29.351375
5/12/2010,27.684875
5/13/2010,27.712
5/14/2010,29.9935
5/17/2010,30.628125
5/18/2010,30.710875
5/19/2010,31.5225
5/20/2010,33.452
5/21/2010,34.3866875
5/24/2010,33.6923125
5/25/2010,35.508875
5/26/2010,32.653625
5/27/2010,32.147625
5/28/2010,32.569375
6/1/2010,31.865875
6/2/2010,31.457125
6/3/2010,30.5638125
6/4/2010,32.173875
6/7/2010,32.9008125
6/8/2010,33.499625
6/9/2010,31.946125
6/10/2010,31.917375
6/11/2010,31.6001875
6/14/2010,31.021125
6/15/2010,29.6936875
6/16/2010,29.7078125
6/17/2010,29.374
6/18/2010,28.659375
6/21/2010,28.5691875
6/22/2010,28.6786875
6/23/2010,29.901875
6/24/2010,30.743375
6/25/2010,31.601
6/28/2010,31.6588125
6/29/2010,34.193
6/30/2010,34.007375
7/1/2010,35.452875
7/2/2010,35.341875
7/6/2010,33.8678125
7/7/2010,33.254375
7/8/2010,32.6546875
7/9/2010,32.703875
7/12/2010,32.2966875
7/13/2010,31.6125
7/14/2010,31.6591875
7/15/2010,31.8881875
7/16/2010,32.7576875
7/19/2010,31.7051875
7/20/2010,30.836125
7/21/2010,31.317625
7/22/2010,29.8941875
7/23/2010,29.8753125
7/26/2010,29.860875
7/27/2010,29.394625
7/28/2010,28.874375
7/29/2010,28.805625
7/30/2010,29.009625
8/2/2010,28.1211875
8/3/2010,28.233
8/4/2010,29.0835
8/5/2010,29.3295
8/6/2010,29.4451875
8/9/2010,28.4256875
8/10/2010,29.1795
8/11/2010,30.6363125
8/12/2010,30.9478125
8/13/2010,31.2976875
8/16/2010,31.3863125
8/17/2010,30.471
8/18/2010,30.5285
8/19/2010,31.5508125
8/20/2010,31.458875
8/23/2010,31.0561875
8/24/2010,31.9801875
8/25/2010,32.0918125
8/26/2010,32.1003125
8/27/2010,31.9096875
8/30/2010,31.8013125
8/31/2010,32.546125
9/1/2010,30.9916875
9/2/2010,30.9171875
9/3/2010,29.7988125
9/7/2010,30.0786875
9/8/2010,30.221
9/9/2010,29.500125
9/10/2010,29.2596875
9/13/2010,28.3011875
9/14/2010,27.5751875
9/15/2010,27.623375
9/16/2010,27.6308125
9/17/2010,27.6733125
9/20/2010,27.375125
9/21/2010,27.4916875
9/22/2010,28.471875
9/23/2010,28.428375
9/24/2010,28.2315
9/27/2010,28.178625
9/28/2010,28.9085
9/29/2010,28.9133125
9/30/2010,29.2705
10/1/2010,29.617
10/4/2010,30.040375
10/5/2010,29.0923125
10/6/2010,28.922
10/7/2010,28.7856875
10/8/2010,28.581
10/11/2010,28.5578125
10/12/2010,28.372875
10/13/2010,27.533375
10/14/2010,27.973625
10/15/2010,28.2183125
10/18/2010,27.9988125
10/19/2010,28.2988125
10/20/2010,27.574
10/21/2010,27.549625
10/22/2010,27.05
10/25/2010,26.9216875
10/26/2010,27.2565
10/27/2010,27.6841875
10/28/2010,27.386125
10/29/2010,26.454
11/1/2010,26.089875
11/2/2010,26.4816875
11/3/2010,26.7373125
11/4/2010,25.807
11/5/2010,26.2848125
11/8/2010,25.9861875
11/9/2010,25.9508125
11/10/2010,26.073625
11/11/2010,26.47
11/12/2010,26.9785
11/15/2010,26.972
11/16/2010,27.7916875
11/17/2010,27.6713125
11/18/2010,27.0228125
11/19/2010,26.6478125
11/22/2010,26.7065
11/23/2010,27.120125
11/24/2010,26.786
11/26/2010,26.959375
11/29/2010,27.335
11/30/2010,27.6095
12/1/2010,27.018375
12/2/2010,26.8231875
12/3/2010,26.6833125
12/6/2010,26.582125
12/7/2010,26.9945
12/8/2010,27.296875
12/9/2010,26.9925
12/10/2010,26.879625
12/13/2010,26.737375
12/14/2010,26.395625
12/15/2010,26.615125
12/16/2010,26.3436875
12/17/2010,26.34
12/20/2010,26.0516875
12/21/2010,25.833
12/22/2010,25.731125
12/23/2010,25.9195
12/27/2010,26.2601875
12/28/2010,26.359
12/29/2010,26.3673125
12/30/2010,26.5671875
12/31/2010,26.781875
1/3/2011,26.6468125
1/4/2011,26.7978125
1/5/2011,26.4905
1/6/2011,26.334625
1/7/2011,26.4163125
1/10/2011,26.277375
1/11/2011,25.956375
1/12/2011,25.496
1/13/2011,24.9706875
1/14/2011,24.3506875
1/18/2011,24.286125
1/19/2011,24.699125
1/20/2011,25.125
1/21/2011,24.997
1/24/2011,24.4923125
1/25/2011,24.7985
1/26/2011,24.401
1/27/2011,24.3731875
1/28/2011,25.036375
1/31/2011,24.3516875
2/1/2011,23.8405
2/2/2011,23.5318125
2/3/2011,23.5891875
2/4/2011,23.2715
2/7/2011,22.3088125
2/8/2011,22.5506875
2/9/2011,22.695875
2/10/2011,23.012
2/11/2011,22.9043125
2/14/2011,22.962375
2/15/2011,22.953875
2/16/2011,22.9443125
2/17/2011,23.029875
2/18/2011,23.352625
2/22/2011,24.4621875
2/23/2011,25.2256875
2/24/2011,25.3221875
2/25/2011,24.819625
2/28/2011,24.8515
3/1/2011,25.3091875
3/2/2011,25.4643125
3/3/2011,24.759
3/4/2011,25.353
3/7/2011,25.6226875
3/8/2011,25.1168125
3/9/2011,25.1815
3/10/2011,25.9263125
3/11/2011,25.8135
3/14/2011,26.4318125
3/15/2011,26.8758125
3/16/2011,28.7156875
3/17/2011,27.933875
3/18/2011,27.176625
3/21/2011,25.864125
3/22/2011,25.5796875
3/23/2011,25.6346875
3/24/2011,25.388375
3/25/2011,25.2333125
3/28/2011,25.1935
3/29/2011,25.2681875
3/30/2011,24.841375
3/31/2011,24.8816875
4/1/2011,24.7046875
4/4/2011,24.6896875
4/5/2011,24.901375
4/6/2011,24.6353125
4/7/2011,24.841875
4/8/2011,24.7941875
4/11/2011,24.6098125
4/12/2011,24.997125
4/13/2011,25.0455
4/14/2011,25.4106875
4/15/2011,25.1816875
4/18/2011,25.642875
4/19/2011,25.219875
4/20/2011,23.968625
4/21/2011,24.487375
4/25/2011,24.5656875
4/26/2011,24.227625
4/27/2011,24.0825
4/28/2011,23.8931875
4/29/2011,23.797375
5/2/2011,24.0215
5/3/2011,24.334
5/4/2011,24.5925
5/5/2011,24.8821875
5/6/2011,24.7908125
5/9/2011,24.4821875
5/10/2011,24.575375
5/11/2011,24.874375
5/12/2011,24.443375
5/13/2011,24.5008125
5/16/2011,25.4755
5/17/2011,25.0535
5/18/2011,24.798375
5/19/2011,24.639
5/20/2011,24.317625
5/23/2011,25.0958125
5/24/2011,24.613875
5/25/2011,24.6453125
5/26/2011,24.3586875
5/27/2011,23.9601875
5/31/2011,23.9248125
6/1/2011,24.2245
6/2/2011,24.3808125
6/3/2011,24.535375
6/6/2011,25.0503125
6/7/2011,25.0056875
6/8/2011,25.208625
6/9/2011,24.808125
6/10/2011,25.2746875
6/13/2011,25.123125
6/14/2011,24.6828125
6/15/2011,25.4278125
6/16/2011,25.7928125
6/17/2011,25.921875
6/20/2011,25.764625
6/21/2011,25.064875
6/22/2011,24.8461875
6/23/2011,25.6585
6/24/2011,25.6588125
6/27/2011,25.2475
6/28/2011,25.025
6/29/2011,24.581625
6/30/2011,24.012
7/1/2011,23.4318125
7/5/2011,23.562375
7/6/2011,22.995125
7/7/2011,22.518125
7/8/2011,22.969125
7/11/2011,24.1963125
7/12/2011,24.309
7/13/2011,24.336375
7/14/2011,24.860875
7/15/2011,25.027
7/18/2011,25.4861875
7/19/2011,24.4981875
7/20/2011,24.684875
7/21/2011,24.512375
7/22/2011,23.760375
7/25/2011,24.1015
7/26/2011,24.104375
7/27/2011,25.047875
7/28/2011,24.9146875
7/29/2011,25.6781875
8/1/2011,26.1465
8/2/2011,26.020125
8/3/2011,26.1923125
8/4/2011,27.633375
8/5/2011,29.3671875
8/8/2011,32.510375
8/9/2011,31.3863125
8/10/2011,31.126125
8/11/2011,30.335125
8/12/2011,29.281875
8/15/2011,28.8388125
8/16/2011,28.6806875
8/17/2011,28.6
8/18/2011,30.355125
8/19/2011,32.092625
8/22/2011,31.523625
8/23/2011,30.608
8/24/2011,30.521125
8/25/2011,30.9841875
8/26/2011,29.8213125
8/29/2011,28.765375
8/30/2011,28.6018125
8/31/2011,28.406
9/1/2011,28.769625
9/2/2011,29.7378125
9/6/2011,30.428375
9/7/2011,29.5498125
9/8/2011,29.2538125
9/9/2011,31.079125
9/12/2011,31.8128125
9/13/2011,30.690625
9/14/2011,30.0783125
9/15/2011,29.666875
9/16/2011,28.5955
9/19/2011,29.3376875
9/20/2011,29.104875
9/21/2011,29.737
9/22/2011,32.2643125
9/23/2011,32.382125
9/26/2011,31.994625
9/27/2011,30.317
9/28/2011,31.3995
9/29/2011,32.4343125
9/30/2011,32.373
10/3/2011,34.0161875
10/4/2011,34.149375
10/5/2011,32.134
10/6/2011,31.383625
10/7/2011,31.204375
10/10/2011,30.0508125
10/11/2011,29.807625
10/12/2011,28.483875
10/13/2011,28.525
10/14/2011,28.4026875
10/17/2011,28.7746875
10/18/2011,28.5626875
10/19/2011,28.9416875
10/20/2011,28.5681875
10/21/2011,27.568
10/24/2011,26.702125
10/25/2011,26.910125
10/26/2011,27.3631875
10/27/2011,25.481
10/28/2011,25.341125
10/31/2011,25.557125
11/1/2011,27.355
11/2/2011,27.2573125
11/3/2011,26.4835
11/4/2011,26.491875
11/7/2011,26.404375
11/8/2011,25.8033125
11/9/2011,28.0586875
11/10/2011,27.885
11/11/2011,27.082625
11/14/2011,27.747375
11/15/2011,27.35
11/16/2011,27.4763125
11/17/2011,28.8315
11/18/2011,29.179625
11/21/2011,29.6953125
11/22/2011,29.567875
11/23/2011,30.1431875
11/25/2011,30.596375
11/28/2011,29.5633125
11/29/2011,29.4433125
11/30/2011,28.526
12/1/2011,28.031
12/2/2011,27.4876875
12/5/2011,27.1163125
12/6/2011,26.8276875
12/7/2011,26.972375
12/8/2011,27.429625
12/9/2011,26.6165
12/12/2011,26.820125
12/13/2011,26.2723125
12/14/2011,26.876625
12/15/2011,26.5318125
12/16/2011,26.3426875
12/19/2011,26.5358125
12/20/2011,25.849375
12/21/2011,26.043125
12/22/2011,25.459125
12/23/2011,25.4028125
12/27/2011,25.5343125
12/28/2011,25.8708125
12/29/2011,25.8195
12/30/2011,25.9688125
1/3/2012,25.2865
1/4/2012,24.934625
1/5/2012,24.684875
1/6/2012,24.210875
1/9/2012,24.341
1/10/2012,23.9758125
1/11/2012,24.1115
1/12/2012,24.1988125
1/13/2012,24.4371875
1/17/2012,24.0981875
1/18/2012,24.161125
1/19/2012,23.8246875
1/20/2012,22.1765
1/23/2012,22.7695
1/24/2012,22.924
1/25/2012,23.0026875
1/26/2012,23.112
1/27/2012,23.499625
1/30/2012,23.547
1/31/2012,23.5308125
2/1/2012,23.0486875
2/2/2012,23.0746875
2/3/2012,22.7703125
2/6/2012,22.637
2/7/2012,22.794375
2/8/2012,22.657375
2/9/2012,23.2735
2/10/2012,24.0368125
2/13/2012,24.054625
2/14/2012,24.5676875
2/15/2012,24.7508125
2/16/2012,24.1425
2/17/2012,24.0203125
2/21/2012,24.117625
2/22/2012,24.056
2/23/2012,23.8723125
2/24/2012,23.8831875
2/27/2012,23.802
2/28/2012,24.0273125
2/29/2012,24.062375
3/1/2012,24.379
3/2/2012,24.695375
3/5/2012,24.9201875
3/6/2012,25.686875
3/7/2012,25.2351875
3/8/2012,24.7853125
3/9/2012,24.6691875
3/12/2012,24.4863125
3/13/2012,23.9798125
3/14/2012,23.9956875
3/15/2012,23.9901875
3/16/2012,23.9793125
3/19/2012,23.7056875
3/20/2012,23.903625
3/21/2012,23.5401875
3/22/2012,23.676
3/23/2012,23.4555
3/26/2012,23.024125
3/27/2012,23.090625
3/28/2012,23.6095
3/29/2012,23.5375
3/30/2012,23.314125
4/2/2012,23.134375
4/3/2012,23.7675
4/4/2012,24.018125
4/5/2012,23.9478125
4/9/2012,24.304375
4/10/2012,25.283125
4/11/2012,25.3553125
4/12/2012,24.663875
4/13/2012,24.823625
4/16/2012,24.6086875
4/17/2012,24.2318125
4/18/2012,24.134375
4/19/2012,23.9721875
4/20/2012,23.4638125
4/23/2012,23.6733125
4/24/2012,23.4026875
4/25/2012,22.233
4/26/2012,22.1481875
4/27/2012,22.403
4/30/2012,22.513
5/1/2012,22.2858125
5/2/2012,22.4688125
5/3/2012,22.582
5/4/2012,23.276375
5/7/2012,23.396625
5/8/2012,24.1196875
5/9/2012,24.197875
5/10/2012,24.0983125
5/11/2012,23.9905
5/14/2012,24.6918125
5/15/2012,25.396375
5/16/2012,26.8676875
5/17/2012,27.732
5/18/2012,28.940375
5/21/2012,26.896
5/22/2012,26.51
5/23/2012,27.703375
5/24/2012,27.9116875
5/25/2012,27.37
5/29/2012,27.066125
5/30/2012,27.099625
5/31/2012,27.3483125
6/1/2012,28.6136875
6/4/2012,28.5981875
6/5/2012,28.016
6/6/2012,27.1646875
6/7/2012,26.770625
6/8/2012,26.5918125
6/11/2012,26.7671875
6/12/2012,27.225
6/13/2012,27.6443125
6/14/2012,28.0415
6/15/2012,26.9053125
6/18/2012,26.691375
6/19/2012,25.944625
6/20/2012,25.9235
6/21/2012,26.683125
6/22/2012,26.455875
6/25/2012,27.461125
6/26/2012,27.051375
6/27/2012,26.8056875
6/28/2012,27.1045
6/29/2012,25.8108125
7/2/2012,25.733125
7/3/2012,25.187625
7/5/2012,25.1283125
7/6/2012,25.8578125
7/9/2012,25.9618125
7/10/2012,25.8428125
7/11/2012,26.0545
7/12/2012,26.1075
7/13/2012,25.6248125
7/16/2012,25.809375
7/17/2012,25.6696875
7/18/2012,25.358625
7/19/2012,24.980125
7/20/2012,25.7481875
7/23/2012,26.4225
7/24/2012,26.778
7/25/2012,26.661875
7/26/2012,26.057125
7/27/2012,25.5678125
7/30/2012,25.637
7/31/2012,25.8726875
8/1/2012,25.608875
8/2/2012,25.7653125
8/3/2012,25.0391875
8/6/2012,24.828
8/7/2012,24.5531875
8/8/2012,24.564
8/9/2012,24.5885
8/10/2012,24.475375
8/13/2012,24.3205
8/14/2012,24.640625
8/15/2012,24.6143125
8/16/2012,24.5861875
8/17/2012,24.474125
8/20/2012,24.6863125
8/21/2012,24.8141875
8/22/2012,25.1698125
8/23/2012,25.6841875
8/24/2012,25.6603125
8/27/2012,25.4888125
8/28/2012,25.452
8/29/2012,25.854125
8/30/2012,26.5515
8/31/2012,26.497625
9/4/2012,27.3328125
9/5/2012,26.938
9/6/2012,26.322125
9/7/2012,26.180125
9/10/2012,25.8291875
9/11/2012,25.7595
9/12/2012,25.3105
9/13/2012,24.8941875
9/14/2012,24.6336875
9/17/2012,24.7071875
9/18/2012,24.7498125
9/19/2012,24.5381875
9/20/2012,24.3463125
9/21/2012,24.133875
9/24/2012,24.533375
9/25/2012,24.6145
9/26/2012,25.1818125
9/27/2012,25.012
9/28/2012,25.1043125
10/1/2012,25.1315
10/2/2012,25.1671875
10/3/2012,25.104625
10/4/2012,25.2335
10/5/2012,25.342
10/8/2012,25.4061875
10/9/2012,25.404875
10/10/2012,25.279125
10/11/2012,25.131125
10/12/2012,24.6971875
10/15/2012,24.8026875
10/16/2012,24.505875
10/17/2012,24.4175
10/18/2012,24.659625
10/19/2012,24.5311875
10/22/2012,24.8291875
10/23/2012,24.9046875
10/24/2012,24.814875
10/25/2012,24.839125
10/26/2012,24.870125
10/31/2012,25.163875
11/1/2012,24.469125
11/2/2012,24.573875
11/5/2012,24.782625
11/6/2012,24.591625
11/7/2012,25.1035
11/8/2012,25.234125
11/9/2012,25.2393125
11/12/2012,25.1735
11/13/2012,25.2656875
11/14/2012,25.2
11/15/2012,25.5075
11/16/2012,25.165375
11/19/2012,24.8
11/20/2012,24.628625
11/21/2012,23.8913125
11/23/2012,23.7016875
11/26/2012,23.768375
11/27/2012,23.8141875
11/28/2012,23.8488125
11/29/2012,23.654125
11/30/2012,24.0218125
12/3/2012,24.2231875
12/4/2012,24.3321875
12/5/2012,24.100125
12/6/2012,24.094375
12/7/2012,24.0885
12/10/2012,24.0198125
12/11/2012,23.616625
12/12/2012,23.6548125
12/13/2012,23.882125
12/14/2012,23.9503125
12/17/2012,23.820875
12/18/2012,23.567125
12/19/2012,23.747625
12/20/2012,23.757
12/21/2012,24.0221875
12/24/2012,24.071375
12/26/2012,24.1306875
12/27/2012,24.438875
12/28/2012,24.657375
12/31/2012,24.498375
1/2/2013,23.2793125
1/3/2013,23.1925
1/4/2013,23.216375
1/7/2013,23.072375
1/8/2013,23.28
1/9/2013,23.2098125
1/10/2013,23.1683125
1/11/2013,22.794625
1/14/2013,22.5233125
1/15/2013,22.6511875
1/16/2013,22.679625
1/17/2013,22.4366875
1/18/2013,22.5176875
1/22/2013,21.6798125
1/23/2013,21.5123125
1/24/2013,21.208625
1/25/2013,20.775625
1/28/2013,20.781375
1/29/2013,20.7545
1/30/2013,20.911375
1/31/2013,20.9206875
2/1/2013,20.979875
2/4/2013,21.2183125
2/5/2013,21.3595
2/6/2013,21.4068125
2/7/2013,21.6356875
2/8/2013,21.5348125
2/11/2013,21.3561875
2/12/2013,20.949625
2/13/2013,20.9043125
2/14/2013,20.8045
2/15/2013,20.9558125
2/19/2013,20.8905
2/20/2013,20.6485
2/21/2013,21.210375
2/22/2013,21.0915
2/25/2013,21.163125
2/26/2013,21.8223125
2/27/2013,21.214
2/28/2013,20.7485
3/1/2013,20.9835
3/4/2013,21.096875
3/5/2013,20.737125
3/6/2013,20.4516875
3/7/2013,20.174875
3/8/2013,20.1215
3/11/2013,19.7448125
3/12/2013,19.9081875
3/13/2013,19.908625
3/14/2013,19.783125
3/15/2013,19.866875
3/18/2013,19.9073125
3/19/2013,20.2623125
3/20/2013,20.141875
3/21/2013,20.6041875
3/22/2013,20.541625
3/25/2013,20.524375
3/26/2013,20.2698125
3/27/2013,20.166
3/28/2013,19.9335
4/1/2013,19.981875
4/2/2013,19.7763125
4/3/2013,20.050625
4/4/2013,20.4193125
4/5/2013,20.308125
4/8/2013,20.352375
4/9/2013,19.805625
4/10/2013,20.301625
4/11/2013,20.983125
4/12/2013,20.9906875
4/15/2013,21.223125
4/16/2013,21.451
4/17/2013,21.8216875
4/18/2013,22.1121875
4/19/2013,20.9415
4/22/2013,20.663375
4/23/2013,21.2573125
4/24/2013,21.397375
4/25/2013,21.846875
4/26/2013,21.683375
4/29/2013,21.7425
4/30/2013,21.4646875
5/1/2013,21.392625
5/2/2013,21.3071875
5/3/2013,20.938625
5/6/2013,20.597375
5/7/2013,20.5653125
5/8/2013,20.5631875
5/9/2013,20.646625
5/10/2013,20.8481875
5/13/2013,20.8321875
5/14/2013,20.8006875
5/15/2013,20.771125
5/16/2013,20.8036875
5/17/2013,20.6735
5/20/2013,20.8451875
5/21/2013,20.9848125
5/22/2013,21.1781875
5/23/2013,21.744
5/24/2013,21.728125
5/28/2013,21.708125
5/29/2013,21.9976875
5/30/2013,21.879
5/31/2013,22.09
6/3/2013,22.382875
6/4/2013,22.666875
6/5/2013,23.091375
6/6/2013,23.390625
6/7/2013,22.858625
6/10/2013,22.7826875
6/11/2013,23.1885
6/12/2013,23.341125
6/13/2013,23.361375
6/14/2013,23.5643125
6/17/2013,23.2916875
6/18/2013,23.0403125
6/19/2013,22.765375
6/20/2013,24.1585
6/21/2013,24.2895
6/24/2013,24.1536875
6/25/2013,24.213625
6/26/2013,23.9095
6/27/2013,23.5821875
6/28/2013,23.5613125
7/1/2013,23.605125
7/2/2013,24.0768125
7/3/2013,23.9918125
7/5/2013,23.717625
7/8/2013,23.924875
7/9/2013,23.5408125
7/10/2013,23.2853125
7/11/2013,22.739375
7/12/2013,22.8246875
7/15/2013,22.4093125
7/16/2013,22.5508125
7/17/2013,22.5093125
7/18/2013,22.4273125
7/19/2013,22.9201875
7/22/2013,22.4493125
7/23/2013,22.2016875
7/24/2013,22.221125
7/25/2013,22.602375
7/26/2013,22.6868125
7/29/2013,22.6761875
7/30/2013,22.634125
7/31/2013,22.3341875
8/1/2013,22.268875
8/2/2013,22.078375
8/5/2013,22.0311875
8/6/2013,22.007375
8/7/2013,22.2828125
8/8/2013,22.697375
8/9/2013,22.696625
8/12/2013,22.9126875
8/13/2013,23.0748125
8/14/2013,23.340625
8/15/2013,24.423375
8/16/2013,24.8645
8/19/2013,24.366875
8/20/2013,24.1428125
8/21/2013,24.1271875
8/22/2013,23.811
8/23/2013,22.9695
8/26/2013,23.382125
8/27/2013,23.872125
8/28/2013,24.053625
8/29/2013,24.3991875
8/30/2013,24.6611875
9/3/2013,25.1051875
9/4/2013,24.9678125
9/5/2013,24.796625
9/6/2013,24.923375
9/9/2013,24.340625
9/10/2013,24.675
9/11/2013,24.375375
9/12/2013,24.327875
9/13/2013,24.184125
9/16/2013,24.299375
9/17/2013,23.8968125
9/18/2013,23.794
9/19/2013,23.3581875
9/20/2013,23.5568125
9/23/2013,23.8326875
9/24/2013,23.6436875
9/25/2013,23.5455
9/26/2013,23.5701875
9/27/2013,23.611625
9/30/2013,23.725875
10/1/2013,23.545125
10/2/2013,23.5156875
10/3/2013,23.988875
10/4/2013,23.907
10/7/2013,24.4388125
10/8/2013,25.223
10/9/2013,25.0771875
10/10/2013,24.453875
10/11/2013,24.2766875
10/14/2013,23.9198125
10/15/2013,24.0631875
10/16/2013,23.9251875
10/17/2013,23.404625
10/18/2013,23.176
10/21/2013,23.251875
10/22/2013,23.580875
10/23/2013,24.2618125
10/24/2013,24.165125
10/25/2013,23.2998125
10/28/2013,23.265
10/29/2013,22.953875
10/30/2013,23.5461875
10/31/2013,23.5975
11/1/2013,23.4965
11/4/2013,23.5893125
11/5/2013,23.819
11/6/2013,24.049375
11/7/2013,24.1498125
11/8/2013,24.093625
11/11/2013,23.955375
11/12/2013,24.0601875
11/13/2013,24.189
11/14/2013,24.287
11/15/2013,24.312
11/18/2013,24.6548125
11/19/2013,24.6756875
11/20/2013,24.5805
11/21/2013,24.4451875
11/22/2013,24.690375
11/25/2013,24.6373125
11/26/2013,24.480375
11/27/2013,24.312125
11/29/2013,24.257625
12/2/2013,24.445
12/3/2013,24.427125
12/4/2013,24.302625
12/5/2013,25.0015
12/6/2013,24.5885
12/9/2013,24.497875
12/10/2013,24.6608125
12/11/2013,24.829125
12/12/2013,24.8486875
12/13/2013,25.310125
12/16/2013,25.162125
12/17/2013,24.8793125
12/18/2013,24.768625
12/19/2013,24.521125
12/20/2013,24.367875
12/23/2013,24.094875
12/24/2013,23.814625
12/26/2013,23.7416875
12/27/2013,23.5638125
12/30/2013,23.5658125
12/31/2013,23.603125
1/2/2014,23.8285
1/3/2014,23.620875
1/6/2014,23.7505
1/7/2014,23.566375
1/8/2014,23.697875
1/9/2014,23.7425
1/10/2014,23.5565
1/13/2014,23.5851875
1/14/2014,23.5223125
1/15/2014,23.4756875
1/16/2014,24.267875
1/17/2014,24.3231875
1/21/2014,23.944375
1/22/2014,23.9236875
1/23/2014,23.9
1/24/2014,23.7186875
1/27/2014,23.834625
1/28/2014,23.8006875
1/29/2014,24.0045
1/30/2014,23.875625
1/31/2014,23.4133125
2/3/2014,24.735625
2/4/2014,24.577125
2/5/2014,25.0743125
2/6/2014,24.599375
2/7/2014,24.0445
2/10/2014,23.889
2/11/2014,23.5636875
2/12/2014,23.3326875
2/13/2014,23.072
2/14/2014,22.733875
2/18/2014,22.7078125
2/19/2014,22.4966875
2/20/2014,22.403875
2/21/2014,22.289625
2/24/2014,21.875125
2/25/2014,21.871375
2/26/2014,21.9925
2/27/2014,22.075375
2/28/2014,21.898
3/3/2014,22.3636875
3/4/2014,22.1
3/5/2014,22.1593125
3/6/2014,22.0595
3/7/2014,22.0691875
3/10/2014,22.0956875
3/11/2014,21.9191875
3/12/2014,21.7923125
3/13/2014,22.1343125
3/14/2014,22.0226875
3/17/2014,22.1721875
3/18/2014,21.898625
3/19/2014,21.704625
3/20/2014,21.669375
3/21/2014,21.4418125
3/24/2014,21.6416875
3/25/2014,21.8233125
3/26/2014,21.331625
3/27/2014,21.796875
3/28/2014,21.579875
3/31/2014,21.525375
4/1/2014,21.7076875
4/2/2014,21.825875
4/3/2014,21.860625
4/4/2014,22.2271875
4/7/2014,22.266875
4/8/2014,22.142125
4/9/2014,22.0261875
4/10/2014,22.862125
4/11/2014,23.027125
4/14/2014,22.758125
4/15/2014,22.689
4/16/2014,22.289625
4/17/2014,21.958625
4/21/2014,21.5795
4/22/2014,21.4751875
4/23/2014,21.5811875
4/24/2014,21.689
4/25/2014,21.5101875
4/28/2014,21.447
4/29/2014,21.773625
4/30/2014,21.7691875
5/1/2014,21.258125
5/2/2014,21.3846875
5/5/2014,21.4183125
5/6/2014,21.692125
5/7/2014,21.3356875
5/8/2014,21.363625
5/9/2014,21.358875
5/12/2014,21.051
5/13/2014,21.103375
5/14/2014,20.967875
5/15/2014,21.277625
5/16/2014,20.940375
5/19/2014,20.8613125
5/20/2014,20.9711875
5/21/2014,20.5648125
5/22/2014,20.6558125
5/23/2014,20.7278125
5/27/2014,20.690125
5/28/2014,20.948125
5/29/2014,20.905
5/30/2014,21
6/2/2014,21.2103125
6/3/2014,21.351375
6/4/2014,21.2908125
6/5/2014,21.172375
6/6/2014,20.844
6/9/2014,21.0081875
6/10/2014,21.047625
6/11/2014,21.0636875
6/12/2014,21.0936875
6/13/2014,21.168
6/16/2014,21.2095
6/17/2014,21.0325
6/18/2014,21.0813125
6/19/2014,20.871
6/20/2014,20.6523125
6/23/2014,20.3188125
6/24/2014,20.335625
6/25/2014,20.271375
6/26/2014,20.3641875
6/27/2014,20.2311875
6/30/2014,20.6818125
7/1/2014,20.6683125
7/2/2014,20.621625
7/3/2014,20.6368125
7/7/2014,20.562875
7/8/2014,20.732875
7/9/2014,20.765625
7/10/2014,20.711125
7/11/2014,20.405375
7/14/2014,20.201625
7/15/2014,20.4705
7/16/2014,20.402375
7/17/2014,20.434875
7/18/2014,20.1811875
7/21/2014,20.408625
7/22/2014,20.5415
7/23/2014,20.1498125
7/24/2014,20.402375
7/25/2014,20.5643125
7/28/2014,20.7436875
7/29/2014,20.862875
7/30/2014,21.0483125
7/31/2014,21.399625
8/1/2014,21.7038125
8/4/2014,21.5798125
8/5/2014,22.0133125
8/6/2014,22.435625
8/7/2014,22.695125
8/8/2014,22.4825
8/11/2014,22.2605
8/12/2014,22.0238125
8/13/2014,21.5688125
8/14/2014,21.4675
8/15/2014,21.1493125
8/18/2014,20.7618125
8/19/2014,20.542625
8/20/2014,20.5566875
8/21/2014,20.4833125
8/22/2014,20.470375
8/25/2014,20.3151875
8/26/2014,20.277
8/27/2014,20.508875
8/28/2014,20.430375
8/29/2014,20.4756875
9/2/2014,20.843375
9/3/2014,20.5391875
9/4/2014,20.529875
9/5/2014,20.4725
9/8/2014,20.4525
9/9/2014,20.3415
9/10/2014,20.464
9/11/2014,20.259875
9/12/2014,20.587375
9/15/2014,20.6443125
9/16/2014,20.349875
9/17/2014,20.324375
9/18/2014,20.328125
9/19/2014,19.9553125
9/22/2014,19.934625
9/23/2014,20.173625
9/24/2014,20.116
9/25/2014,20.5555
9/26/2014,20.446375
9/29/2014,20.429625
9/30/2014,20.5958125
10/1/2014,20.923875
10/2/2014,20.994875
10/3/2014,20.868
10/6/2014,20.827125
10/7/2014,21.189375
10/8/2014,21.0426875
10/9/2014,21.4483125
10/10/2014,22.337125
10/13/2014,22.966125
10/14/2014,22.6026875
10/15/2014,23.2946875
10/16/2014,23.337875
10/17/2014,22.295625
10/20/2014,22.3926875
10/21/2014,21.840625
10/22/2014,21.7403125
10/23/2014,21.6855
10/24/2014,21.1661875
10/27/2014,21.131125
10/28/2014,20.95
10/29/2014,21.116625
10/30/2014,21.1691875
10/31/2014,21.085
11/3/2014,21.142875
11/4/2014,21.183625
11/5/2014,21.0985
11/6/2014,20.986875
11/7/2014,20.917375
11/10/2014,20.711
11/11/2014,20.741875
11/12/2014,20.8253125
11/13/2014,20.293875
11/14/2014,20.2618125
11/17/2014,20.475875
11/18/2014,20.448625
11/19/2014,20.595875
11/20/2014,20.551625
11/21/2014,20.4943125
11/24/2014,20.494875
11/25/2014,20.6208125
11/26/2014,20.645875
11/28/2014,20.6605
12/1/2014,20.8003125
12/2/2014,20.700875
12/3/2014,20.581625
12/4/2014,20.5311875
12/5/2014,20.551125
12/8/2014,20.813875
12/9/2014,21.0231875
12/10/2014,21.5623125
12/11/2014,21.8713125
12/12/2014,22.4396875
12/15/2014,22.9701875
12/16/2014,23.5365
12/17/2014,22.956
12/18/2014,22.3016875
12/19/2014,22.000375
12/22/2014,21.4805
12/23/2014,21.1506875
12/24/2014,21.144
12/26/2014,20.8261875
12/29/2014,21.018625
12/30/2014,21.022625
12/31/2014,21.198625
1/2/2015,21.3895
1/5/2015,22.1823125
1/6/2015,22.660375
1/7/2015,22.1413125
1/8/2015,21.890625
1/9/2015,21.5611875
1/12/2015,22.0635
1/13/2015,21.971
1/14/2015,22.4045
1/15/2015,23.0906875
1/16/2015,22.3316875
1/20/2015,21.7291875
1/21/2015,21.4506875
1/22/2015,20.696625
1/23/2015,20.474625
1/26/2015,20.8683125
1/27/2015,21.4378125
1/28/2015,22.3726875
1/29/2015,21.8995
1/30/2015,23.2158125
2/2/2015,22.639375
2/3/2015,21.8398125
2/4/2015,21.9863125
2/5/2015,21.523
2/6/2015,21.817875
2/9/2015,21.833875
2/10/2015,21.629125
2/11/2015,22.026625
2/12/2015,21.834875
2/13/2015,21.321375
2/17/2015,21.5836875
2/18/2015,21.510125
2/19/2015,21.662375
2/20/2015,21.327125
2/23/2015,21.091125
2/24/2015,21.092375
2/25/2015,20.8836875
2/26/2015,20.5573125
2/27/2015,20.6655
3/2/2015,20.655625
3/3/2015,20.9708125
3/4/2015,21.4003125
3/5/2015,21.0463125
3/6/2015,21.382375
3/9/2015,21.2096875
3/10/2015,21.7845
3/11/2015,21.8873125
3/12/2015,22.056375
3/13/2015,22.163875
3/16/2015,21.9278125
3/17/2015,21.7966875
3/18/2015,21.6251875
3/19/2015,21.321875
3/20/2015,20.6476875
3/23/2015,20.6826875
3/24/2015,20.6803125
3/25/2015,21.4381875
3/26/2015,21.6111875
3/27/2015,21.818375
3/30/2015,21.578
3/31/2015,21.780375
4/1/2015,22.0543125
4/2/2015,22.2153125
4/6/2015,21.6035
4/7/2015,21.365875
4/8/2015,21.325875
4/9/2015,21.233375
4/10/2015,20.871
4/13/2015,20.6881875
4/14/2015,20.889125
4/15/2015,20.631
4/16/2015,20.7773125
4/17/2015,21.2385
4/20/2015,20.983875
4/21/2015,21.056875
4/22/2015,20.9933125
4/23/2015,20.9178125
4/24/2015,20.015625
4/27/2015,20.774625
4/28/2015,20.9216875
4/29/2015,21.3275
4/30/2015,21.556375
5/1/2015,21.7491875
5/4/2015,21.586625
5/5/2015,21.880125
5/6/2015,22.248625
5/7/2015,22.172
5/8/2015,21.9888125
5/11/2015,22.060625
5/12/2015,22.259875
5/13/2015,22.287375
5/14/2015,22.0263125
5/15/2015,21.8181875
5/18/2015,21.941625
5/19/2015,22.317375
5/20/2015,22.3551875
5/21/2015,22.423875
5/22/2015,22.877125
5/26/2015,22.745375
5/27/2015,22.4925
5/28/2015,22.456375
5/29/2015,22.5693125
6/1/2015,22.789875
6/2/2015,22.8376875
6/3/2015,22.806125
6/4/2015,22.9263125
6/5/2015,23.0173125
6/8/2015,23.122
6/9/2015,23.2041875
6/10/2015,22.695125
6/11/2015,22.5661875
6/12/2015,22.614625
6/15/2015,22.9043125
6/16/2015,22.7345
6/17/2015,22.711375
6/18/2015,22.572375
6/19/2015,22.477875
6/22/2015,22.0763125
6/23/2015,22.278625
6/24/2015,22.078125
6/25/2015,22.0928125
6/26/2015,22.1393125
6/29/2015,23.1363125
6/30/2015,23.021875
7/1/2015,22.717125
7/2/2015,22.776
7/6/2015,22.82
7/7/2015,22.8821875
7/8/2015,23.1836875
7/9/2015,23.0758125
7/10/2015,22.426125
7/13/2015,22.141375
7/14/2015,21.8585
7/15/2015,21.819125
7/16/2015,21.432125
7/17/2015,21.665125
7/20/2015,21.580375
7/21/2015,21.888375
7/22/2015,21.488625
7/23/2015,21.4625
7/24/2015,21.6178125
7/27/2015,22.0676875
7/28/2015,21.686375
7/29/2015,21.575375
7/30/2015,21.535375
7/31/2015,21.5953125
8/3/2015,21.7515
8/4/2015,21.9301875
8/5/2015,21.985375
8/6/2015,22.295375
8/7/2015,22.3971875
8/10/2015,22.102875
8/11/2015,22.3798125
8/12/2015,22.4116875
8/13/2015,22.404875
8/14/2015,22.2938125
8/17/2015,22.1761875
8/18/2015,22.193625
8/19/2015,22.2511875
8/20/2015,23.169375
8/21/2015,24.629875
8/24/2015,27.4975
8/25/2015,27.3345
8/26/2015,25.5293125
8/27/2015,25.025875
8/28/2015,25.325
8/31/2015,25.4603125
9/1/2015,27.559625
9/2/2015,26.711875
9/3/2015,26.502375
9/4/2015,27.2881875
9/8/2015,26.273875
9/9/2015,26.372375
9/10/2015,25.792125
9/11/2015,25.741375
9/14/2015,25.9733125
9/15/2015,25.029125
9/16/2015,24.218375
9/17/2015,24.008125
9/18/2015,24.5125
9/21/2015,23.8681875
9/22/2015,24.589
9/23/2015,24.420875
9/24/2015,24.227625
9/25/2015,24.2703125
9/28/2015,25.0981875
9/29/2015,25.187875
9/30/2015,24.515375
10/1/2015,24.485625
10/2/2015,24.0741875
10/5/2015,23.3163125
10/6/2015,23.3371875
10/7/2015,23.4388125
10/8/2015,23.0033125
10/9/2015,22.7323125
10/12/2015,22.8135
10/13/2015,22.6933125
10/14/2015,23.0413125
10/15/2015,22.5751875
10/16/2015,22.272625
10/19/2015,22.5106875
10/20/2015,23.1306875
10/21/2015,22.987375
10/22/2015,23.1483125
10/23/2015,21.7253125
10/26/2015,21.929
10/27/2015,21.951
10/28/2015,21.727875
10/29/2015,21.831
10/30/2015,22.1106875
11/2/2015,21.995
11/3/2015,21.931875
11/4/2015,22.0116875
11/5/2015,22.206125
11/6/2015,22.112125
11/9/2015,22.3686875
11/10/2015,22.351375
11/11/2015,22.2293125
11/12/2015,22.813
11/13/2015,23.3936875
11/16/2015,23.174125
11/17/2015,23.2125
11/18/2015,22.968625
11/19/2015,23.0196875
11/20/2015,22.8283125
11/23/2015,22.6576875
11/24/2015,22.7743125
11/25/2015,22.6248125
11/27/2015,22.6991875
11/30/2015,22.780375
12/1/2015,22.7171875
12/2/2015,22.9256875
12/3/2015,23.2263125
12/4/2015,22.720375
12/7/2015,22.7501875
12/8/2015,22.973
12/9/2015,23.212375
12/10/2015,23.333625
12/11/2015,24.489
12/14/2015,25.4583125
12/15/2015,24.342
12/16/2015,24.033375
12/17/2015,23.719625
12/18/2015,24.3356875
12/21/2015,24.257375
12/22/2015,23.9606875
12/23/2015,23.616625
12/24/2015,23.312875
12/28/2015,23.522125
12/29/2015,23.2321875
12/30/2015,23.270375
12/31/2015,23.46
1/4/2016,24.5106875
1/5/2016,23.9751875
1/6/2016,24.615875
1/7/2016,26.3683125
1/8/2016,26.2205
1/11/2016,25.8655
1/12/2016,25.4503125
1/13/2016,26.1586875
1/14/2016,25.8201875
1/15/2016,26.925
1/19/2016,26.717375
1/20/2016,27.914125
1/21/2016,27.5925
1/22/2016,26.267375
1/25/2016,26.7028125
1/26/2016,26.4456875
1/27/2016,27.1403125
1/28/2016,27.1035
1/29/2016,25.5453125
2/1/2016,25.578375
2/2/2016,26.437625
2/3/2016,26.8538125
2/4/2016,26.8
2/5/2016,28.424125
2/8/2016,29.6896875
2/9/2016,29.9933125
2/10/2016,29.617125
2/11/2016,30.196125
2/12/2016,29.3551875
2/16/2016,28.6
2/17/2016,27.7083125
2/18/2016,27.521875
2/19/2016,27.1858125
2/22/2016,26.3738125
2/23/2016,26.774125
2/24/2016,26.988125
2/25/2016,26.603875
2/26/2016,26.9001875
2/29/2016,26.8476875
3/1/2016,25.8296875
3/2/2016,25.6788125
3/3/2016,25.454875
3/4/2016,25.5096875
3/7/2016,25.944125
3/8/2016,25.892875
3/9/2016,25.8436875
3/10/2016,26.1005
3/11/2016,25.6371875
3/14/2016,25.4671875
3/15/2016,25.5476875
3/16/2016,24.8461875
3/17/2016,24.4518125
3/18/2016,24.6955
3/21/2016,24.5393125
3/22/2016,24.404625
3/23/2016,25.001125
3/24/2016,25.293875
3/28/2016,25.415125
3/29/2016,24.4181875
3/30/2016,23.550375
3/31/2016,23.894875
4/1/2016,23.691625
4/4/2016,23.875375
4/5/2016,24.423875
4/6/2016,24.150375
4/7/2016,24.634
4/8/2016,24.3876875
4/11/2016,24.2543125
4/12/2016,24.287125
4/13/2016,23.773875
4/14/2016,23.554375
4/15/2016,23.2943125
4/18/2016,22.6606875
4/19/2016,22.8698125
4/20/2016,22.9173125
4/21/2016,23.173125
4/22/2016,23.559875
4/25/2016,23.606625
4/26/2016,23.7686875
4/27/2016,23.8885
4/28/2016,24.118125
4/29/2016,24.292875
5/2/2016,24.0358125
5/3/2016,24.502
5/4/2016,24.9111875
5/5/2016,25.1613125
5/6/2016,25.0318125
5/9/2016,24.8403125
5/10/2016,24.417875
5/11/2016,24.5443125
5/12/2016,24.3968125
5/13/2016,24.501375
5/16/2016,24.1
5/17/2016,24.757
5/18/2016,24.6596875
5/19/2016,24.8433125
5/20/2016,24.5191875
5/23/2016,24.4795
5/24/2016,24.0071875
5/25/2016,23.654625
5/26/2016,23.7491875
5/27/2016,23.476875
5/31/2016,23.6098125
6/1/2016,23.535625
6/2/2016,23.524625
6/3/2016,23.7293125
6/6/2016,23.732375
6/7/2016,23.7195
6/8/2016,23.8403125
6/9/2016,24.1058125
6/10/2016,24.745875
6/13/2016,25.665375
6/14/2016,26.100875
6/15/2016,25.9755
6/16/2016,25.8511875
6/17/2016,25.981875
6/20/2016,25.142
6/21/2016,24.608875
6/22/2016,24.7263125
6/23/2016,24.0646875
6/24/2016,26.2655
6/27/2016,27.151375
6/28/2016,25.946375
6/29/2016,25.1145
6/30/2016,24.5958125
7/1/2016,24.273875
7/5/2016,24.3961875
7/6/2016,24.3608125
7/7/2016,24.3653125
7/8/2016,23.484375
7/11/2016,23.3188125
7/12/2016,23.1326875
7/13/2016,22.9658125
7/14/2016,22.832375
7/15/2016,22.718125
7/18/2016,22.6773125
7/19/2016,23.106875
7/20/2016,21.591875
7/21/2016,21.792375
7/22/2016,21.6926875
7/25/2016,21.742125
7/26/2016,21.9648125
7/27/2016,22.149
7/28/2016,22.1378125
7/29/2016,21.9101875
8/1/2016,22.1506875
8/2/2016,22.211625
8/3/2016,22.1448125
8/4/2016,22.0685
8/5/2016,21.8131875
8/8/2016,21.790875
8/9/2016,21.7576875
8/10/2016,21.7066875
8/11/2016,21.6145
8/12/2016,21.697125
8/15/2016,21.307
8/16/2016,21.5606875
8/17/2016,21.684125
8/18/2016,21.460125
8/19/2016,21.685375
8/22/2016,21.4721875
8/23/2016,21.4553125
8/24/2016,21.7168125
8/25/2016,21.767875
8/26/2016,21.813375
8/29/2016,21.7651875
8/30/2016,21.757
8/31/2016,21.9116875
9/1/2016,22.1221875
9/2/2016,21.9155
9/6/2016,21.7721875
9/7/2016,21.7881875
9/8/2016,21.8068125
9/9/2016,22.577875
9/12/2016,22.3873125
9/13/2016,22.8571875
9/14/2016,23.0546875
9/15/2016,22.6613125
9/16/2016,22.858875
9/19/2016,22.927
9/20/2016,22.860375
9/21/2016,23.3325
9/22/2016,22.2165
9/23/2016,22.1401875
9/26/2016,22.556875
9/27/2016,22.3018125
9/28/2016,22.352625
9/29/2016,22.512125
9/30/2016,22.2215
10/3/2016,22.2998125
10/4/2016,22.462625
10/5/2016,22.296875
10/6/2016,22.2775
10/7/2016,22.344375
10/10/2016,22.049
10/11/2016,22.5513125
10/12/2016,22.3303125
10/13/2016,22.609875
10/14/2016,22.4601875
10/17/2016,22.4948125
10/18/2016,22.3015
10/19/2016,22.3993125
10/20/2016,23.1175
10/21/2016,21.623625
10/24/2016,21.256875
10/25/2016,21.409625
10/26/2016,21.649375
10/27/2016,21.8348125
10/28/2016,22.159375
10/31/2016,22.1431875
11/1/2016,22.601
11/2/2016,22.8508125
11/3/2016,23.049
11/4/2016,23.1958125
11/7/2016,22.3953125
11/8/2016,22.3943125
11/9/2016,22.451125
11/10/2016,22.6153125
11/11/2016,22.6895
11/14/2016,23.2118125
11/15/2016,22.8485
11/16/2016,22.700125
11/17/2016,22.644125
11/18/2016,22.791625
11/21/2016,22.958375
11/22/2016,22.7915
11/23/2016,23.1508125
11/25/2016,22.983625
11/28/2016,23.153625
11/29/2016,23.090125
11/30/2016,23.2433125
12/1/2016,24.121875
12/2/2016,23.8306875
12/5/2016,23.569
12/6/2016,23.6105
12/7/2016,23.4708125
12/8/2016,23.6358125
12/9/2016,23.440125
12/12/2016,23.515
12/13/2016,23.462125
12/14/2016,23.548875
12/15/2016,23.4998125
12/16/2016,23.2473125
12/19/2016,23.1585
12/20/2016,23.2246875
12/21/2016,23.2488125
12/22/2016,23.4033125
12/23/2016,23.5833125
12/27/2016,23.5735
12/28/2016,23.700125
12/29/2016,23.826125
12/30/2016,23.9561875
1/3/2017,23.672375
1/4/2017,23.583125
1/5/2017,23.242875
1/6/2017,23.041125
1/9/2017,23.096
1/10/2017,23.0486875
1/11/2017,23.0833125
1/12/2017,23.3513125
1/13/2017,23.3575
1/17/2017,23.245375
1/18/2017,22.986875
1/19/2017,22.9745
1/20/2017,22.2398125
1/23/2017,22.123375
1/24/2017,22.000625
1/25/2017,21.9361875
1/26/2017,22.4333125
1/27/2017,21.324625
1/30/2017,21.8558125
1/31/2017,22.169875
2/1/2017,22.4298125
2/2/2017,22.5701875
2/3/2017,22.306
2/6/2017,22.248875
2/7/2017,22.357
2/8/2017,22.394875
2/9/2017,22.3281875
2/10/2017,22.0748125
2/13/2017,21.784
2/14/2017,21.970875
2/15/2017,21.743125
2/16/2017,21.5608125
2/17/2017,21.6828125
2/21/2017,21.790875
2/22/2017,21.8285
2/23/2017,21.890125
2/24/2017,21.9723125
2/27/2017,22.197
2/28/2017,22.2633125
3/1/2017,21.9458125
3/2/2017,22.4128125
3/3/2017,22.2058125
3/6/2017,22.1265
3/7/2017,21.9925
3/8/2017,21.908125
3/9/2017,21.9875
3/10/2017,21.862125
3/13/2017,21.9436875
3/14/2017,21.6046875
3/15/2017,21.501
3/16/2017,21.6015
3/17/2017,21.426625
3/20/2017,21.1496875
3/21/2017,21.395875
3/22/2017,21.230125
3/23/2017,21.059
3/24/2017,20.8863125
3/27/2017,21.0325
3/28/2017,20.857375
3/29/2017,20.532875
3/30/2017,20.7936875
3/31/2017,20.639875
4/3/2017,20.739625
4/4/2017,20.697
4/5/2017,20.5586875
4/6/2017,20.476375
4/7/2017,20.5905
4/10/2017,20.8375
4/11/2017,21.269125
4/12/2017,21.339375
4/13/2017,21.2881875
4/17/2017,21.2411875
4/18/2017,21.6531875
4/19/2017,21.528625
4/20/2017,21.136125
4/21/2017,21.1505
4/24/2017,20.286875
4/25/2017,20.213625
4/26/2017,20.4531875
4/27/2017,20.488
4/28/2017,19.6506875
5/1/2017,19.139875
5/2/2017,19.489
5/3/2017,19.474125
5/4/2017,19.448625
5/5/2017,19.515875
5/8/2017,19.7051875
5/9/2017,19.886125
5/10/2017,19.7975
5/11/2017,20.0845
5/12/2017,20.078875
5/15/2017,20.0701875
5/16/2017,19.9801875
5/17/2017,20.877375
5/18/2017,20.803875
5/19/2017,20.8801875
5/22/2017,20.860125
5/23/2017,20.819875
5/24/2017,20.823
5/25/2017,20.654875
5/26/2017,20.5365
5/30/2017,20.410375
5/31/2017,20.5553125
6/1/2017,20.4651875
6/2/2017,20.221625
6/5/2017,20.1798125
6/6/2017,20.459875
6/7/2017,20.353125
6/8/2017,20.448375
6/9/2017,21.526125
6/12/2017,21.371375
6/13/2017,20.915375
6/14/2017,21.117125
6/15/2017,21.2038125
6/16/2017,21.0423125
6/19/2017,21.006875
6/20/2017,21.236875
6/21/2017,21.3596875
6/22/2017,21.3903125
6/23/2017,21.1771875
6/26/2017,21.341375
6/27/2017,22.2701875
6/28/2017,21.5813125
6/29/2017,22.1488125
6/30/2017,21.5251875
7/3/2017,21.7608125
7/5/2017,21.699
7/6/2017,21.975125
7/7/2017,21.5033125
7/10/2017,21.295375
7/11/2017,21.4108125
7/12/2017,20.9983125
7/13/2017,20.825375
7/14/2017,20.725625
7/17/2017,20.9031875
7/18/2017,21.2783125
7/19/2017,21.421125
7/20/2017,21.0701875
7/21/2017,20.4698125
7/24/2017,20.2493125
7/25/2017,20.3121875
7/26/2017,20.2261875
7/27/2017,20.510875
7/28/2017,20.538
7/31/2017,20.519
8/1/2017,20.392625
8/2/2017,20.3513125
8/3/2017,20.5331875
8/4/2017,20.318375
8/7/2017,20.3645
8/8/2017,20.746125
8/9/2017,20.8115
8/10/2017,21.394375
8/11/2017,21.3638125
8/14/2017,20.2333125
8/15/2017,20.3518125
8/16/2017,20.0566875
8/17/2017,20.652625
8/18/2017,20.585875
8/21/2017,20.4095
8/22/2017,20.396375
8/23/2017,20.4648125
8/24/2017,20.5253125
8/25/2017,20.335875
8/28/2017,20.2548125
8/29/2017,20.374875
8/30/2017,20.276375
8/31/2017,20.2225
9/1/2017,20.109125
9/5/2017,20.638375
9/6/2017,20.464625
9/7/2017,20.4586875
9/8/2017,20.6233125
9/11/2017,20.670375
9/12/2017,20.592375
9/13/2017,20.4431875
9/14/2017,20.6591875
9/15/2017,20.494375
9/18/2017,20.392875
9/19/2017,20.5571875
9/20/2017,20.7978125
9/21/2017,20.5221875
9/22/2017,20.487375
9/25/2017,20.784
9/26/2017,20.698375
9/27/2017,20.514375
9/28/2017,20.5128125
9/29/2017,20.203125
10/2/2017,20.169
10/3/2017,20.3968125
10/4/2017,20.3963125
10/5/2017,20.2041875
10/6/2017,20.1515
10/9/2017,19.9121875
10/10/2017,20.1586875
10/11/2017,20.0593125
10/12/2017,19.9008125
10/13/2017,19.9781875
10/16/2017,19.946875
10/17/2017,20.0406875
10/18/2017,19.7398125
10/19/2017,19.91
10/20/2017,19.799875
10/23/2017,20.3923125
10/24/2017,20.1068125
10/25/2017,20.205875
10/26/2017,20.2358125
10/27/2017,19.4565
10/30/2017,20.1018125
10/31/2017,20.3095
11/1/2017,20.130875
11/2/2017,19.971375
11/3/2017,20.0026875
11/6/2017,20.165375
11/7/2017,20.336125
11/8/2017,20.330375
11/9/2017,20.6965
11/10/2017,21.1313125
11/13/2017,21.1261875
11/14/2017,21.073125
11/15/2017,21.234875
11/16/2017,20.945625
11/17/2017,21.199875
11/20/2017,21.0481875
11/21/2017,20.7628125
11/22/2017,20.605625
11/24/2017,20.536625
11/27/2017,20.709875
11/28/2017,20.5701875
11/29/2017,21.0111875
11/30/2017,20.925875
12/1/2017,21.764
12/4/2017,23.0781875
12/5/2017,22.6113125
12/6/2017,21.947625
12/7/2017,22.045125
12/8/2017,22.381625
